user_id,amount,hour_of_day,pin_attempts,is_new_location,txn_frequency_10min,amount_vs_avg,label
108,16517,13,1,0,10,0.101,0
38,3663,12,1,0,3,0.267,0
127,1075,15,1,0,10,0.283,0
120,1153,9,1,0,5,0.231,0
69,6364,21,1,1,10,0.273,0
192,5649,13,1,1,10,0.13,0
84,13328,21,1,1,10,0.111,0
22,3375,8,1,1,10,0.325,0
92,3949,14,1,0,1,0.21,0
6,14010,13,1,0,10,0.066,0
164,4897,23,1,0,7,0.021,1
8,2002,7,1,0,10,0.335,0
42,4928,10,1,1,7,2.285,1
174,1799,13,1,0,10,0.199,0
145,8751,13,1,0,10,0.75,0
64,1157,16,1,0,10,0.229,0
51,8427,13,1,0,6,0.438,0
14,20791,1,1,0,10,0.386,1
199,1408,15,1,0,10,0.061,0
127,2241,11,1,0,10,0.494,0
190,12063,11,1,1,10,0.196,0
147,1556,10,1,0,10,0.037,0
192,5756,11,1,0,10,0.151,0
31,13107,9,2,0,10,0.126,0
184,15649,13,1,0,7,0.043,1
61,6082,1,1,0,10,0.216,1
35,11010,12,1,0,10,0.266,0
63,5115,13,1,0,7,0.023,0
39,6530,19,1,0,10,0.306,0
30,15936,20,1,0,10,0.062,0
39,4134,17,1,0,2,0.173,0
178,862,15,1,0,10,0.425,0
177,1408,12,1,0,10,0.061,0
51,15728,12,1,0,10,0.049,0
159,4231,15,1,0,10,0.154,0
87,6822,15,1,1,10,0.364,0
87,8257,17,1,0,10,0.651,0
44,11650,11,1,0,8,0.223,0
35,14101,10,1,0,5,0.06,0
112,2620,10,1,0,10,0.747,0
33,1577,15,1,0,10,0.051,0
115,2705,9,1,0,10,0.459,0
99,5264,14,1,0,6,0.053,0
119,1133,11,1,0,5,0.245,0
170,964,14,1,0,10,0.357,0
25,6004,8,1,0,1,0.201,0
61,3291,12,1,0,10,0.342,0
27,10896,14,1,0,10,0.274,0
47,18536,6,1,0,2,0.236,0
106,18357,16,1,0,4,0.224,0
87,15316,9,1,1,10,2.063,1
76,5310,11,1,1,10,2.54,1
120,1304,15,1,0,7,0.131,0
123,1073,14,1,0,10,0.285,0
194,18746,11,1,0,10,0.25,0
55,1564,12,1,0,10,0.043,0
198,17644,18,1,0,10,0.176,0
152,2402,8,1,0,10,0.601,0
176,14684,13,1,0,10,0.021,0
133,1261,13,1,0,10,0.159,0
85,1246,12,1,0,10,0.169,0
158,4479,12,1,1,10,0.104,0
55,1777,14,1,0,10,0.185,0
139,7147,15,1,0,7,0.429,0
62,5882,11,1,0,5,0.176,0
25,6583,14,1,0,10,0.317,0
190,11651,18,1,0,10,0.223,0
80,1230,7,1,0,10,0.18,0
171,8719,16,1,0,2,0.419,0
104,6879,2,3,1,7,3.586,1
66,5489,15,1,0,10,0.098,0
48,1787,17,1,0,10,0.191,0
91,1369,15,2,1,10,0.087,0
153,4368,16,1,0,10,0.126,0
154,1269,10,1,0,10,0.154,0
27,19719,8,1,0,10,0.315,0
29,6046,14,1,0,10,0.209,0
24,1441,13,1,0,10,0.039,0
189,7118,16,1,0,10,0.424,0
9,1180,14,1,0,10,0.213,0
2,6728,16,1,0,10,0.346,0
45,1617,14,1,0,7,0.078,1
156,1795,15,1,0,10,0.197,0
83,6392,13,2,0,10,0.278,0
117,5223,16,1,1,10,0.045,0
157,1073,18,1,1,10,0.285,0
184,17022,13,1,0,10,0.135,0
186,6066,17,1,0,10,0.213,0
184,18461,11,1,0,10,0.231,0
4,62851,2,3,1,10,3.19,1
146,6535,4,1,0,7,0.307,1
86,3682,16,1,0,10,0.264,0
54,910,15,1,0,10,0.393,0
135,3944,6,1,0,10,0.211,0
0,18366,12,1,0,10,0.224,0
178,1896,15,1,0,10,0.264,0
136,5669,13,1,0,10,0.134,0
159,3970,23,1,0,10,0.206,1
8,2140,10,1,0,10,0.427,0
117,5618,9,1,0,10,0.124,0
134,16885,10,1,0,3,0.126,0
88,52160,10,1,1,7,2.477,1
101,4679,6,1,0,10,0.064,0
173,7086,10,1,0,10,0.417,0
199,5311,14,1,1,10,2.541,1
113,18408,12,2,0,10,0.227,0
102,1290,14,1,0,10,0.14,0
183,1332,18,1,0,1,0.112,0
91,1625,10,1,0,10,0.083,0
102,1357,9,1,0,10,0.095,0
118,17533,12,1,0,7,0.169,0
10,1127,17,1,0,10,0.249,0
99,5213,11,1,0,10,0.043,0
84,18212,8,1,0,10,0.214,0
117,5204,22,1,0,1,0.041,0
21,2679,0,1,0,7,0.786,1
8,1024,16,1,0,10,0.317,0
131,18774,13,1,0,10,0.252,0
44,54622,5,2,1,7,2.641,1
86,19727,5,4,1,10,2.945,1
162,826,11,1,0,10,0.449,0
86,7280,10,1,1,10,0.456,0
143,16139,19,1,0,10,0.076,0
142,1219,10,1,0,0,0.187,0
32,3436,11,1,0,10,0.313,0
100,2400,16,1,0,10,0.6,0
139,6449,9,1,0,10,0.29,0
26,4430,15,1,1,10,0.114,0
45,100,15,1,0,10,0.933,0
33,1687,9,1,0,0,0.125,0
102,1049,22,1,0,10,0.301,0
167,16852,15,1,0,8,0.123,0
78,5516,12,1,0,10,0.103,0
96,981,19,1,0,10,0.346,0
27,11149,17,1,0,10,0.257,0
163,4495,22,1,0,10,0.101,0
148,1541,13,2,1,10,0.027,0
80,615,16,1,0,10,0.59,0
0,11898,19,1,0,10,0.207,0
4,18560,9,1,0,2,0.237,0
60,17699,13,2,0,2,0.18,0
28,14856,9,2,0,6,0.01,0
65,12361,13,1,0,10,0.176,0
174,2409,16,1,1,10,0.606,0
27,8559,10,1,0,10,0.429,0
26,21717,4,3,1,10,3.343,1
77,4857,18,1,0,7,0.029,1
179,2146,11,1,1,10,0.431,0
111,13868,12,1,0,10,0.075,0
125,1480,17,1,0,10,0.013,0
108,16207,14,1,0,10,0.08,0
91,1647,17,1,0,10,0.098,0
120,100,7,1,0,10,0.933,0
144,2173,15,1,1,8,0.449,0
72,1525,15,1,0,10,0.017,0
61,4726,7,1,0,10,0.055,0
182,950,12,1,0,10,0.367,0
67,19166,7,1,0,10,0.278,0
43,4705,12,1,0,2,0.059,0
147,1026,21,1,0,8,0.316,0
152,2383,16,1,0,10,0.589,0
56,4538,15,1,0,9,0.092,0
129,830,13,1,0,10,0.447,0
183,2301,15,1,0,10,0.534,0
11,11975,12,1,0,10,0.202,0
162,2191,12,1,0,10,0.461,0
35,62372,2,3,1,10,3.158,1
37,1846,8,1,0,7,0.231,0
196,646,11,1,0,6,0.569,0
6,11212,21,1,0,10,0.253,0
199,2098,13,1,0,10,0.399,0
169,5473,6,1,1,10,0.095,0
47,14848,14,1,0,10,0.01,0
150,5338,20,1,0,7,0.068,1
19,2372,9,1,1,10,0.526,0
128,1677,14,1,0,10,0.118,0
14,9005,16,1,0,10,0.4,0
13,15220,18,1,0,10,0.015,0
185,15665,15,1,0,10,0.044,0
51,18100,13,1,0,10,0.207,0
151,3827,18,1,0,10,0.235,0
17,2889,13,1,0,10,0.422,0
32,4645,12,1,0,10,0.071,0
176,21774,14,1,0,10,0.452,0
82,10532,10,1,0,10,0.298,0
154,487,12,1,1,6,0.675,0
102,1166,18,1,0,10,0.223,0
35,16575,15,1,0,10,0.105,0
149,4476,12,1,0,2,0.105,0
195,3781,22,1,0,10,0.244,0
133,1552,17,1,1,2,0.035,0
111,12807,16,1,0,10,0.146,0
113,10764,10,1,0,10,0.282,0
20,3906,10,1,0,10,0.219,0
37,1043,13,1,0,10,0.305,0
160,5082,17,1,0,10,0.016,0
97,8776,14,1,0,5,0.415,0
10,1962,13,2,0,10,0.308,0
188,14882,15,1,0,6,0.008,0
192,2998,14,1,0,2,0.4,0
101,6289,12,1,0,10,0.258,0
144,2622,6,1,0,10,0.748,0
40,6779,17,2,0,10,0.356,0
37,1333,15,1,0,9,0.111,0
84,10476,12,1,0,10,0.302,0
17,5466,14,1,1,7,0.093,0
198,13354,14,1,0,6,0.11,0
44,18380,12,1,0,7,0.225,0
17,6073,15,2,0,9,0.215,0
192,5430,12,1,0,10,0.086,0
128,1537,21,1,0,10,0.025,0
81,9276,13,1,0,1,0.382,0
64,1517,10,1,0,7,0.011,0
9,614,17,1,0,10,0.591,0
178,804,17,1,0,10,0.464,0
62,5816,6,1,0,10,0.163,0
104,1737,10,1,1,10,0.158,0
6,17145,13,1,0,6,0.143,0
161,1733,13,1,0,10,0.155,0
0,15176,22,1,0,10,0.012,0
80,1698,9,2,1,8,0.132,0
113,20301,11,1,0,10,0.353,0
155,19026,15,1,0,10,0.268,0
101,8561,13,1,0,10,0.712,0
110,7255,12,1,0,1,0.451,0
145,5377,15,1,0,6,0.075,0
0,31091,18,4,0,10,1.073,1
179,3021,16,4,0,10,1.014,1
2,4375,14,1,0,10,0.125,0
128,2195,12,1,1,10,0.463,0
61,5784,7,1,0,10,0.157,0
50,8581,12,1,0,10,0.716,0
199,1293,6,1,0,10,0.138,0
38,6693,11,1,0,10,0.339,0
85,1472,7,1,0,10,0.019,0
124,2211,2,1,0,10,0.474,1
138,755,18,1,0,10,0.497,0
192,5300,14,1,0,10,0.06,0
136,4567,20,1,0,7,0.087,1
126,19788,12,1,0,10,0.319,0
8,845,10,1,0,10,0.437,0
131,19176,12,1,0,1,0.278,0
36,6914,13,1,1,10,0.383,0
30,15522,12,1,0,0,0.035,0
34,1107,9,1,0,3,0.262,0
13,10590,12,1,1,9,0.294,0
24,1572,14,1,0,10,0.048,0
61,5375,18,1,1,10,0.075,0
10,2661,16,1,1,10,0.774,0
18,1336,12,1,0,10,0.109,0
108,14604,14,1,0,7,0.026,0
94,1801,13,1,0,10,0.201,0
14,15064,19,1,0,10,0.004,0
190,19488,11,1,0,10,0.299,0
147,1779,12,1,0,10,0.186,0
125,1418,6,1,0,10,0.055,0
77,6671,9,1,0,9,0.334,0
145,4510,14,1,0,10,0.098,0
110,6976,15,1,0,10,0.395,0
81,11760,15,1,1,10,0.216,0
140,4603,16,2,0,10,0.079,0
113,10719,21,1,1,4,0.285,0
186,4550,10,1,0,10,0.09,0
26,6411,8,1,0,10,0.282,0
72,1616,16,1,0,2,0.077,0
165,11869,6,1,0,10,0.209,0
117,4293,7,1,0,9,0.141,0
172,929,9,1,0,10,0.381,0
195,3925,13,1,0,10,0.215,0
81,14140,9,1,0,3,0.057,0
11,12202,19,1,0,10,0.187,0
44,23675,1,1,0,10,0.578,1
175,4265,13,1,0,10,0.147,0
147,3107,18,3,0,10,1.071,1
158,7003,4,1,0,10,0.401,1
88,9856,18,1,0,10,0.343,0
89,17642,9,1,1,7,2.528,1
93,10692,16,1,1,10,0.287,0
149,7216,17,2,0,10,0.443,0
112,2084,18,1,1,2,0.389,0
56,6598,14,1,0,0,0.32,0
63,5579,14,2,0,10,0.116,0
103,24852,13,1,1,10,0.657,0
181,2068,14,1,0,10,0.379,0
96,1090,18,1,0,10,0.273,0
123,1578,15,1,1,10,0.052,0
132,1794,10,1,0,10,0.196,0
55,1468,16,1,0,6,0.021,0
85,2963,4,1,0,10,0.975,1
146,6566,14,1,0,10,0.313,0
113,13676,9,1,1,8,0.088,0
95,4455,22,1,0,2,0.109,0
5,18504,16,2,0,6,0.234,0
28,14249,14,1,0,10,0.05,0
74,1303,15,1,0,10,0.131,0
24,1524,17,1,0,10,0.016,0
157,1792,16,1,0,10,0.195,0
65,12529,22,1,0,6,0.165,0
142,596,16,1,0,10,0.603,0
118,7827,15,1,0,10,0.478,0
151,5122,16,1,0,10,0.024,0
34,1729,9,1,0,10,0.153,0
10,1246,6,1,0,10,0.169,0
103,18099,16,2,0,10,0.207,0
115,4827,10,1,0,1,0.035,0
38,4174,17,1,0,10,0.165,0
187,8261,13,1,1,10,0.449,0
108,18881,13,1,0,10,0.259,0
75,4870,13,2,0,10,0.026,0
50,4308,13,1,0,7,0.138,1
177,2334,12,1,0,0,0.556,0
183,1808,19,1,0,10,0.205,0
41,3207,13,2,0,9,0.359,0
127,2409,15,1,0,10,0.606,0
116,19111,10,1,0,10,0.274,0
91,1528,9,1,0,10,0.019,0
181,1795,11,1,0,10,0.197,0
20,4899,9,1,0,10,0.02,0
105,8620,23,1,0,10,0.724,1
126,15035,17,1,0,10,0.002,0
194,12100,17,1,0,10,0.193,0
46,9041,15,1,0,10,0.397,0
15,4125,13,1,0,10,0.175,0
172,1537,20,1,1,1,0.025,0
150,5913,14,1,0,8,0.183,0
169,5493,17,1,0,0,0.099,0
186,4709,20,1,0,10,0.058,0
63,10850,20,5,0,10,1.17,1
187,7375,11,1,0,10,0.508,0
108,15555,11,1,0,10,0.037,0
118,15406,13,1,0,10,0.027,0
36,3721,12,1,1,10,0.256,0
194,15882,15,1,0,10,0.059,0
101,5026,19,1,0,10,0.005,0
82,10915,17,1,0,10,0.272,0
177,1243,18,1,0,7,0.171,0
15,5208,12,1,0,7,0.042,1
176,6288,8,1,0,10,0.581,0
35,8095,14,1,0,10,0.46,0
60,21705,14,2,0,1,0.447,0
153,6957,15,1,0,10,0.391,0
134,21922,17,1,0,10,0.461,0
157,1292,15,1,0,2,0.139,0
173,3455,12,1,0,10,0.309,0
118,15254,14,1,0,10,0.017,0
79,4185,6,1,0,10,0.163,0
73,742,14,1,0,10,0.505,0
192,4098,14,1,0,10,0.18,0
102,877,10,1,0,4,0.415,0
199,2194,11,1,0,8,0.463,0
75,6273,16,1,0,7,0.255,0
16,3721,22,1,0,10,0.256,0
151,5690,12,1,0,10,0.138,0
167,6801,11,1,1,10,0.547,0
88,12428,8,1,0,10,0.171,0
195,5422,19,1,0,10,0.084,0
100,1516,15,1,0,10,0.011,0
189,6485,17,1,0,10,0.297,0
79,20518,3,3,1,10,3.104,1
93,17328,11,1,0,4,0.155,0
155,16135,13,2,0,10,0.076,0
140,5243,13,1,0,7,0.049,1
30,16767,14,1,0,3,0.118,0
132,1049,20,1,1,10,0.301,0
164,7525,12,2,0,10,0.505,0
21,2705,9,1,0,9,0.803,0
171,19229,18,2,0,5,0.282,0
100,2130,14,1,0,10,0.42,0
17,3732,9,2,1,10,0.254,0
142,2306,15,1,0,10,0.537,0
192,4638,11,1,0,10,0.072,0
162,602,10,1,0,10,0.599,0
172,3369,2,1,0,10,1.246,1
121,7735,13,2,0,10,0.547,0
173,4317,7,1,0,10,0.137,0
126,15771,10,1,0,10,0.051,0
169,5442,11,1,0,10,0.088,0
106,10383,7,1,0,10,0.308,0
194,17704,14,1,0,10,0.18,0
141,5002,14,1,0,10,0.0,0
130,2176,7,1,0,1,0.451,0
107,1913,13,1,1,10,0.275,0
77,4571,16,1,0,7,0.086,1
199,5305,8,1,1,10,2.537,1
178,1551,15,1,0,10,0.034,0
145,3574,10,1,0,10,0.285,0
27,15037,12,1,0,10,0.002,0
148,1399,14,1,0,10,0.067,0
182,5925,2,4,1,7,2.95,1
3,665,18,1,0,10,0.557,0
43,4151,10,1,1,10,0.17,0
50,17314,20,1,1,7,2.463,1
93,16995,14,1,0,7,0.133,1
47,20273,6,1,1,7,0.352,0
150,4878,11,1,0,10,0.024,0
14,14525,12,1,0,10,0.032,0
15,6238,11,1,0,10,0.248,0
169,7380,10,1,0,10,0.476,0
33,2022,18,2,1,10,0.348,0
160,4349,18,1,0,10,0.13,0
104,1879,11,1,1,10,0.253,0
19,5834,19,1,0,6,0.167,0
131,13766,21,1,0,10,0.082,0
107,2365,13,1,0,10,0.577,0
56,4922,18,1,0,3,0.016,0
50,5126,11,1,0,8,0.025,0
171,19279,15,1,0,6,0.285,0
12,14800,9,1,0,9,0.013,0
72,1485,15,1,1,10,0.01,0
87,4801,14,1,0,10,0.04,0
110,3793,16,1,0,3,0.241,0
128,1012,16,1,0,10,0.325,0
51,16578,14,1,0,10,0.105,0
137,5950,5,3,1,10,2.967,1
66,11581,17,5,0,10,1.316,1
88,15561,17,1,0,10,0.037,0
96,2803,4,1,0,10,0.869,1
45,5115,17,1,1,7,2.41,1
125,1143,11,1,0,10,0.238,0
27,11358,18,1,0,10,0.243,0
7,7455,14,1,1,10,0.503,0
127,1037,8,1,0,10,0.309,0
134,33423,9,5,0,7,1.228,1
152,1548,11,1,0,10,0.032,0
188,6940,16,1,1,10,0.537,0
46,12895,15,1,0,6,0.14,0
187,15979,18,1,1,10,0.065,0
103,13773,18,1,0,10,0.082,0
40,5858,12,2,0,10,0.172,0
124,1001,12,1,0,10,0.333,0
191,2646,19,1,0,10,0.471,0
124,1260,12,1,1,5,0.16,0
144,1760,11,1,0,10,0.173,0
29,6747,7,1,0,8,0.349,0
4,9740,12,1,0,10,0.351,0
138,1961,17,1,0,10,0.307,0
139,5463,16,1,0,10,0.093,0
122,15736,8,1,0,10,0.049,0
194,65529,5,3,1,7,3.369,1
197,4432,10,1,0,10,0.114,0
128,1333,14,1,0,10,0.111,0
24,1198,14,1,0,10,0.201,0
26,5817,11,1,0,10,0.163,0
195,4359,13,1,0,4,0.128,0
102,1562,21,1,0,10,0.041,0
65,11413,13,1,0,5,0.239,0
131,15957,11,1,0,2,0.064,0
107,1116,15,1,0,10,0.256,0
83,5021,19,1,0,10,0.004,0
62,3907,14,2,0,10,0.219,0
102,925,14,1,0,10,0.383,0
136,4495,18,1,0,8,0.101,0
25,2582,8,1,0,10,0.484,0
16,5551,13,1,0,10,0.11,0
126,21730,13,1,0,10,0.449,0
105,4873,10,1,0,7,0.025,1
124,5171,19,1,1,10,2.447,1
112,1528,14,1,0,10,0.019,0
9,1140,6,1,0,2,0.24,0
103,13730,6,1,0,10,0.085,0
185,10587,22,1,0,3,0.294,0
178,1199,15,1,0,10,0.201,0
150,4550,13,2,0,5,0.09,0
124,525,15,1,0,10,0.65,0
197,6845,15,1,0,10,0.369,0
180,1456,6,1,0,8,0.029,0
100,910,11,1,0,10,0.393,0
84,54049,18,1,1,7,2.603,1
177,1532,15,1,0,10,0.021,0
46,22381,14,1,0,10,0.492,0
9,1779,15,1,0,10,0.186,0
6,19980,11,1,0,10,0.332,0
142,1481,10,1,0,10,0.013,0
89,6780,18,1,0,6,0.356,0
99,10228,16,4,0,10,1.046,1
35,13123,19,1,1,10,0.125,0
162,2307,18,1,0,10,0.538,0
94,1773,17,1,0,6,0.182,0
198,15591,22,1,0,10,0.039,0
154,1825,16,1,0,10,0.217,0
169,3593,15,1,1,9,0.281,0
55,1223,20,2,0,3,0.185,0
82,8521,10,1,1,10,0.432,0
45,1627,16,1,0,10,0.085,0
91,1357,19,1,0,10,0.095,0
149,5294,18,1,0,10,0.059,0
38,4131,13,1,1,8,0.174,0
84,16062,16,1,0,7,0.071,1
110,4170,10,1,0,10,0.166,0
171,18241,17,1,0,10,0.216,0
177,1718,22,1,0,10,0.145,0
24,1260,17,1,1,10,0.16,0
152,1026,13,1,0,10,0.316,0
179,2409,12,1,0,10,0.606,0
43,4640,6,1,0,10,0.072,0
118,2293,9,1,0,10,0.847,0
2,4978,12,1,0,10,0.004,0
163,5704,15,2,0,10,0.141,0
24,1257,19,1,0,10,0.162,0
134,15842,18,1,0,10,0.056,0
195,5192,17,1,1,10,0.038,0
7,16428,10,1,0,10,0.095,0
23,1064,15,1,0,10,0.291,0
155,13186,12,1,0,9,0.121,0
103,20456,14,1,0,1,0.364,0
93,18978,11,1,1,10,0.265,0
162,894,17,1,0,10,0.404,0
128,1039,10,1,1,10,0.307,0
105,5089,14,1,0,10,0.018,0
134,15452,12,1,0,9,0.03,0
89,4274,16,1,0,10,0.145,0
104,1977,16,1,0,4,0.318,0
12,11554,15,1,0,10,0.23,0
131,7654,12,1,0,4,0.49,0
176,13884,10,1,0,10,0.074,0
51,10506,22,1,0,10,0.3,0
16,4433,13,2,1,10,0.113,0
107,1194,11,1,0,10,0.204,0
165,13063,9,1,0,10,0.129,0
179,1265,10,1,0,10,0.157,0
169,18528,2,2,1,10,2.706,1
5,19662,17,1,0,10,0.311,0
172,1487,15,1,1,10,0.009,0
49,4810,11,1,0,10,0.038,0
19,5445,16,1,0,0,0.089,0
152,2203,11,1,0,10,0.469,0
78,4703,6,1,0,10,0.059,0
52,2443,19,1,0,10,0.629,0
64,959,11,1,0,0,0.361,0
139,3848,12,1,0,10,0.23,0
145,7060,16,1,0,1,0.412,0
94,1877,11,1,0,1,0.251,0
95,2684,12,1,0,10,0.463,0
70,1169,14,1,0,7,0.221,0
14,20113,13,1,0,10,0.341,0
41,4281,14,1,0,1,0.144,0
154,1484,10,1,0,9,0.011,0
23,2496,20,2,0,10,0.664,0
193,1337,9,1,0,10,0.109,0
106,21661,11,1,1,7,0.444,0
135,7739,11,1,0,4,0.548,0
32,19821,3,3,1,7,2.964,1
70,1905,11,2,1,10,0.27,0
13,12347,13,1,0,10,0.177,0
171,16364,13,1,0,0,0.091,0
103,9733,10,1,0,10,0.351,0
22,4513,16,1,0,10,0.097,0
182,5084,13,1,1,7,2.389,1
17,6226,7,1,0,6,0.245,0
89,7851,18,1,1,10,0.57,0
78,5980,10,1,0,10,0.196,0
60,12102,14,1,0,10,0.193,0
12,20502,12,1,0,2,0.367,0
182,1726,14,1,0,10,0.151,0
191,8659,18,1,1,3,0.732,0
183,1911,16,1,0,10,0.274,0
43,6317,16,1,0,10,0.263,0
158,3801,11,1,0,3,0.24,0
114,862,16,1,0,10,0.425,0
40,8165,17,3,0,10,0.633,1
151,2951,16,1,0,5,0.41,0
48,1722,18,1,0,10,0.148,0
114,1140,10,1,0,10,0.24,0
145,7920,14,3,0,10,0.584,1
133,1442,9,1,0,10,0.039,0
178,1467,17,1,0,10,0.022,0
113,13667,10,1,0,10,0.089,0
177,1685,12,1,0,10,0.123,0
3,584,11,1,1,2,0.611,0
122,7179,18,2,0,10,0.521,0
43,2036,12,1,0,10,0.593,0
12,13777,17,1,0,10,0.082,0
66,17392,9,1,1,10,2.478,1
116,14486,6,1,0,10,0.034,0
21,1589,16,1,0,4,0.059,0
53,7045,9,1,0,10,0.409,0
26,7368,6,1,0,10,0.474,0
87,3973,9,1,0,10,0.205,0
185,18332,15,1,0,10,0.222,0
118,19551,13,1,0,10,0.303,0
95,4500,15,2,1,10,0.1,0
46,17068,11,1,1,10,0.138,0
33,1416,14,1,0,10,0.056,0
94,1708,13,1,0,10,0.139,0
24,1009,19,1,0,10,0.327,0
65,22984,12,1,0,10,0.532,0
102,2450,19,1,0,10,0.633,0
96,5223,15,1,1,10,2.482,1
71,6623,12,1,1,7,0.325,0
181,6456,3,2,1,7,3.304,1
190,12710,9,2,0,10,0.153,0
116,14463,13,1,0,10,0.036,0
179,1519,18,1,0,10,0.013,0
196,1676,14,1,0,10,0.117,0
130,1209,1,1,0,10,0.194,1
113,17367,16,1,0,6,0.158,0
24,1847,11,1,0,10,0.231,0
84,12750,16,1,0,1,0.15,0
176,13775,10,1,0,10,0.082,0
69,5705,18,1,0,9,0.141,0
101,3390,16,1,0,10,0.322,0
93,14682,17,2,0,10,0.021,0
75,5186,15,1,0,10,0.037,0
109,15957,20,1,0,7,0.064,1
119,1555,10,1,0,10,0.037,0
22,17881,2,3,1,7,2.576,1
168,918,13,1,0,10,0.388,0
175,3745,15,1,0,10,0.251,0
81,8057,14,1,0,10,0.463,0
62,2806,8,1,0,10,0.439,0
96,1768,9,1,0,3,0.179,0
149,5914,8,1,0,10,0.183,0
164,5265,12,1,0,10,0.053,0
173,7912,13,1,0,10,0.582,0
199,1550,9,1,0,10,0.033,0
107,2046,11,1,0,10,0.364,0
61,3317,9,1,0,10,0.337,0
180,5459,8,1,1,10,2.639,1
78,5337,9,1,0,10,0.067,0
152,536,15,1,0,10,0.643,0
113,17937,8,1,0,10,0.196,0
72,1726,7,1,0,10,0.151,0
7,18843,12,1,0,10,0.256,0
133,1426,15,1,0,9,0.049,0
119,2414,21,1,0,10,0.609,0
187,15770,6,1,0,10,0.051,0
160,5279,18,1,0,10,0.056,0
60,12634,16,1,1,10,0.158,0
61,3410,17,2,0,10,0.318,0
4,53356,19,1,1,10,2.557,1
96,1717,12,1,0,10,0.145,0
61,4095,15,1,0,10,0.181,0
48,1425,13,1,0,10,0.05,0
1,1033,13,1,0,2,0.311,0
181,1101,21,1,0,10,0.266,0
113,14653,16,1,0,10,0.023,0
170,1004,13,1,0,10,0.331,0
150,5725,11,1,1,6,0.145,0
24,2069,8,1,1,10,0.379,0
126,18051,14,1,0,10,0.203,0
14,12745,8,1,0,10,0.15,0
54,2615,9,4,0,10,0.743,1
25,12967,15,3,0,10,1.593,1
43,5538,15,1,0,10,0.108,0
65,10648,6,1,0,10,0.29,0
168,1943,16,1,0,10,0.295,0
155,17947,12,1,0,10,0.196,0
176,15037,17,1,0,10,0.002,0
36,2870,6,1,0,10,0.426,0
150,5739,11,1,0,10,0.148,0
43,6081,17,2,0,10,0.216,0
160,4129,12,2,0,10,0.174,0
18,1705,11,1,1,10,0.137,0
13,26496,7,1,0,10,0.766,0
109,12778,11,1,0,4,0.148,0
163,6452,20,1,0,10,0.29,0
116,9713,6,1,0,10,0.352,0
7,15346,15,1,0,10,0.023,0
113,13711,10,1,0,1,0.086,0
8,1463,10,1,0,10,0.025,0
138,1105,12,1,0,7,0.263,0
103,14868,12,2,0,10,0.009,0
103,17149,11,1,0,10,0.143,0
195,151,10,1,0,10,0.97,0
122,21363,12,1,0,10,0.424,0
45,1713,9,1,0,10,0.142,0
29,4364,13,1,0,10,0.127,0
39,7001,9,1,0,10,0.4,0
40,2850,11,1,0,10,0.43,0
32,6939,19,1,0,8,0.388,0
49,4421,17,1,0,10,0.116,0
23,1486,6,1,0,0,0.009,0
97,14170,7,1,0,10,0.055,0
12,11747,14,2,0,10,0.217,0
122,9335,17,1,0,8,0.378,0
63,4593,15,1,1,10,0.081,0
48,2308,16,1,0,10,0.539,0
52,2109,20,1,0,1,0.406,0
150,5942,14,1,0,10,0.188,0
188,12066,16,1,0,10,0.196,0
87,5204,22,1,0,10,0.041,0
178,2215,21,1,0,10,0.477,0
108,18389,6,1,0,2,0.226,0
130,3037,16,5,0,10,1.025,1
191,4487,18,1,0,10,0.103,0
54,761,14,1,0,10,0.493,0
18,1235,13,1,0,10,0.177,0
133,1995,10,1,0,10,0.33,0
184,14205,16,1,1,10,0.053,0
65,6607,6,1,0,10,0.56,0
150,4463,9,1,0,10,0.107,0
148,2335,2,1,0,10,0.557,1
112,1436,18,1,0,10,0.043,0
56,4680,8,1,0,10,0.064,0
166,15972,18,1,0,10,0.065,0
132,2121,14,1,0,10,0.414,0
66,12438,8,3,0,7,1.488,1
196,1300,8,2,0,10,0.133,0
128,1154,18,1,1,10,0.231,0
112,1359,16,1,1,10,0.094,0
192,3761,11,1,0,10,0.248,0
54,2462,20,1,1,10,0.641,0
49,4313,11,1,1,10,0.137,0
48,1365,16,1,0,10,0.09,0
82,20962,13,1,0,2,0.397,0
140,5210,10,1,0,10,0.042,0
3,1073,21,1,0,10,0.285,0
45,1539,17,2,0,10,0.026,0
115,2790,9,1,0,10,0.442,0
99,18308,14,1,1,10,2.662,1
126,12847,12,1,1,5,0.144,0
86,3905,14,1,1,10,0.219,0
179,1236,15,1,0,10,0.176,0
163,5494,14,1,0,10,0.099,0
108,16230,13,1,0,9,0.082,0
135,5158,18,1,0,10,0.032,0
189,5028,15,1,0,10,0.006,0
20,5351,13,1,0,3,0.07,0
106,12692,18,1,0,1,0.154,0
75,8004,12,1,0,10,0.601,0
68,16792,17,1,0,10,0.119,0
36,2786,16,1,0,10,0.443,0
42,5479,14,1,1,7,2.653,1
146,4065,15,1,0,0,0.187,0
57,1462,12,1,0,7,0.025,1
36,8661,12,1,0,10,0.732,0
40,2261,11,1,0,10,0.548,0
46,17494,15,1,0,10,0.166,0
69,4993,11,1,0,10,0.001,0
157,1055,12,1,0,10,0.297,0
199,1575,10,1,0,10,0.05,0
62,4887,14,1,0,10,0.023,0
146,1654,6,1,0,10,0.669,0
163,6172,15,1,0,0,0.234,0
50,7477,7,1,1,10,0.495,0
142,2239,15,2,0,9,0.493,0
56,2579,19,2,0,10,0.484,0
63,4250,6,1,0,10,0.15,0
22,5910,14,1,0,10,0.182,0
127,1111,7,1,0,10,0.259,0
189,8715,14,1,0,10,0.743,0
157,2080,18,1,0,10,0.387,0
161,1863,20,1,0,10,0.242,0
28,24231,22,1,0,7,0.615,0
172,1197,22,1,0,5,0.202,0
109,7979,10,1,1,10,0.468,0
92,5031,18,2,0,4,0.006,0
140,8100,0,1,0,7,0.62,1
129,1993,8,2,1,10,0.329,0
24,2286,21,1,0,9,0.524,0
14,16438,19,1,0,10,0.096,0
163,7452,9,1,1,10,0.49,0
21,1995,7,1,0,10,0.33,0
148,453,8,1,0,10,0.698,0
193,1468,17,1,0,10,0.021,0
15,4379,10,1,0,10,0.124,0
163,21428,5,4,1,7,3.286,1
31,17613,13,1,0,10,0.174,0
153,8680,8,1,0,10,0.736,0
68,59209,5,4,1,10,2.947,1
175,5336,21,1,0,10,0.067,0
128,1959,16,1,1,10,0.306,0
145,6129,12,1,1,10,0.226,0
158,5265,11,1,0,5,0.053,0
44,17810,12,1,0,10,0.187,0
117,8314,11,1,0,10,0.663,0
108,13129,17,1,0,10,0.125,0
35,10209,17,1,0,10,0.319,0
54,1430,15,1,0,0,0.047,0
112,1725,21,1,0,10,0.15,0
147,1346,15,1,0,10,0.103,0
55,1904,15,1,0,10,0.269,0
98,13970,21,1,0,10,0.069,0
190,51975,13,1,1,10,2.465,1
187,16683,16,1,0,5,0.112,0
100,2553,15,1,0,10,0.702,0
143,17368,19,1,0,10,0.158,0
77,7300,6,1,0,10,0.46,0
112,1299,20,1,0,10,0.134,0
186,1452,19,1,0,10,0.71,0
9,620,22,1,0,10,0.587,0
146,5481,10,1,0,10,0.096,0
46,20145,8,2,0,10,0.343,0
17,5028,8,1,0,10,0.006,0
79,3153,20,1,0,10,0.369,0
196,1708,15,1,1,10,0.139,0
59,4536,14,1,0,2,0.093,0
8,2541,12,1,1,10,0.694,0
0,15455,14,1,0,10,0.03,0
146,5467,15,1,0,10,0.093,0
31,17638,13,1,1,8,0.176,0
53,4306,10,1,1,10,0.139,0
49,3659,14,1,0,10,0.268,0
195,6445,13,1,0,10,0.289,0
59,8113,15,1,0,1,0.623,0
167,11037,15,1,0,10,0.264,0
41,3759,15,1,0,0,0.248,0
66,4123,18,1,0,10,0.175,0
199,980,13,1,0,10,0.347,0
170,744,22,1,0,8,0.504,0
108,18209,17,1,0,10,0.214,0
115,3415,17,1,0,10,0.317,0
156,1600,16,1,0,10,0.067,0
70,1856,14,1,0,10,0.237,0
139,5929,6,1,0,6,0.186,0
130,1514,13,1,0,10,0.009,0
168,1958,20,1,0,10,0.305,0
20,6402,14,1,1,10,0.28,0
107,1826,10,1,0,10,0.217,0
77,5251,15,1,0,10,0.05,0
137,1542,12,1,0,10,0.028,0
109,11722,10,1,0,10,0.219,0
103,10984,10,1,0,7,0.268,0
54,1181,12,1,0,10,0.213,0
16,7836,12,1,0,10,0.567,0
42,2044,12,2,0,3,0.363,0
158,3471,15,2,0,10,0.306,0
192,4470,14,1,0,5,0.106,0
34,885,17,1,0,10,0.41,0
39,3928,15,1,0,0,0.214,0
183,2390,17,1,0,10,0.593,0
119,1461,11,1,0,10,0.026,0
187,11976,13,1,0,6,0.202,0
160,4884,15,1,1,10,0.023,0
176,17971,14,1,0,10,0.198,0
45,2131,7,1,1,3,0.421,0
44,17387,14,1,0,10,0.159,0
38,2840,15,1,0,10,0.432,0
102,1892,19,1,0,10,0.261,0
96,1431,6,1,1,10,0.046,0
172,2144,8,2,0,10,0.429,0
60,23645,9,4,0,7,0.576,1
128,2776,19,5,0,7,0.851,1
115,4033,13,1,0,10,0.193,0
169,5375,12,1,0,7,0.075,0
77,2385,18,1,0,10,0.523,0
169,10587,18,5,0,10,1.117,1
20,3542,8,1,0,5,0.292,0
118,24270,11,1,0,10,0.618,0
149,3651,16,1,0,10,0.27,0
18,2558,18,1,0,10,0.705,0
136,5044,9,1,0,10,0.009,0
33,664,14,1,0,10,0.557,0
103,11090,21,1,0,10,0.261,0
89,4465,22,1,1,10,0.107,0
101,4578,16,1,0,5,0.084,0
82,22764,16,1,0,10,0.518,0
8,2351,8,1,0,4,0.567,0
43,5730,19,1,0,10,0.146,0
165,13545,15,1,0,10,0.097,0
4,14100,10,1,0,10,0.06,0
2,5119,22,1,0,10,0.024,0
157,2206,14,1,0,6,0.471,0
68,15047,21,1,0,10,0.003,0
27,9547,22,1,0,6,0.364,0
35,20054,9,1,0,10,0.337,0
189,5228,7,1,0,10,0.046,0
186,3057,17,1,0,10,0.389,0
17,6360,12,1,0,10,0.272,0
23,1621,15,1,0,10,0.081,0
88,13838,17,1,1,2,0.077,0
152,1003,22,2,0,10,0.331,0
184,17066,14,1,0,10,0.138,0
114,1501,6,1,0,7,0.001,0
139,5814,20,1,0,10,0.163,0
1,2595,16,1,1,0,0.73,0
148,1455,17,1,0,10,0.03,0
122,15534,14,1,1,10,0.036,0
132,889,11,1,0,5,0.407,0
158,10094,12,4,0,10,1.019,1
194,17708,14,1,0,10,0.181,0
51,16519,18,1,0,10,0.101,0
3,1176,18,1,0,10,0.216,0
55,1222,13,1,0,10,0.185,0
3,1938,13,1,0,10,0.292,0
85,1753,16,1,0,10,0.169,0
63,5687,11,1,0,9,0.137,0
166,18697,15,1,0,10,0.246,0
94,1545,10,1,0,10,0.03,0
99,17827,2,3,1,10,2.565,1
168,5264,20,1,1,10,2.509,1
161,1639,15,1,0,10,0.093,0
137,1377,18,1,0,10,0.082,0
1,834,22,1,0,10,0.444,0
190,10008,12,1,0,1,0.333,0
151,9952,17,4,0,7,0.99,1
83,5830,17,1,0,10,0.166,0
65,16549,14,1,0,9,0.103,0
138,1108,14,1,0,10,0.261,0
151,9080,12,2,0,0,0.816,0
22,2210,19,1,0,10,0.558,0
120,1010,10,1,0,10,0.327,0
101,2179,7,2,0,10,0.564,0
55,1325,13,1,0,5,0.117,0
133,2155,12,1,0,3,0.437,0
63,3699,10,1,0,10,0.26,0
7,16458,20,1,0,10,0.097,0
2,6545,13,1,0,10,0.309,0
189,6097,11,1,0,10,0.219,0
90,1185,10,1,0,10,0.21,0
56,4388,16,1,0,10,0.122,0
94,1010,14,1,0,2,0.327,0
10,1129,15,1,0,10,0.247,0
74,2427,15,1,0,10,0.618,0
123,1857,15,2,0,10,0.238,0
31,15341,7,1,0,10,0.023,0
5,11346,17,1,0,10,0.244,0
51,17649,20,1,0,10,0.177,0
93,14268,11,1,0,10,0.049,0
6,13003,13,1,0,7,0.133,1
172,5710,3,4,1,7,2.807,1
63,3774,14,1,0,10,0.245,0
185,13059,8,1,0,10,0.129,0
113,11897,14,1,0,10,0.207,0
37,1664,13,1,0,6,0.109,0
159,2553,9,1,1,10,0.489,0
20,6111,16,1,1,10,0.222,0
16,5043,17,1,0,10,0.009,0
132,5241,20,1,1,10,2.494,1
88,15460,6,1,0,4,0.031,0
194,14759,17,1,1,10,0.016,0
64,2108,13,1,0,10,0.405,0
78,5110,12,1,0,10,0.022,0
173,2531,7,1,0,10,0.494,0
89,3637,13,1,0,10,0.273,0
170,3076,12,4,0,7,1.051,1
37,1650,13,1,0,0,0.1,0
115,5133,7,1,0,10,0.027,0
40,3325,12,1,0,10,0.335,0
70,681,19,1,1,10,0.546,0
132,1729,22,1,1,10,0.153,0
47,17627,10,1,0,10,0.175,0
68,12778,13,1,0,10,0.148,0
155,11022,13,1,0,4,0.265,0
154,1480,15,1,0,10,0.013,0
79,6703,16,1,0,1,0.341,0
117,3332,22,2,0,5,0.334,0
54,2193,16,1,1,10,0.462,0
41,5897,22,1,0,10,0.179,0
180,1305,13,1,1,4,0.13,0
156,1954,20,1,0,10,0.303,0
37,1608,15,1,0,10,0.072,0
96,1139,9,1,0,10,0.241,0
133,1174,13,1,0,10,0.217,0
100,1168,9,1,0,10,0.221,0
61,7335,7,1,0,10,0.467,0
81,16972,21,1,0,10,0.131,0
121,3397,14,2,0,10,0.321,0
76,1145,14,1,1,10,0.237,0
5,14113,11,1,1,7,0.059,0
183,1323,22,1,0,10,0.118,0
146,7681,19,1,0,10,0.536,0
136,5251,13,1,0,10,0.05,0
96,2017,17,1,0,5,0.345,0
130,2190,20,1,0,5,0.46,0
71,4268,12,1,0,10,0.146,0
183,1492,17,1,0,10,0.005,0
3,1673,7,1,0,10,0.115,0
86,5944,11,1,0,10,0.189,0
176,12905,13,1,0,10,0.14,0
12,19585,20,1,0,10,0.306,0
107,2235,9,1,0,10,0.49,0
107,1714,12,1,0,10,0.143,0
90,1010,11,2,0,10,0.327,0
77,6140,7,1,0,4,0.228,0
189,4191,11,1,0,10,0.162,0
80,1521,15,1,0,10,0.014,0
31,9543,12,1,0,10,0.364,0
58,18902,15,1,0,0,0.26,0
50,1547,12,1,1,0,0.691,0
123,2089,14,1,0,10,0.393,0
131,18362,13,1,0,10,0.224,0
92,9610,13,4,0,10,0.922,1
100,1885,13,1,0,8,0.257,0
113,17483,19,1,0,10,0.166,0
84,13402,12,1,0,10,0.107,0
32,3513,15,1,1,10,0.297,0
151,4687,13,1,1,4,0.063,0
80,910,7,1,0,10,0.393,0
93,16329,10,1,1,10,0.089,0
160,2929,20,1,0,0,0.414,0
162,2444,15,1,0,10,0.629,0
171,16874,11,1,0,10,0.125,0
144,2533,13,1,0,10,0.689,0
117,8939,18,4,0,7,0.788,1
124,1228,13,1,0,2,0.181,0
160,5796,12,2,0,10,0.159,0
180,1357,20,1,0,10,0.095,0
153,3060,16,1,0,1,0.388,0
113,16966,13,1,0,10,0.131,0
78,7553,15,1,0,1,0.511,0
195,5872,12,1,0,10,0.174,0
56,2877,13,1,0,10,0.425,0
40,4783,14,2,0,1,0.043,0
41,6207,12,1,0,10,0.241,0
61,3327,15,1,0,10,0.335,0
75,3054,14,1,0,2,0.389,0
145,6132,18,1,0,10,0.226,0
129,2012,16,1,0,10,0.341,0
44,11228,11,1,0,10,0.251,0
22,6411,10,1,0,0,0.282,0
179,1699,18,1,0,10,0.133,0
34,886,19,1,0,10,0.409,0
141,8055,4,1,0,10,0.611,1
87,7010,20,1,0,6,0.402,0
123,775,16,1,0,10,0.483,0
76,1229,10,1,0,10,0.181,0
149,6411,14,1,0,7,0.282,0
21,1174,15,1,0,2,0.217,0
146,4689,12,1,0,10,0.062,0
198,14548,13,1,0,10,0.03,0
71,5326,20,1,0,7,0.065,1
156,2042,10,1,0,4,0.361,0
175,5875,18,1,0,9,0.175,0
4,13472,11,1,0,10,0.102,0
19,4666,10,1,0,10,0.067,0
105,4425,16,2,0,10,0.115,0
172,1098,14,1,0,10,0.268,0
34,2793,17,1,0,10,0.862,0
97,57337,3,2,1,10,2.822,1
10,772,15,1,0,10,0.485,0
105,17511,9,1,1,7,2.502,1
92,4011,11,1,0,10,0.198,0
144,2303,9,1,0,10,0.535,0
135,2136,12,1,1,10,0.573,0
111,18107,17,1,0,10,0.207,0
185,14884,16,1,1,10,0.008,0
182,1271,12,1,0,10,0.153,0
48,897,15,1,0,10,0.402,0
46,16906,16,1,0,10,0.127,0
29,2782,12,1,0,10,0.444,0
120,1715,14,1,1,10,0.143,0
3,1194,10,1,0,10,0.204,0
73,1478,10,1,1,10,0.015,0
16,5341,17,1,0,10,0.068,0
5,11896,14,1,0,10,0.207,0
145,7143,18,1,0,10,0.429,0
95,7624,8,1,0,5,0.525,0
108,17254,13,1,1,10,0.15,0
98,16346,9,1,0,10,0.09,0
35,20499,13,1,0,7,0.367,0
39,4911,13,1,0,10,0.018,0
21,2058,20,1,1,10,0.372,0
70,1205,19,1,0,10,0.197,0
122,13011,11,1,0,10,0.133,0
172,924,9,1,0,10,0.384,0
45,2803,14,1,0,10,0.869,0
136,5054,22,1,0,10,0.011,0
116,12159,10,1,0,10,0.189,0
70,916,19,1,0,10,0.389,0
195,5606,16,1,0,10,0.121,0
91,2066,14,1,0,10,0.377,0
197,6581,22,1,0,10,0.316,0
1,1541,6,1,0,10,0.027,0
71,2908,13,1,1,10,0.418,0
66,6455,18,1,0,10,0.291,0
47,22955,13,1,0,10,0.53,0
122,17691,14,1,0,10,0.179,0
142,391,12,2,1,10,0.739,0
20,4115,20,1,0,10,0.177,0
155,16292,9,1,0,10,0.086,0
159,5592,13,1,1,10,0.118,0
69,8945,3,1,0,10,0.789,1
43,6208,15,1,0,10,0.242,0
50,6970,13,1,0,10,0.394,0
46,16626,11,1,0,10,0.108,0
175,3442,21,1,0,10,0.312,0
71,5242,20,1,0,7,0.048,1
181,2174,17,1,0,10,0.449,0
136,8349,10,1,0,10,0.67,0
32,2060,14,1,0,0,0.588,0
75,4547,12,1,0,7,0.091,1
72,1577,15,1,0,10,0.051,0
164,2919,13,1,0,10,0.416,0
62,8075,8,3,0,7,0.615,1
19,2517,18,1,0,10,0.497,0
62,4910,10,1,0,2,0.018,0
89,5384,16,1,0,10,0.077,0
51,18633,7,1,0,10,0.242,0
68,19866,10,1,0,10,0.324,0
150,18549,11,1,1,10,2.71,1
176,11617,14,1,1,10,0.226,0
49,2043,8,1,0,10,0.591,0
8,1226,7,1,1,7,0.183,0
142,1107,9,1,0,10,0.262,0
3,1481,15,1,0,10,0.013,0
98,10961,6,1,0,3,0.269,0
37,1870,12,1,0,10,0.247,0
163,3294,15,1,0,10,0.341,0
62,19994,3,4,1,7,2.999,1
134,8890,12,1,0,10,0.407,0
149,4646,11,1,0,10,0.071,0
150,3151,17,1,0,3,0.37,0
176,14936,15,1,0,10,0.004,0
41,2685,14,1,0,10,0.463,0
36,4698,8,1,0,10,0.06,0
15,3599,11,1,0,10,0.28,0
24,129,17,1,0,10,0.914,0
151,3303,14,1,0,10,0.339,0
122,56874,1,4,1,10,2.792,1
16,10468,11,4,0,10,1.094,1
64,727,16,1,0,10,0.515,0
20,5650,9,1,0,10,0.13,0
139,4790,6,1,0,10,0.042,0
109,15799,12,1,0,10,0.053,0
62,12032,20,4,0,7,1.406,1
160,5724,17,1,0,6,0.145,0
141,4702,19,1,0,10,0.06,0
20,6220,17,1,0,0,0.244,0
120,1423,15,1,0,10,0.051,0
42,1496,12,1,0,10,0.003,0
182,940,12,1,0,3,0.373,0
71,16329,8,1,1,7,2.266,1
60,19602,1,1,0,7,0.307,1
112,1186,10,1,0,10,0.209,0
170,1167,18,1,0,10,0.222,0
3,3379,13,5,0,10,1.253,1
129,1552,10,1,0,10,0.035,0
26,2011,18,1,0,10,0.598,0
40,3176,13,1,0,10,0.365,0
140,5302,11,1,0,10,0.06,0
0,10639,14,1,0,8,0.291,0
56,4025,16,1,0,10,0.195,0
175,5589,13,1,0,10,0.118,0
180,2788,2,1,0,10,0.859,1
129,2289,18,1,0,10,0.526,0
193,1722,19,1,0,10,0.148,0
67,14491,12,1,0,10,0.034,0
9,2010,9,1,0,10,0.34,0
191,8668,9,1,0,10,0.734,0
106,20810,18,1,1,5,0.387,0
11,14804,11,1,0,10,0.013,0
55,409,9,2,0,10,0.727,0
183,1315,17,1,0,2,0.123,0
52,1489,15,1,0,10,0.007,0
151,4668,13,1,0,10,0.066,0
80,696,16,1,0,10,0.536,0
2,4541,17,1,1,10,0.092,0
166,9196,16,1,0,10,0.387,0
34,2026,8,1,0,10,0.351,0
129,2471,9,1,1,10,0.647,0
148,1462,12,1,0,10,0.025,0
194,11701,15,1,0,10,0.22,0
77,6746,21,1,0,10,0.349,0
121,5130,9,1,0,7,0.026,1
172,2196,14,1,0,2,0.464,0
29,6139,10,1,0,10,0.228,0
179,1010,7,1,0,10,0.327,0
197,4619,19,1,0,10,0.076,0
53,3855,7,1,0,2,0.229,0
177,2277,12,1,0,10,0.518,0
165,15016,17,1,0,10,0.001,0
28,14716,19,1,0,7,0.019,1
140,4293,22,1,0,10,0.141,0
159,4449,15,1,0,10,0.11,0
168,881,13,1,0,10,0.413,0
156,2907,16,1,0,10,0.938,0
7,10763,11,1,0,0,0.282,0
170,2032,16,1,1,10,0.355,0
2,6571,11,1,0,10,0.314,0
4,14902,18,1,0,10,0.007,0
120,1415,16,1,0,10,0.057,0
162,1500,10,1,0,10,0.0,0
101,8040,6,2,0,10,0.608,0
2,5277,7,1,0,6,0.055,0
82,15505,14,1,0,10,0.034,0
114,1314,14,1,1,10,0.124,0
115,5997,14,1,0,10,0.199,0
197,6248,9,1,1,10,0.25,0
85,1481,14,1,0,10,0.013,0
152,1459,13,1,0,10,0.027,0
35,12066,9,1,1,10,0.196,0
144,1023,16,1,0,10,0.318,0
67,16720,15,1,1,6,0.115,0
16,19764,1,3,1,10,2.953,1
163,7461,3,1,0,10,0.492,1
198,23667,14,1,0,10,0.578,0
117,4755,6,1,0,10,0.049,0
171,15714,12,1,0,10,0.048,0
80,1056,10,1,0,9,0.296,0
122,54869,12,1,1,7,2.658,1
4,15998,16,1,0,10,0.067,0
192,9532,10,4,0,7,0.906,1
180,1242,9,1,0,6,0.172,0
84,19286,20,1,0,8,0.286,0
41,5976,19,2,1,10,0.195,0
70,1947,11,1,0,10,0.298,0
188,17492,20,1,0,10,0.166,0
186,3935,13,1,0,10,0.213,0
45,256,13,1,0,10,0.829,0
89,5744,14,1,0,10,0.149,0
199,1859,17,1,0,10,0.239,0
18,1115,10,1,0,10,0.257,0
59,5108,13,1,0,10,0.022,0
59,5798,7,1,0,10,0.16,0
135,4904,22,1,0,10,0.019,0
55,1787,17,1,1,10,0.191,0
77,20290,1,3,1,10,3.058,1
53,849,17,1,1,10,0.83,0
41,6710,15,1,0,5,0.342,0
92,3279,10,1,0,10,0.344,0
33,1030,14,1,0,10,0.313,0
19,3733,15,1,0,10,0.253,0
8,915,14,1,0,10,0.39,0
16,4974,18,1,0,10,0.005,0
169,6135,17,1,0,10,0.227,0
185,30889,18,5,0,10,1.059,1
151,6159,15,1,0,10,0.232,0
76,1076,15,1,1,8,0.283,0
173,5431,12,1,0,10,0.086,0
131,16893,9,1,0,5,0.126,0
163,5937,8,1,0,10,0.187,0
43,20752,2,3,1,10,3.15,1
142,1181,10,1,1,10,0.213,0
36,7046,13,1,0,10,0.409,0
89,9079,20,4,0,10,0.816,1
197,3305,16,1,0,10,0.339,0
145,6151,13,1,0,10,0.23,0
174,190,11,1,0,10,0.873,0
94,1423,14,1,0,10,0.051,0
187,12550,10,1,0,10,0.163,0
37,2764,1,1,0,10,0.843,1
8,1311,18,1,0,5,0.126,0
44,12087,14,1,0,2,0.194,0
34,543,14,1,0,0,0.638,0
137,2821,20,5,0,10,0.881,1
87,5989,15,1,0,10,0.198,0
162,1853,12,1,0,10,0.235,0
183,2299,14,1,0,10,0.533,0
57,1355,12,1,0,10,0.097,0
173,988,15,2,0,10,0.802,0
192,6616,0,1,0,10,0.323,1
20,2957,20,1,0,10,0.409,0
145,5263,16,2,1,10,0.053,0
105,17015,15,1,1,10,2.403,1
76,1010,10,1,0,10,0.327,0
132,1548,18,1,0,10,0.032,0
75,3541,9,1,0,10,0.292,0
93,18053,15,1,0,10,0.204,0
61,5385,13,1,0,10,0.077,0
2,4564,19,1,0,10,0.087,0
138,1451,22,1,1,10,0.033,0
130,1114,13,1,0,10,0.257,0
57,1187,11,1,0,10,0.209,0
91,2013,12,1,0,10,0.342,0
7,61098,5,4,1,10,3.073,1
155,16736,20,1,0,10,0.116,0
151,5578,16,1,0,10,0.116,0
119,1385,7,1,0,6,0.077,0
32,9650,17,4,0,7,0.93,1
190,15681,12,1,0,7,0.045,0
155,9210,13,1,0,10,0.386,0
191,3751,13,1,1,10,0.25,0
44,14374,16,1,0,10,0.042,0
34,1468,14,1,1,2,0.021,0
53,6737,8,1,0,10,0.347,0
149,4266,15,1,0,10,0.147,0
110,6745,11,1,0,10,0.349,0
113,6939,12,2,0,10,0.537,0
2,3242,18,1,0,10,0.352,0
177,1259,21,1,0,10,0.161,0
19,5219,8,1,1,10,0.044,0
11,15558,11,1,0,10,0.037,0
128,1047,14,1,0,5,0.302,0
6,19752,19,1,0,10,0.317,0
81,12381,20,1,0,7,0.175,1
102,799,19,1,0,2,0.467,0
20,4429,18,1,0,10,0.114,0
146,5005,21,1,0,7,0.001,0
36,3309,11,1,0,10,0.338,0
166,14152,18,1,0,10,0.057,0
174,1406,15,1,1,10,0.063,0
80,1146,8,1,0,10,0.236,0
171,14164,9,1,0,10,0.056,0
196,910,12,1,0,10,0.393,0
143,14359,6,1,0,10,0.043,0
66,16428,8,1,1,10,2.286,1
188,15662,8,1,0,10,0.044,0
157,1570,10,1,0,10,0.047,0
145,3907,12,1,0,8,0.219,0
133,1185,21,1,1,10,0.21,0
50,5629,13,1,0,1,0.126,0
79,5070,14,1,0,10,0.014,0
102,2104,16,1,0,10,0.403,0
146,18023,16,1,1,7,2.605,1
90,1471,2,1,0,10,0.019,1
150,8617,20,1,0,10,0.723,0
170,1391,13,1,0,10,0.073,0
174,6522,1,4,1,10,3.348,1
44,11978,14,1,0,1,0.201,0
177,5348,15,1,1,10,2.565,1
178,2063,13,1,0,10,0.375,0
141,3414,10,1,0,10,0.317,0
101,7863,0,1,0,10,0.573,1
43,4888,11,1,0,10,0.022,0
49,5921,19,1,1,10,0.184,0
109,9196,13,1,0,10,0.387,0
12,15591,13,2,0,10,0.039,0
155,13865,17,1,0,10,0.076,0
116,8945,11,1,0,7,0.404,0
107,1510,6,1,0,10,0.007,0
194,15339,14,1,1,10,0.023,0
154,1296,13,1,0,10,0.136,0
136,4882,13,1,1,10,0.024,0
55,2538,16,1,0,10,0.692,0
152,1208,17,1,0,6,0.195,0
158,3493,7,1,1,10,0.301,0
131,53473,16,1,1,10,2.565,1
11,15136,11,1,0,5,0.009,0
157,1312,16,1,0,10,0.125,0
127,860,12,1,0,7,0.427,0
54,1052,9,1,1,9,0.299,0
110,4300,19,1,0,10,0.14,0
164,18156,11,1,1,7,2.631,1
121,4669,10,1,1,10,0.066,0
197,3171,10,1,0,10,0.366,0
0,18412,10,1,0,10,0.227,0
116,20176,4,1,0,7,0.345,1
126,16057,13,1,0,8,0.07,0
10,976,19,1,1,10,0.349,0
94,1752,7,1,0,10,0.168,0
171,13255,8,1,0,9,0.116,0
4,13620,12,1,0,10,0.092,0
27,23512,3,1,0,10,0.567,1
5,14267,11,1,0,10,0.049,0
114,1684,17,1,0,10,0.123,0
185,16906,10,1,0,10,0.127,0
110,3935,11,1,0,5,0.213,0
155,11325,7,1,0,10,0.245,0
62,18737,3,2,1,7,2.747,1
11,11382,15,1,1,1,0.241,0
71,4837,14,1,0,10,0.033,0
22,4024,8,1,1,3,0.195,0
194,13642,19,1,0,10,0.091,0
0,23850,14,1,0,5,0.59,0
25,4279,12,1,0,10,0.144,0
56,5936,9,1,0,10,0.187,0
158,5969,19,1,1,10,0.194,0
10,1917,6,1,0,10,0.278,0
185,23593,12,1,0,10,0.573,0
154,6149,4,3,1,7,3.099,1
127,1314,15,1,1,10,0.124,0
137,1757,14,1,0,2,0.171,0
30,6118,15,1,0,10,0.592,0
170,1249,8,1,0,4,0.167,0
3,2266,11,1,0,4,0.511,0
193,1667,15,1,0,10,0.111,0
16,4116,15,1,0,10,0.177,0
106,16252,19,1,0,2,0.083,0
58,13179,8,1,0,10,0.121,0
32,4605,21,1,0,10,0.079,0
116,16175,12,1,0,10,0.078,0
86,4885,22,2,0,10,0.023,0
144,2572,10,1,0,2,0.715,0
199,6027,1,3,1,10,3.018,1
41,6903,11,1,0,10,0.381,0
145,2600,13,1,0,10,0.48,0
80,1795,13,1,1,10,0.197,0
33,720,20,1,0,10,0.52,0
78,6732,8,1,0,10,0.346,0
4,17828,13,1,0,10,0.189,0
170,2147,15,1,1,10,0.431,0
16,2815,15,1,0,10,0.437,0
197,5018,14,1,0,2,0.004,0
70,1432,13,1,0,9,0.045,0
57,1687,7,1,0,10,0.125,0
50,16613,13,1,1,10,2.323,1
51,18749,10,1,0,10,0.25,0
142,3378,13,4,0,10,1.252,1
102,1488,10,1,0,10,0.008,0
58,52051,18,1,1,7,2.47,1
17,4119,22,2,0,10,0.176,0
182,1469,21,1,1,5,0.021,0
89,6905,17,2,0,10,0.381,0
81,15260,14,1,0,10,0.017,0
11,15806,18,1,0,10,0.054,0
173,5574,12,1,1,7,0.115,0
56,4283,16,1,0,10,0.143,0
155,11408,15,1,0,8,0.239,0
4,17158,15,1,0,10,0.144,0
174,1733,16,1,0,10,0.155,0
62,3483,17,1,0,10,0.303,0
109,7500,12,1,0,10,0.5,0
130,1420,15,1,0,10,0.053,0
50,882,12,1,0,10,0.824,0
168,968,12,1,0,10,0.355,0
11,12473,17,1,0,10,0.168,0
39,7042,18,1,0,10,0.408,0
190,18182,17,1,0,10,0.212,0
86,11763,19,3,0,10,1.353,1
36,7889,8,1,0,10,0.578,0
36,4649,13,1,0,10,0.07,0
15,4694,12,1,1,1,0.061,0
163,4982,20,1,0,7,0.004,1
49,3635,17,1,0,0,0.273,0
103,10824,10,1,0,10,0.278,0
178,1955,8,1,1,10,0.303,0
41,4045,14,1,1,10,0.191,0
96,1715,11,1,0,10,0.143,0
194,57041,0,3,1,7,2.803,1
64,932,12,1,0,10,0.379,0
88,16008,19,1,0,10,0.067,0
107,1274,14,1,0,10,0.151,0
120,1241,17,1,1,1,0.173,0
138,1676,17,1,0,10,0.117,0
158,6814,20,1,0,10,0.363,0
146,7016,12,1,0,10,0.403,0
131,14238,17,1,0,10,0.051,0
23,1887,15,1,0,1,0.258,0
73,2152,3,1,0,10,0.435,1
191,3683,11,1,1,10,0.263,0
61,8112,15,1,0,8,0.622,0
34,1656,21,1,0,10,0.104,0
148,1833,15,1,0,10,0.222,0
79,7903,2,1,0,10,0.581,1
104,2400,11,1,0,3,0.6,0
28,17621,11,1,0,10,0.175,0
3,2362,8,1,0,10,0.575,0
51,12773,7,1,0,10,0.148,0
113,12145,19,1,0,10,0.19,0
154,1333,10,1,0,10,0.111,0
107,1716,15,1,0,10,0.144,0
84,30672,19,4,0,7,1.045,1
152,1336,17,1,0,2,0.109,0
22,7248,12,2,0,10,0.45,0
78,6988,13,1,0,7,0.398,0
145,2468,9,1,0,7,0.506,0
14,62315,1,3,1,10,3.154,1
96,1435,15,1,0,10,0.043,0
198,12668,15,1,0,10,0.155,0
144,738,6,1,0,10,0.508,0
199,2210,15,1,0,10,0.473,0
56,6287,16,1,0,10,0.257,0
147,1616,12,2,0,1,0.077,0
148,1645,11,1,0,10,0.097,0
112,7129,0,3,1,7,3.753,1
52,788,14,1,0,10,0.475,0
193,1235,19,1,0,10,0.177,0
16,5534,7,1,0,10,0.107,0
199,1334,11,1,0,10,0.111,0
33,1866,9,1,0,10,0.244,0
118,7766,10,1,0,10,0.482,0
128,6319,4,3,1,7,3.213,1
56,6322,18,1,0,10,0.264,0
104,1373,15,1,0,5,0.085,0
42,2610,18,1,0,10,0.74,0
179,1403,17,1,0,10,0.065,0
163,4091,12,1,0,10,0.182,0
194,19922,12,1,1,10,0.328,0
82,16734,16,1,0,7,0.116,1
174,1468,15,1,0,10,0.021,0
43,5120,9,1,1,10,0.024,0
112,2793,19,1,0,10,0.862,0
165,15753,10,1,0,10,0.05,0
42,4966,19,1,1,7,2.311,1
52,2060,11,1,0,10,0.373,0
29,5617,11,1,0,10,0.123,0
129,1125,18,1,0,10,0.25,0
47,12668,15,1,0,6,0.155,0
43,8450,11,5,0,10,0.69,1
188,18283,13,1,0,10,0.219,0
30,16566,19,1,0,7,0.104,1
106,18291,20,1,0,10,0.219,0
81,15853,6,1,0,6,0.057,0
71,5111,13,1,0,10,0.022,0
57,7066,5,2,1,10,3.711,1
128,1432,10,1,0,10,0.045,0
158,3897,13,1,0,9,0.221,0
83,3700,13,1,0,10,0.26,0
1,1760,15,1,0,10,0.173,0
166,15856,15,1,0,10,0.057,0
134,13785,14,1,0,10,0.081,0
179,1573,7,1,1,10,0.049,0
32,5845,14,1,0,10,0.169,0
191,4309,11,1,0,10,0.138,0
3,924,16,1,1,10,0.384,0
80,1700,13,1,0,10,0.133,0
85,1452,11,1,1,10,0.032,0
34,2240,9,2,0,4,0.493,0
66,5249,16,1,0,8,0.05,0
112,1035,8,1,0,10,0.31,0
16,5674,16,1,0,10,0.135,0
69,4353,17,1,0,10,0.129,0
45,1124,11,1,1,10,0.251,0
99,5216,20,1,0,10,0.043,0
157,1488,6,2,1,10,0.008,0
166,16156,13,1,0,10,0.077,0
105,2355,15,1,0,0,0.529,0
76,914,14,1,0,10,0.391,0
135,6908,12,1,0,10,0.382,0
107,1922,11,2,0,10,0.281,0
185,15026,16,1,0,10,0.002,0
104,1415,8,1,0,10,0.057,0
45,1649,16,1,0,2,0.099,0
190,14455,8,1,0,7,0.036,1
128,100,12,1,0,10,0.933,0
83,10247,14,3,0,10,1.049,1
29,4805,13,1,0,7,0.039,0
42,1303,16,1,0,6,0.131,0
146,2220,8,1,0,10,0.556,0
113,9743,14,1,0,10,0.35,0
192,6073,13,1,0,10,0.215,0
61,4765,11,1,1,10,0.047,0
146,2276,9,1,0,10,0.545,0
163,585,17,1,0,10,0.883,0
100,2900,9,1,0,10,0.933,0
158,4516,20,1,0,7,0.097,0
189,5582,18,1,0,10,0.116,0
57,960,12,1,0,7,0.36,0
7,16865,11,1,0,10,0.124,0
133,2101,16,1,0,0,0.401,0
189,6458,16,1,1,4,0.292,0
160,3907,14,1,0,10,0.219,0
84,13797,6,1,1,10,0.08,0
71,5712,18,1,0,1,0.142,0
75,5596,12,1,0,10,0.119,0
189,4562,11,1,0,0,0.088,0
44,23681,16,1,1,10,0.579,0
188,9218,18,1,1,10,0.385,0
125,1775,12,1,1,10,0.183,0
87,6781,9,2,1,4,0.356,0
34,2187,17,1,0,10,0.458,0
132,1487,18,1,0,10,0.009,0
38,4291,13,1,0,5,0.142,0
99,7271,13,1,0,10,0.454,0
195,20026,5,2,1,10,3.005,1
62,5756,10,1,0,3,0.151,0
131,12553,13,1,0,10,0.163,0
162,1659,13,1,0,10,0.106,0
52,1726,13,1,0,3,0.151,0
124,1870,10,1,0,10,0.247,0
147,2135,0,1,0,10,0.423,1
44,14194,18,1,0,10,0.054,0
92,3436,9,1,0,7,0.313,0
23,2029,14,1,0,10,0.353,0
111,16831,13,1,0,10,0.122,0
66,4166,11,1,0,10,0.167,0
113,12535,15,1,0,10,0.164,0
56,3794,16,1,1,10,0.241,0
8,960,16,1,1,10,0.36,0
124,1666,11,1,0,9,0.111,0
60,20114,13,1,0,10,0.341,0
53,5108,17,1,0,10,0.022,0
109,15163,10,1,0,10,0.011,0
86,3259,16,1,0,10,0.348,0
74,1168,16,1,0,10,0.221,0
61,4461,18,1,0,10,0.108,0
199,1792,12,1,0,10,0.195,0
89,6090,18,1,0,10,0.218,0
100,2089,15,1,0,10,0.393,0
194,12704,15,1,1,10,0.153,0
115,5775,10,1,0,10,0.155,0
180,2774,6,1,0,10,0.849,0
76,1878,17,1,0,10,0.252,0
106,11805,15,1,1,10,0.213,0
79,19076,5,4,1,10,2.815,1
59,4901,17,1,1,10,0.02,0
58,15843,10,1,0,7,0.056,1
143,14512,8,1,0,10,0.033,0
188,14943,10,1,0,10,0.004,0
57,2050,16,1,0,10,0.367,0
92,5851,15,1,0,10,0.17,0
36,3248,15,1,0,10,0.35,0
194,19153,11,1,0,6,0.277,0
197,5875,9,1,0,10,0.175,0
55,2267,14,1,0,10,0.511,0
177,813,8,1,0,10,0.458,0
85,1388,14,1,0,7,0.075,1
187,11442,9,1,0,10,0.237,0
9,973,7,1,0,10,0.351,0
138,5311,9,1,1,7,2.541,1
134,17544,14,1,0,10,0.17,0
134,12764,15,1,0,10,0.149,0
80,2269,9,1,0,10,0.513,0
80,1736,15,1,0,7,0.157,0
176,8621,12,1,0,9,0.425,0
129,1625,15,1,1,10,0.083,0
125,1505,16,1,0,7,0.003,1
139,4418,16,1,1,10,0.116,0
144,1257,11,1,0,6,0.162,0
13,14228,12,1,0,7,0.051,1
119,1606,11,1,1,0,0.071,0
123,2285,2,1,0,10,0.523,1
106,12427,17,1,1,10,0.172,0
120,458,14,1,0,10,0.695,0
52,1351,11,1,0,10,0.099,0
65,8434,10,1,1,10,0.438,0
175,4807,16,1,0,10,0.039,0
33,1467,13,1,1,10,0.022,0
11,19405,15,1,0,10,0.294,0
147,1276,12,1,0,10,0.149,0
107,5837,2,4,1,7,2.891,1
66,4065,9,1,0,10,0.187,0
180,1233,15,1,0,10,0.178,0
89,4798,12,1,0,10,0.04,0
74,2199,17,1,0,10,0.466,0
102,571,14,1,0,9,0.619,0
6,20087,18,1,0,7,0.339,0
20,5094,14,1,0,10,0.019,0
2,17139,13,1,1,7,2.428,1
123,954,12,1,0,10,0.364,0
19,3187,7,1,1,10,0.363,0
143,14146,11,1,0,10,0.057,0
59,7412,18,1,0,10,0.482,0
72,1113,12,1,0,9,0.258,0
147,1867,15,1,0,10,0.245,0
127,923,9,1,0,10,0.385,0
6,24675,6,1,0,10,0.645,0
3,1072,14,1,0,10,0.285,0
51,16082,19,1,0,10,0.072,0
135,4601,15,1,0,10,0.08,0
72,1417,13,1,0,10,0.055,0
50,6612,13,1,0,10,0.322,0
151,6418,17,1,0,10,0.284,0
46,16396,10,2,0,10,0.093,0
70,1222,17,1,0,10,0.185,0
53,4387,10,1,0,4,0.123,0
19,5671,13,1,0,9,0.134,0
130,1882,20,1,0,10,0.255,0
97,20467,7,1,0,4,0.364,0
0,17165,15,1,0,10,0.144,0
34,793,12,1,1,10,0.471,0
95,5886,14,1,0,10,0.177,0
82,19510,17,1,1,10,0.301,0
68,18754,17,1,0,10,0.25,0
80,2509,17,1,1,10,0.673,0
191,4412,10,1,0,10,0.118,0
13,16229,17,1,0,1,0.082,0
27,20317,3,1,0,10,0.354,1
189,4691,13,2,0,10,0.062,0
193,1391,15,1,0,10,0.073,0
35,15134,13,1,0,10,0.009,0
168,1891,22,1,0,10,0.261,0
125,1233,10,2,1,10,0.178,0
132,1506,13,1,0,7,0.004,1
29,6090,6,1,0,10,0.218,0
14,5304,12,1,0,2,0.646,0
89,6907,16,1,1,10,0.381,0
39,18528,14,1,1,10,2.706,1
143,11641,17,1,0,10,0.224,0
39,5598,11,1,0,4,0.12,0
182,1724,16,1,0,10,0.149,0
103,11683,18,1,0,10,0.221,0
53,3296,19,1,0,10,0.341,0
6,22089,13,1,0,4,0.473,0
30,18133,17,1,1,10,0.209,0
168,760,14,1,1,10,0.493,0
31,15073,21,1,1,2,0.005,0
141,5258,9,1,0,6,0.052,0
165,15327,11,1,1,10,0.022,0
80,1811,16,2,1,10,0.207,0
126,17478,10,1,0,10,0.165,0
158,4964,10,1,0,7,0.007,1
35,11130,13,1,1,10,0.258,0
126,15529,10,1,0,10,0.035,0
166,12600,11,1,0,10,0.16,0
34,1691,15,1,0,8,0.127,0
4,14180,16,1,0,9,0.055,0
20,7455,11,1,0,10,0.491,0
60,13774,18,1,0,10,0.082,0
55,960,15,1,0,10,0.36,0
70,747,14,1,0,10,0.502,0
138,1309,22,1,0,10,0.127,0
163,3723,14,1,0,10,0.255,0
190,14502,18,1,0,7,0.033,1
100,1294,9,1,0,6,0.137,0
80,646,16,1,0,10,0.569,0
122,18540,16,1,0,7,0.236,0
105,4217,6,1,0,10,0.157,0
142,1435,14,1,0,10,0.043,0
63,6345,13,1,1,10,0.269,0
177,1390,11,1,0,10,0.073,0
5,25793,10,1,0,10,0.72,0
5,56393,12,1,1,7,2.76,1
104,1627,17,1,1,10,0.085,0
65,16297,16,1,0,10,0.086,0
20,10041,10,4,0,7,1.008,1
169,7656,13,1,0,2,0.531,0
8,3133,18,3,0,10,1.089,1
99,7229,20,1,0,10,0.446,0
154,1722,18,1,0,10,0.148,0
32,3769,10,2,0,10,0.246,0
122,24216,12,1,0,10,0.614,0
158,6386,19,1,0,1,0.277,0
109,9236,13,1,1,10,0.384,0
88,21407,16,1,0,10,0.427,0
121,4625,14,1,0,10,0.075,0
19,4437,13,1,1,4,0.113,0
169,3178,9,1,0,1,0.364,0
81,12717,17,1,0,10,0.152,0
199,1853,11,1,0,10,0.235,0
189,16560,19,1,1,10,2.312,1
46,15614,12,1,1,10,0.041,0
100,1636,13,1,0,10,0.091,0
149,5479,11,2,0,3,0.096,0
152,1878,11,1,1,10,0.252,0
178,1615,12,1,0,10,0.077,0
13,21963,6,1,0,10,0.464,0
23,1225,17,1,0,8,0.183,0
63,5406,10,1,0,10,0.081,0
31,20099,17,1,0,1,0.34,0
43,3872,15,1,0,4,0.226,0
10,2013,14,1,0,7,0.342,0
100,544,8,2,0,10,0.637,0
118,15289,14,1,0,10,0.019,0
48,566,11,1,1,10,0.623,0
147,1897,7,1,0,10,0.265,0
161,1622,19,1,0,10,0.081,0
164,6849,20,1,0,10,0.37,0
143,19531,8,1,0,10,0.302,0
168,1428,9,1,0,0,0.048,0
123,2224,18,1,0,5,0.483,0
131,14149,15,1,0,10,0.057,0
129,2458,15,1,0,10,0.639,0
189,5506,13,1,0,10,0.101,0
32,5303,12,1,0,10,0.061,0
167,51663,17,1,1,7,2.444,1
190,13606,16,1,0,10,0.093,0
112,1498,10,1,0,3,0.001,0
164,4504,17,1,0,7,0.099,1
49,9377,14,2,0,7,0.875,0
157,1887,16,1,0,10,0.258,0
91,2394,11,1,0,10,0.596,0
41,3762,15,2,1,10,0.248,0
82,11954,13,1,0,10,0.203,0
173,2385,17,1,0,10,0.523,0
44,18133,11,1,0,10,0.209,0
101,3587,15,1,0,10,0.283,0
96,1608,11,1,0,10,0.072,0
161,1880,17,1,0,6,0.253,0
46,17062,17,1,0,8,0.137,0
26,4926,12,1,0,10,0.015,0
167,17170,12,1,0,0,0.145,0
166,19245,18,1,0,10,0.283,0
199,1368,13,1,0,10,0.088,0
193,1347,14,1,0,10,0.102,0
105,10202,17,5,0,10,1.04,1
122,13987,17,1,0,10,0.068,0
28,28715,18,1,0,10,0.914,0
110,6240,22,1,0,8,0.248,0
74,1409,10,1,0,6,0.061,0
126,17098,13,1,0,10,0.14,0
149,17119,18,1,1,10,2.424,1
98,13887,17,1,0,10,0.074,0
20,5077,16,1,0,7,0.015,1
127,1253,10,1,0,10,0.165,0
54,1627,18,1,0,2,0.085,0
151,6059,7,1,0,10,0.212,0
72,1642,19,1,0,10,0.095,0
100,1555,12,2,0,10,0.037,0
128,1284,16,1,0,6,0.144,0
49,3708,22,2,1,10,0.258,0
80,500,14,1,0,3,0.667,0
72,1391,14,1,0,10,0.073,0
140,6269,18,1,1,10,0.254,0
74,2460,17,1,0,10,0.64,0
152,1669,6,1,0,10,0.113,0
191,4714,9,1,0,0,0.057,0
179,1259,10,1,0,10,0.161,0
135,6669,9,1,1,10,0.334,0
105,4438,11,1,0,10,0.112,0
80,1700,6,1,0,10,0.133,0
36,3622,8,1,1,10,0.276,0
111,20695,12,2,0,10,0.38,0
92,2696,15,1,0,6,0.461,0
81,16532,20,1,0,10,0.102,0
79,4329,6,1,0,10,0.134,0
44,21992,15,1,0,10,0.466,0
124,1069,22,1,0,10,0.287,0
46,15533,15,1,0,10,0.036,0
159,4649,16,1,0,10,0.07,0
67,7076,9,1,0,10,0.528,0
125,1426,14,1,0,5,0.049,0
148,2264,16,1,0,7,0.509,0
116,18826,10,1,0,10,0.255,0
180,1997,16,1,0,10,0.331,0
189,5201,18,1,0,10,0.04,0
98,13946,15,1,0,10,0.07,0
99,5892,11,1,0,10,0.178,0
27,24374,18,1,0,10,0.625,0
78,5403,10,1,1,10,0.081,0
126,15070,14,1,0,4,0.005,0
58,15078,15,1,0,6,0.005,0
84,17890,20,1,0,10,0.193,0
103,14257,10,1,0,10,0.05,0
44,12159,16,1,0,10,0.189,0
107,1700,10,1,0,10,0.133,0
168,1441,16,1,0,10,0.039,0
96,565,15,1,0,8,0.623,0
30,16974,13,1,0,9,0.132,0
199,1893,10,1,1,10,0.262,0
181,1539,14,1,0,7,0.026,0
12,15926,9,1,0,10,0.062,0
88,22497,22,1,0,10,0.5,0
98,10567,16,1,0,10,0.296,0
157,1753,3,1,0,10,0.169,1
40,5180,14,1,0,4,0.036,0
38,6329,14,1,0,10,0.266,0
180,619,12,2,0,10,0.587,0
126,14553,17,1,0,10,0.03,0
67,18056,18,1,0,10,0.204,0
156,1883,15,1,1,10,0.255,0
9,1321,18,1,0,10,0.119,0
178,2351,15,1,0,10,0.567,0
152,1435,21,1,0,10,0.043,0
196,1242,13,2,0,10,0.172,0
27,19282,20,1,0,9,0.285,0
105,4467,11,1,0,10,0.107,0
140,5133,11,1,0,10,0.027,0
146,5861,20,1,0,10,0.172,0
11,17820,12,1,0,10,0.188,0
176,13205,16,1,0,10,0.12,0
67,16027,21,1,1,10,0.068,0
195,9263,20,1,0,10,0.853,0
9,1075,10,1,0,10,0.283,0
57,2216,17,1,0,10,0.477,0
171,25132,19,5,0,10,0.675,1
91,532,19,1,0,10,0.645,0
197,8063,6,1,0,10,0.613,0
0,13622,9,1,0,10,0.092,0
37,1324,10,1,0,10,0.117,0
95,5748,8,1,0,10,0.15,0
189,4020,16,1,0,10,0.196,0
70,1915,7,1,0,10,0.277,0
189,2733,19,1,0,10,0.453,0
142,2538,20,1,0,10,0.692,0
156,1547,13,1,0,10,0.031,0
157,5249,14,1,1,10,2.499,1
188,18411,14,1,0,4,0.227,0
111,15530,14,1,0,10,0.035,0
138,1611,11,1,0,10,0.074,0
27,19585,19,1,0,10,0.306,0
11,17198,10,1,0,10,0.147,0
42,1605,12,1,0,10,0.07,0
194,14503,11,1,0,10,0.033,0
55,767,9,2,0,1,0.489,0
74,1252,6,2,0,9,0.165,0
14,16389,13,1,0,10,0.093,0
52,1835,18,1,0,10,0.223,0
95,4831,16,1,0,10,0.034,0
149,2889,10,1,0,10,0.422,0
171,12464,13,2,0,10,0.169,0
145,8013,23,1,0,10,0.603,1
2,7369,15,1,0,10,0.474,0
183,1838,9,1,0,10,0.225,0
53,6908,15,1,0,5,0.382,0
74,1204,9,1,1,10,0.197,0
33,2204,13,1,1,10,0.469,0
191,6907,17,1,0,2,0.381,0
56,16797,15,1,1,10,2.359,1
34,1602,7,1,0,10,0.068,0
145,4411,7,1,0,5,0.118,0
77,4684,13,1,0,10,0.063,0
106,14710,10,1,0,10,0.019,0
191,5302,19,1,0,10,0.06,0
132,1257,8,1,0,10,0.162,0
2,20578,4,2,1,10,3.116,1
29,5137,1,1,0,10,0.027,1
134,16473,17,2,0,10,0.098,0
115,6968,18,1,0,10,0.394,0
36,6197,18,1,0,10,0.239,0
81,12020,13,1,1,5,0.199,0
87,5572,20,1,0,10,0.114,0
148,2354,2,1,0,10,0.569,1
103,11289,14,1,1,10,0.247,0
51,16446,11,1,0,3,0.096,0
0,14285,9,1,0,10,0.048,0
83,3425,16,1,0,9,0.315,0
10,1469,15,1,0,10,0.021,0
130,1680,16,1,1,8,0.12,0
31,19240,13,1,0,10,0.283,0
160,5273,12,2,0,10,0.055,0
195,5056,14,1,0,10,0.011,0
144,1773,16,1,0,10,0.182,0
53,4074,17,1,0,3,0.185,0
24,1997,17,1,0,10,0.331,0
2,7405,1,1,0,7,0.481,1
100,1213,16,1,0,10,0.191,0
1,1597,17,1,0,10,0.065,0
130,1571,19,1,0,10,0.047,0
91,1169,14,1,1,3,0.221,0
49,4195,13,1,0,10,0.161,0
166,11904,10,1,0,10,0.206,0
146,7337,10,1,0,10,0.467,0
24,2218,18,1,1,10,0.479,0
166,11401,16,1,1,10,0.24,0
197,4938,13,1,1,10,0.012,0
15,6340,12,1,0,10,0.268,0
17,16821,16,1,1,7,2.364,1
147,1159,14,1,1,10,0.227,0
7,19068,9,1,0,10,0.271,0
4,12573,10,1,0,10,0.162,0
193,646,16,1,0,10,0.569,0
1,1519,15,1,0,7,0.013,0
183,1562,22,2,0,10,0.041,0
132,5717,5,2,1,7,2.811,1
78,3727,13,1,0,6,0.255,0
174,2095,21,1,0,10,0.397,0
179,1469,19,1,1,10,0.021,0
38,2850,13,2,0,7,0.43,0
72,4772,20,1,1,7,2.181,1
155,10723,6,1,0,10,0.285,0
108,19684,19,1,0,10,0.312,0
175,4266,16,1,0,10,0.147,0
45,2088,17,1,1,10,0.392,0
7,18219,11,1,0,10,0.215,0
46,15922,11,1,0,10,0.061,0
71,6827,12,1,0,10,0.365,0
43,5277,13,1,0,10,0.055,0
37,1016,12,1,0,10,0.323,0
22,4264,13,1,1,10,0.147,0
40,16417,9,1,1,10,2.283,1
101,7378,4,1,0,10,0.476,1
188,18608,12,1,0,10,0.241,0
157,1684,15,1,0,10,0.123,0
98,17106,22,1,0,10,0.14,0
115,2120,14,1,0,6,0.576,0
191,6367,16,1,0,10,0.273,0
65,12900,14,2,0,10,0.14,0
80,2034,12,1,0,10,0.356,0
104,1716,15,1,0,10,0.144,0
120,992,11,1,0,6,0.339,0
35,16047,16,1,0,10,0.07,0
132,1236,17,1,0,10,0.176,0
102,1843,1,1,0,10,0.229,1
190,13013,15,1,0,10,0.132,0
24,1032,10,1,0,10,0.312,0
177,4985,8,1,1,10,2.323,1
197,5801,10,1,0,10,0.16,0
166,52270,20,1,1,7,2.485,1
27,20582,19,1,0,5,0.372,0
157,1276,12,1,0,10,0.149,0
175,17879,13,1,1,10,2.576,1
190,14005,14,1,1,8,0.066,0
21,1541,15,1,0,7,0.027,1
4,11100,14,1,0,8,0.26,0
109,14588,15,1,0,7,0.027,1
113,15458,18,1,0,7,0.031,1
116,19686,11,1,1,10,0.312,0
52,1483,16,1,0,10,0.011,0
110,3710,16,1,1,10,0.258,0
7,13686,13,1,0,10,0.088,0
74,5383,18,1,1,7,2.589,1
109,8549,16,1,0,0,0.43,0
143,24455,18,1,0,7,0.63,0
94,981,14,1,0,10,0.346,0
56,2772,17,2,0,2,0.446,0
190,11070,13,1,0,9,0.262,0
124,1127,12,1,0,10,0.249,0
136,3963,14,1,0,10,0.207,0
45,798,12,1,0,10,0.468,0
70,2044,3,1,0,10,0.363,1
105,3439,16,1,0,10,0.312,0
56,7254,6,1,0,10,0.451,0
150,4962,18,1,1,10,0.008,0
77,4942,12,1,0,7,0.012,1
91,1710,12,1,1,10,0.14,0
2,4815,19,1,0,10,0.037,0
39,3639,10,1,0,10,0.272,0
13,14399,14,1,0,8,0.04,0
151,2080,14,1,0,10,0.584,0
152,1609,10,1,0,10,0.073,0
84,17425,15,1,0,10,0.162,0
114,795,6,1,0,10,0.47,0
173,4182,16,1,0,10,0.164,0
86,7251,10,1,0,8,0.45,0
106,13374,15,1,0,10,0.108,0
81,16132,18,1,0,10,0.075,0
96,457,12,1,0,10,0.695,0
135,4267,10,1,0,10,0.147,0
5,15646,11,2,0,10,0.043,0
32,4799,17,1,0,10,0.04,0
198,21976,16,1,0,10,0.465,0
177,1704,14,1,0,10,0.136,0
154,1236,20,1,0,10,0.176,0
73,1116,21,1,0,5,0.256,0
12,58266,0,2,1,10,2.884,1
97,15323,10,1,0,7,0.022,1
40,3221,10,1,0,10,0.356,0
37,2155,15,1,0,10,0.437,0
109,20984,6,1,0,2,0.399,0
94,1853,11,1,0,10,0.235,0
92,3668,13,1,0,10,0.266,0
199,3097,2,1,0,10,1.065,1
83,4078,11,1,0,10,0.184,0
9,2299,13,1,0,10,0.533,0
67,13383,19,1,0,10,0.108,0
84,19014,13,1,1,0,0.268,0
118,19104,11,1,0,10,0.274,0
7,15992,14,1,0,1,0.066,0
180,1319,6,1,0,10,0.121,0
197,1661,18,1,0,10,0.668,0
30,10385,16,1,0,10,0.308,0
109,8380,9,1,0,3,0.441,0
75,6062,18,1,0,3,0.212,0
44,13832,17,2,0,9,0.078,0
20,6917,14,1,0,4,0.383,0
1,1359,13,1,1,10,0.094,0
76,1370,14,1,1,10,0.087,0
66,4059,11,1,0,10,0.188,0
124,1447,12,1,0,3,0.035,0
151,18158,12,1,1,7,2.632,1
103,13819,12,1,0,8,0.079,0
39,5750,15,1,0,10,0.15,0
26,4252,15,1,0,10,0.15,0
43,5809,6,1,0,10,0.162,0
86,5534,16,1,0,10,0.107,0
165,9367,12,1,0,10,0.376,0
192,5756,12,1,0,10,0.151,0
182,1071,17,1,1,1,0.286,0
112,1767,18,1,0,10,0.178,0
192,5882,13,1,0,0,0.176,0
116,12721,19,1,0,10,0.152,0
54,1857,13,1,0,1,0.238,0
131,14271,15,1,0,10,0.049,0
193,2040,21,1,0,2,0.36,0
154,708,13,1,1,10,0.528,0
49,4601,10,1,0,10,0.08,0
190,15189,11,1,0,3,0.013,0
184,22722,14,1,0,10,0.515,0
48,1388,15,1,0,10,0.075,0
95,4340,13,1,0,1,0.132,0
173,6166,18,1,1,8,0.233,0
12,17742,10,1,0,10,0.183,0
168,1618,15,1,0,10,0.079,0
187,19567,14,1,0,10,0.304,0
52,5039,8,1,1,10,2.359,1
163,6984,18,1,0,10,0.397,0
9,1544,16,1,0,3,0.029,0
198,11071,7,1,1,10,0.262,0
11,14238,18,1,1,10,0.051,0
131,17933,14,1,0,10,0.196,0
153,7320,8,2,1,10,0.464,0
60,14963,14,1,0,10,0.002,0
60,15441,11,1,0,10,0.029,0
83,5855,11,1,1,1,0.171,0
13,12282,15,1,0,10,0.181,0
103,21358,10,1,0,10,0.424,0
108,18215,11,1,1,10,0.214,0
184,15236,22,1,0,1,0.016,0
173,4922,12,1,0,10,0.016,0
68,20480,12,1,0,10,0.365,0
195,6048,9,1,0,10,0.21,0
5,6519,12,1,0,10,0.565,0
187,19389,12,1,0,10,0.293,0
197,6692,13,1,0,10,0.338,0
102,1847,10,1,0,10,0.231,0
40,5466,6,1,0,10,0.093,0
137,744,1,1,0,10,0.504,1
62,5276,11,1,0,6,0.055,0
198,17449,12,1,0,10,0.163,0
139,4959,12,1,0,10,0.008,0
143,17506,16,1,0,10,0.167,0
45,1158,16,1,0,10,0.228,0
19,5050,14,1,0,10,0.01,0
178,1831,8,1,0,10,0.221,0
169,6042,18,2,0,10,0.208,0
183,1504,7,1,0,10,0.003,0
10,1348,16,1,0,3,0.101,0
8,1940,14,1,0,10,0.293,0
108,16851,16,1,0,10,0.123,0
60,13324,14,1,0,10,0.112,0
40,5139,13,1,0,10,0.028,0
15,5773,22,1,0,10,0.155,0
46,20846,14,1,0,10,0.39,0
177,3008,12,5,0,10,1.005,1
37,100,13,1,0,10,0.933,0
3,1320,15,1,1,10,0.12,0
35,19449,13,1,0,10,0.297,0
97,12483,20,1,0,10,0.168,0
162,1476,19,1,0,10,0.016,0
85,2253,17,1,0,10,0.502,0
55,1548,10,1,1,8,0.032,0
81,17571,9,2,0,10,0.171,0
62,6181,11,1,0,10,0.236,0
168,2089,10,1,1,10,0.393,0
30,10856,14,1,0,10,0.276,0
104,829,12,1,0,10,0.447,0
105,5513,12,1,0,5,0.103,0
125,1308,14,1,0,10,0.128,0
156,5507,16,1,1,10,2.671,1
77,2651,18,1,0,10,0.47,0
164,4607,9,1,0,10,0.079,0
165,18422,11,1,0,10,0.228,0
15,5925,18,1,1,3,0.185,0
190,21988,6,1,0,10,0.466,0
9,2292,16,1,1,10,0.528,0
92,4827,13,1,1,10,0.035,0
39,4214,8,1,0,10,0.157,0
95,5053,16,1,0,10,0.011,0
6,5237,14,1,0,10,0.651,0
154,2139,11,1,0,10,0.426,0
78,3913,15,1,0,10,0.217,0
118,13475,17,1,0,10,0.102,0
37,1078,13,1,0,10,0.281,0
102,2142,14,1,0,10,0.428,0
164,5293,12,1,0,10,0.059,0
152,1494,20,1,0,7,0.004,1
49,3654,14,1,0,10,0.269,0
165,15137,11,1,0,10,0.009,0
112,1376,12,1,0,10,0.083,0
0,7296,13,1,0,10,0.514,0
48,1154,10,1,0,10,0.231,0
110,7352,12,1,1,10,0.47,0
127,5888,2,3,1,10,2.925,1
176,15998,10,1,0,10,0.067,0
102,997,15,1,0,6,0.335,0
141,19184,2,3,1,10,2.837,1
37,1590,10,1,0,10,0.06,0
179,831,14,1,0,7,0.446,0
57,2090,15,1,0,10,0.393,0
32,7853,20,1,0,10,0.571,0
33,736,16,1,0,10,0.509,0
27,31620,15,5,0,10,1.108,1
31,18459,11,1,0,9,0.231,0
42,1316,13,1,0,10,0.123,0
23,1336,11,1,0,10,0.109,0
21,1271,20,1,0,3,0.153,0
35,20361,15,1,0,8,0.357,0
60,18749,13,1,0,9,0.25,0
84,19115,14,1,0,10,0.274,0
5,26323,10,5,0,7,0.755,1
25,3220,17,1,0,10,0.356,0
197,3761,15,1,0,10,0.248,0
136,4347,9,1,0,10,0.131,0
131,14026,13,1,0,10,0.065,0
179,659,9,1,1,10,0.561,0
82,22535,15,1,0,10,0.502,0
75,5758,16,1,0,10,0.152,0
185,17673,16,1,0,8,0.178,0
7,27550,6,1,0,5,0.837,0
162,1334,6,1,0,9,0.111,0
175,5069,13,1,1,10,0.014,0
182,1718,16,1,0,10,0.145,0
61,5257,17,1,1,10,0.051,0
98,14205,11,1,0,10,0.053,0
35,8910,15,1,0,10,0.406,0
124,1069,13,1,0,10,0.287,0
114,2334,14,1,0,10,0.556,0
17,5362,14,1,0,10,0.072,0
63,4244,12,1,0,10,0.151,0
34,1912,8,1,0,10,0.275,0
168,1561,11,1,1,5,0.041,0
174,462,15,1,0,10,0.692,0
115,5836,19,1,0,4,0.167,0
57,2166,9,1,0,10,0.444,0
160,6717,4,1,0,10,0.343,1
196,1754,11,1,0,10,0.169,0
98,16553,14,1,0,10,0.104,0
138,1800,17,1,1,10,0.2,0
108,14296,22,1,0,3,0.047,0
156,1940,9,1,0,10,0.293,0
2,6392,16,1,0,10,0.278,0
76,1908,6,1,0,10,0.272,0
177,688,16,1,0,10,0.541,0
1,1702,15,1,0,6,0.135,0
143,22409,11,1,0,0,0.494,0
63,3578,19,1,0,10,0.284,0
141,4695,6,1,0,10,0.061,0
116,7656,14,1,0,10,0.49,0
107,3444,20,3,0,7,1.296,1
62,6818,13,1,0,10,0.364,0
26,8902,14,1,0,1,0.78,0
99,5441,14,1,0,10,0.088,0
53,4159,13,1,0,7,0.168,0
42,1019,10,1,1,10,0.321,0
29,6738,12,1,0,5,0.348,0
73,1506,10,1,0,10,0.004,0
91,1571,12,1,0,4,0.047,0
52,1110,13,1,0,10,0.26,0
179,1260,19,1,0,10,0.16,0
66,5583,15,1,0,3,0.117,0
76,2424,14,2,0,10,0.616,0
37,1476,19,1,0,10,0.016,0
85,1201,6,1,0,10,0.199,0
146,6093,20,1,0,10,0.219,0
55,1947,11,1,0,2,0.298,0
5,60972,2,3,1,7,3.065,1
26,6423,17,2,0,6,0.285,0
9,4966,18,1,1,10,2.311,1
105,3708,8,1,0,10,0.258,0
190,10786,9,2,0,10,0.281,0
4,20224,12,1,0,10,0.348,0
138,1304,10,1,0,10,0.131,0
15,2597,14,1,1,2,0.481,0
171,54476,19,1,1,10,2.632,1
138,914,12,1,0,10,0.391,0
180,1471,10,1,1,10,0.019,0
48,2145,12,1,0,10,0.43,0
43,5247,10,1,0,10,0.049,0
116,53069,13,1,1,7,2.538,1
126,21171,22,1,0,10,0.411,0
136,5236,8,1,1,10,0.047,0
21,1735,13,1,0,7,0.157,1
34,642,17,1,0,10,0.572,0
98,12006,15,1,0,0,0.2,0
76,2060,10,2,0,10,0.373,0
86,7684,12,1,0,10,0.537,0
188,16345,14,1,0,10,0.09,0
42,1744,15,1,0,4,0.163,0
199,1345,12,1,0,1,0.103,0
73,1601,7,1,0,1,0.067,0
102,1363,20,1,0,7,0.091,0
130,1703,14,1,0,10,0.135,0
143,10089,18,1,0,3,0.327,0
152,5599,16,1,1,10,2.733,1
5,19609,11,1,0,10,0.307,0
68,16778,9,1,0,3,0.119,0
70,1321,13,1,0,6,0.119,0
67,18534,13,1,0,5,0.236,0
42,1349,17,1,1,10,0.101,0
115,4968,6,1,0,10,0.006,0
52,1175,17,1,0,6,0.217,0
72,2457,1,1,0,7,0.638,1
176,14755,15,1,0,10,0.016,0
97,18339,9,1,0,10,0.223,0
3,1897,14,1,0,10,0.265,0
19,5022,13,1,0,8,0.004,0
156,1840,13,1,0,2,0.227,0
23,902,6,1,0,10,0.399,0
47,17745,19,1,0,10,0.183,0
69,5103,9,1,0,10,0.021,0
102,1531,15,1,0,10,0.021,0
160,5046,12,1,0,10,0.009,0
184,15097,22,1,0,10,0.006,0
59,3458,14,1,0,4,0.308,0
11,14384,18,1,1,10,0.041,0
102,1947,10,1,1,10,0.298,0
58,13163,19,1,0,10,0.122,0
48,1343,13,1,1,10,0.105,0
58,21691,9,1,0,10,0.446,0
28,18275,13,1,0,10,0.218,0
18,2218,18,1,0,10,0.479,0
189,4289,19,1,0,10,0.142,0
9,740,13,1,0,10,0.507,0
78,4661,9,1,0,10,0.068,0
16,4803,12,1,0,10,0.039,0
27,53838,17,1,1,10,2.589,1
122,16097,17,1,0,10,0.073,0
166,19293,17,1,0,10,0.286,0
64,1477,14,2,0,8,0.015,0
133,2273,21,1,0,10,0.515,0
179,1214,13,1,0,10,0.191,0
4,55868,15,1,1,10,2.725,1
115,7507,18,1,0,10,0.501,0
182,1080,16,1,0,10,0.28,0
97,21850,9,1,0,10,0.457,0
182,2598,6,1,0,10,0.732,0
53,2165,15,1,0,10,0.567,0
197,4124,10,1,0,10,0.175,0
54,1419,19,1,1,10,0.054,0
47,16683,17,1,0,10,0.112,0
177,2334,20,1,0,10,0.556,0
178,5190,11,1,1,10,2.46,1
95,21320,2,2,1,10,3.264,1
172,1847,22,1,0,10,0.231,0
146,5906,8,1,0,6,0.181,0
21,2266,14,1,0,10,0.511,0
85,1895,18,1,1,10,0.263,0
29,5841,15,1,0,0,0.168,0
30,7827,8,1,0,8,0.478,0
23,2070,19,2,0,10,0.38,0
198,11311,9,1,0,10,0.246,0
77,7216,14,1,0,7,0.443,0
198,12076,6,2,1,10,0.195,0
94,1585,12,1,0,10,0.057,0
192,2645,22,1,0,10,0.471,0
21,768,10,2,0,10,0.488,0
34,1319,9,1,0,10,0.121,0
28,13718,6,1,1,9,0.085,0
170,1562,12,1,0,10,0.041,0
155,19125,9,1,0,10,0.275,0
102,1257,10,1,0,10,0.162,0
43,6409,21,1,0,10,0.282,0
125,2172,16,1,0,10,0.448,0
155,9137,14,1,0,10,0.391,0
133,1286,10,1,0,10,0.143,0
123,1781,8,1,1,1,0.187,0
104,3228,18,3,0,10,1.152,1
132,2068,16,1,1,10,0.379,0
128,1556,12,1,0,10,0.037,0
171,12505,15,1,0,10,0.166,0
133,1482,6,1,0,10,0.012,0
175,5976,10,1,0,6,0.195,0
193,1269,0,1,0,10,0.154,1
100,972,15,1,0,10,0.352,0
192,4245,10,1,0,10,0.151,0
42,1476,15,1,0,10,0.016,0
152,1030,10,1,0,10,0.313,0
144,1378,12,1,0,7,0.081,1
11,14914,21,1,1,10,0.006,0
191,3956,18,1,0,10,0.209,0
87,589,16,1,0,5,0.882,0
133,816,17,1,0,10,0.456,0
117,7348,12,1,0,10,0.47,0
24,1366,15,1,0,10,0.089,0
70,2350,9,1,0,10,0.567,0
36,5703,11,1,0,4,0.141,0
178,758,14,2,0,10,0.495,0
88,12865,10,1,0,10,0.142,0
52,1644,16,1,0,10,0.096,0
77,5944,17,1,0,2,0.189,0
104,1429,11,1,0,10,0.047,0
19,3062,9,1,0,10,0.388,0
36,4556,10,1,0,10,0.089,0
178,1153,12,1,0,1,0.231,0
79,4364,18,1,0,10,0.127,0
186,1095,12,1,1,10,0.781,0
42,847,12,1,0,10,0.435,0
81,17334,15,1,0,10,0.156,0
21,2406,11,1,0,0,0.604,0
122,18398,11,1,0,0,0.227,0
172,2789,13,1,0,3,0.859,0
111,14993,17,1,0,10,0.0,0
173,5223,11,1,0,10,0.045,0
133,1243,15,1,0,10,0.171,0
97,13880,12,1,0,9,0.075,0
107,1255,12,1,1,10,0.163,0
14,24719,3,1,0,10,0.648,1
0,9472,17,1,0,10,0.369,0
32,3961,12,1,1,10,0.208,0
20,4154,15,1,0,1,0.169,0
156,1483,19,1,0,10,0.011,0
113,14151,14,1,0,7,0.057,0
165,9490,19,1,0,10,0.367,0
22,5237,22,1,0,8,0.047,0
25,4215,20,1,0,4,0.157,0
110,4047,12,1,0,10,0.191,0
110,3349,15,1,1,10,0.33,0
170,1972,19,1,0,9,0.315,0
75,4005,15,1,0,10,0.199,0
88,21258,13,1,0,0,0.417,0
121,7165,19,1,0,10,0.433,0
137,1627,10,1,0,6,0.085,0
124,1444,15,1,1,10,0.037,0
151,7354,11,1,0,10,0.471,0
72,1843,14,1,0,10,0.229,0
53,4565,15,1,0,10,0.087,0
47,18286,22,1,0,10,0.219,0
121,3080,6,1,0,3,0.384,0
67,15723,13,1,0,10,0.048,0
75,1217,14,1,0,10,0.757,0
163,1873,16,1,0,10,0.625,0
43,19112,2,3,1,10,2.822,1
54,2076,10,1,1,10,0.384,0
55,1125,19,1,0,10,0.25,0
96,1314,12,1,0,10,0.124,0
104,1549,17,1,0,10,0.033,0
19,6499,11,1,0,10,0.3,0
159,6042,9,1,0,10,0.208,0
7,21377,22,1,0,7,0.425,0
198,7230,15,1,1,10,0.518,0
164,4419,9,1,0,2,0.116,0
189,3553,10,1,0,10,0.289,0
123,1690,7,1,1,10,0.127,0
2,3570,12,1,0,4,0.286,0
46,17173,15,2,0,10,0.145,0
33,1822,11,1,1,10,0.215,0
164,4324,10,1,0,10,0.135,0
53,5706,12,1,0,10,0.141,0
53,2249,14,1,1,10,0.55,0
121,5369,9,1,0,9,0.074,0
59,3763,14,1,0,10,0.247,0
104,2188,15,1,0,10,0.459,0
40,2773,12,1,0,10,0.445,0
116,12564,13,1,0,10,0.162,0
36,5120,11,2,0,10,0.024,0
86,6449,14,1,0,10,0.29,0
188,13946,14,1,0,8,0.07,0
66,6269,9,1,1,10,0.254,0
188,12362,20,1,0,10,0.176,0
63,5809,20,1,0,10,0.162,0
120,1878,13,1,0,10,0.252,0
163,6295,14,1,0,10,0.259,0
170,1492,15,1,0,10,0.005,0
180,457,9,1,0,10,0.695,0
182,1652,16,1,0,10,0.101,0
68,15414,20,1,1,10,0.028,0
37,1661,10,1,1,10,0.107,0
162,1488,19,1,0,4,0.008,0
140,6214,12,1,1,10,0.243,0
142,1406,16,1,0,10,0.063,0
31,9861,11,1,0,4,0.343,0
142,1224,19,1,0,10,0.184,0
185,21355,12,1,0,10,0.424,0
11,17449,17,1,0,8,0.163,0
193,1601,9,1,0,10,0.067,0
157,982,15,1,0,10,0.345,0
11,18352,13,1,1,10,0.223,0
112,1285,6,1,0,10,0.143,0
188,16694,10,1,0,5,0.113,0
16,4088,17,1,0,10,0.182,0
56,6093,15,1,0,10,0.219,0
189,4765,16,1,0,10,0.047,0
65,19848,16,1,0,10,0.323,0
25,4429,14,1,0,10,0.114,0
49,5065,15,1,1,10,0.013,0
23,1592,12,1,0,10,0.061,0
62,5874,11,1,0,10,0.175,0
72,1420,22,1,0,5,0.053,0
124,1100,12,1,0,10,0.267,0
55,2352,13,1,0,10,0.568,0
156,1344,6,1,0,10,0.104,0
46,19026,15,1,0,10,0.268,0
52,1477,8,1,0,10,0.015,0
0,32356,11,3,0,10,1.157,1
139,5440,11,1,1,10,0.088,0
184,14105,16,1,0,7,0.06,1
123,2556,6,1,0,10,0.704,0
23,1646,11,1,0,10,0.097,0
100,1709,20,1,0,1,0.139,0
5,16184,10,1,0,10,0.079,0
177,1038,13,1,0,10,0.308,0
64,5619,8,1,1,10,2.746,1
31,17396,15,1,1,10,0.16,0
16,4899,9,1,0,10,0.02,0
172,1150,16,1,1,10,0.233,0
84,17516,16,2,0,10,0.168,0
153,4046,13,1,0,3,0.191,0
175,20006,0,4,1,10,3.001,1
161,1674,9,1,0,9,0.116,0
139,4697,6,1,1,10,0.061,0
4,53060,9,1,1,10,2.537,1
59,4224,11,1,0,10,0.155,0
177,1515,10,1,0,9,0.01,0
110,4532,17,1,0,10,0.094,0
196,5127,15,1,1,10,2.418,1
38,6018,9,1,0,10,0.204,0
114,1238,6,1,0,10,0.175,0
12,19434,16,1,1,0,0.296,0
134,53066,19,1,1,7,2.538,1
62,5116,21,1,0,10,0.023,0
187,17969,21,1,0,10,0.198,0
168,1817,14,1,0,10,0.211,0
0,16830,14,1,0,10,0.122,0
149,1814,11,1,0,10,0.637,0
46,10820,14,1,0,10,0.279,0
79,3832,11,2,0,3,0.234,0
80,1543,10,1,0,6,0.029,0
46,11828,11,1,0,2,0.211,0
62,8153,23,1,0,7,0.631,1
20,6185,10,1,1,10,0.237,0
43,3794,15,1,0,10,0.241,0
108,13927,13,1,1,10,0.072,0
144,1118,7,1,0,10,0.255,0
111,16711,18,1,0,10,0.114,0
46,9316,8,1,0,10,0.379,0
130,1778,10,1,0,10,0.185,0
163,4906,6,1,0,10,0.019,0
74,1297,22,1,0,5,0.135,0
174,1316,9,1,0,10,0.123,0
96,1075,17,1,0,10,0.283,0
54,694,12,1,0,10,0.537,0
170,1348,10,1,0,10,0.101,0
155,15842,17,1,0,10,0.056,0
74,523,22,1,0,0,0.651,0
33,1289,17,1,0,8,0.141,0
23,1320,7,1,0,10,0.12,0
33,1471,6,2,0,10,0.019,0
177,1223,17,1,0,10,0.185,0
108,51450,14,1,1,10,2.43,1
82,12869,15,1,0,10,0.142,0
4,8109,12,1,1,10,0.459,0
13,18791,13,1,0,10,0.253,0
41,4502,9,1,0,10,0.1,0
152,1714,19,1,0,10,0.143,0
71,2566,16,1,1,10,0.487,0
70,1883,13,1,1,10,0.255,0
187,12576,20,1,0,10,0.162,0
140,3823,9,1,1,10,0.235,0
27,8014,14,1,1,10,0.466,0
46,13304,6,1,0,10,0.113,0
71,7616,10,1,0,10,0.523,0
103,15795,6,1,0,5,0.053,0
58,7420,12,1,0,10,0.505,0
104,1196,17,1,0,10,0.203,0
89,5554,17,1,0,10,0.111,0
127,1569,11,1,0,10,0.046,0
177,1514,6,1,0,10,0.009,0
114,1112,12,1,0,10,0.259,0
188,14747,19,1,0,10,0.017,0
197,5973,13,1,0,10,0.195,0
63,4783,16,1,0,10,0.043,0
0,53237,13,1,1,10,2.549,1
98,15825,9,1,0,10,0.055,0
40,5674,7,1,0,10,0.135,0
88,19287,15,1,1,10,0.286,0
105,22195,0,2,1,10,3.439,1
102,1415,22,1,0,10,0.057,0
173,3753,14,1,0,0,0.249,0
64,1599,16,1,1,3,0.066,0
31,25982,11,5,0,10,0.732,1
180,1664,20,1,1,10,0.109,0
25,3267,18,1,0,10,0.347,0
64,1848,19,1,0,2,0.232,0
55,1037,11,1,0,10,0.309,0
190,18282,15,1,0,10,0.219,0
85,1952,14,2,0,6,0.301,0
15,4913,16,1,0,7,0.017,0
87,7336,15,1,0,10,0.467,0
179,2846,14,1,1,6,0.897,0
107,1474,9,1,0,10,0.017,0
13,17897,22,1,0,10,0.193,0
23,1812,23,1,0,10,0.208,1
195,1804,14,1,1,7,0.639,0
62,1977,9,1,0,10,0.605,0
79,4211,6,1,0,2,0.158,0
136,18625,19,1,1,7,2.725,1
45,833,18,1,1,10,0.445,0
191,6396,12,1,1,10,0.279,0
115,6318,11,1,0,10,0.264,0
53,4437,6,1,0,6,0.113,0
77,7199,16,1,0,10,0.44,0
124,1587,15,1,0,10,0.058,0
195,16996,14,1,1,10,2.399,1
59,6081,17,1,0,8,0.216,0
107,234,9,2,0,9,0.844,0
186,5722,8,1,0,10,0.144,0
120,1938,6,1,0,10,0.292,0
176,21407,18,2,1,10,0.427,0
135,6019,20,1,1,10,0.204,0
75,3381,6,1,1,10,0.324,0
105,6233,9,1,0,10,0.247,0
137,766,8,1,0,10,0.489,0
92,5208,11,1,1,10,0.042,0
20,244,13,1,1,10,0.951,0
91,1492,12,2,0,1,0.005,0
168,1987,10,1,0,10,0.325,0
171,15005,17,1,0,8,0.0,0
60,11456,9,1,1,10,0.236,0
71,7041,15,1,0,10,0.408,0
192,4202,13,1,0,10,0.16,0
128,2337,12,1,0,10,0.558,0
40,4976,13,1,0,10,0.005,0
161,1031,21,1,0,10,0.313,0
66,5144,11,1,0,10,0.029,0
100,1771,12,1,0,10,0.181,0
157,1545,14,1,0,10,0.03,0
84,14858,16,1,0,10,0.009,0
168,2635,16,1,0,3,0.757,0
127,525,10,1,0,10,0.65,0
136,3993,17,1,0,10,0.201,0
84,18110,11,1,1,10,0.207,0
146,3998,10,1,0,8,0.2,0
11,15997,15,1,0,10,0.066,0
187,9407,17,1,0,10,0.373,0
156,1503,7,1,0,10,0.002,0
132,1225,13,1,0,6,0.183,0
166,20097,11,1,0,10,0.34,0
51,18856,13,1,0,1,0.257,0
149,5677,18,1,0,10,0.135,0
66,5039,11,1,0,7,0.008,1
49,2912,10,1,0,10,0.418,0
197,6665,18,1,0,10,0.333,0
121,5351,12,1,0,10,0.07,0
15,4231,19,1,0,6,0.154,0
59,6816,14,1,0,10,0.363,0
77,3744,17,1,0,10,0.251,0
76,1050,16,1,1,7,0.3,0
77,3620,7,1,0,10,0.276,0
90,1494,17,1,0,10,0.004,0
148,1829,6,1,0,10,0.219,0
184,17685,13,1,0,9,0.179,0
138,1328,16,2,0,10,0.115,0
76,1471,22,1,0,4,0.019,0
18,1406,11,1,0,3,0.063,0
125,2095,8,1,0,10,0.397,0
177,1374,12,1,1,1,0.084,0
163,7572,13,2,0,10,0.514,0
67,12947,16,1,0,9,0.137,0
5,16819,9,1,1,10,0.121,0
66,6299,3,1,0,10,0.26,1
47,16575,8,1,0,10,0.105,0
128,2069,11,1,0,10,0.379,0
85,1110,7,1,0,9,0.26,0
39,4794,11,1,0,10,0.041,0
83,6879,14,1,0,10,0.376,0
98,10284,16,1,0,10,0.314,0
114,5337,1,4,1,7,2.558,1
51,18491,17,1,0,10,0.233,0
119,1384,12,2,1,10,0.077,0
174,1228,6,1,0,5,0.181,0
179,1809,19,1,0,10,0.206,0
18,1041,15,1,1,10,0.306,0
75,3902,10,1,0,10,0.22,0
90,1547,18,1,0,10,0.031,0
117,5156,20,1,0,3,0.031,0
133,2147,8,2,0,10,0.431,0
109,61311,2,4,1,7,3.087,1
130,1984,14,1,1,10,0.323,0
112,1899,6,1,0,10,0.266,0
156,1630,12,1,0,5,0.087,0
187,14963,11,1,0,10,0.002,0
95,4604,6,1,1,10,0.079,0
82,15209,17,1,0,10,0.014,0
7,16901,15,1,0,6,0.127,0
131,50697,12,1,1,10,2.38,1
186,17336,11,1,1,7,2.467,1
51,12575,12,1,0,10,0.162,0
21,2245,7,1,0,10,0.497,0
138,1025,16,1,0,4,0.317,0
63,4422,15,1,0,0,0.116,0
193,1077,12,1,0,10,0.282,0
148,1599,10,1,0,8,0.066,0
52,2750,18,5,0,7,0.833,1
121,4316,17,1,0,10,0.137,0
29,6698,7,1,0,10,0.34,0
165,21172,21,1,0,4,0.411,0
97,58126,2,4,1,7,2.875,1
151,2046,11,1,0,8,0.591,0
129,1014,13,1,0,10,0.324,0
151,4482,8,1,0,10,0.104,0
121,2442,13,1,1,10,0.512,0
42,2116,12,1,0,10,0.411,0
54,1111,8,1,0,3,0.259,0
3,1074,21,1,0,10,0.284,0
116,18675,18,1,0,10,0.245,0
186,4769,20,1,0,10,0.046,0
131,17294,11,1,0,10,0.153,0
185,17674,13,1,0,7,0.178,0
39,6019,10,1,1,10,0.204,0
194,16442,20,1,0,9,0.096,0
136,6960,12,1,0,10,0.392,0
119,1449,11,1,0,10,0.034,0
36,3355,9,1,0,10,0.329,0
129,1792,14,1,0,10,0.195,0
39,8548,18,1,0,10,0.71,0
106,22634,2,1,0,10,0.509,1
38,4952,21,1,0,10,0.01,0
126,17580,16,1,0,1,0.172,0
127,1250,8,1,0,10,0.167,0
33,1517,21,1,0,10,0.011,0
0,14713,8,1,0,10,0.019,0
13,19840,17,1,0,10,0.323,0
180,1737,12,1,0,10,0.158,0
162,1546,10,1,1,10,0.031,0
135,6888,16,1,1,10,0.378,0
53,7577,12,1,0,10,0.515,0
92,6901,15,1,0,10,0.38,0
117,2132,20,1,0,10,0.574,0
76,2027,23,1,0,10,0.351,1
158,3529,11,1,0,10,0.294,0
35,21888,12,1,0,10,0.459,0
10,937,6,1,0,10,0.375,0
23,1449,15,1,0,10,0.034,0
70,1148,19,1,1,10,0.235,0
166,20687,20,1,0,10,0.379,0
166,8931,17,2,0,10,0.405,0
83,17783,9,1,1,10,2.557,1
88,14362,11,1,0,10,0.043,0
13,13359,16,1,0,10,0.109,0
43,2132,11,1,0,10,0.574,0
189,3263,13,1,0,10,0.347,0
50,4140,11,1,0,7,0.172,1
65,16031,7,1,1,7,0.069,0
172,1246,15,1,0,10,0.169,0
26,19889,4,2,1,10,2.978,1
27,6572,10,1,0,10,0.562,0
195,4713,21,1,0,5,0.057,0
33,2158,14,1,0,6,0.439,0
127,2442,8,1,0,10,0.628,0
186,4622,22,1,0,10,0.076,0
124,1095,22,1,0,1,0.27,0
178,958,14,2,1,10,0.361,0
52,1425,8,1,0,7,0.05,0
41,5055,14,2,0,10,0.011,0
8,1419,13,1,0,10,0.054,0
197,2856,11,1,0,10,0.429,0
44,15157,10,1,0,7,0.01,1
122,22789,12,1,0,10,0.519,0
137,5334,20,1,1,10,2.556,1
115,4004,12,1,0,10,0.199,0
100,1484,13,1,0,10,0.011,0
72,1359,0,1,0,7,0.094,1
164,3089,14,1,0,10,0.382,0
12,11306,14,1,0,10,0.246,0
62,17091,10,1,1,7,2.418,1
109,58406,4,4,1,7,2.894,1
56,5710,14,1,0,10,0.142,0
167,17892,16,1,0,10,0.193,0
47,12516,10,1,0,4,0.166,0
132,1451,11,2,0,10,0.033,0
18,1450,16,1,0,1,0.033,0
7,15487,20,1,0,10,0.032,0
198,15776,18,1,0,3,0.052,0
149,2421,10,1,0,10,0.516,0
186,1053,7,1,1,10,0.789,0
157,1664,11,1,0,10,0.109,0
101,2321,16,1,0,8,0.536,0
24,1326,16,1,0,10,0.116,0
57,1496,16,1,0,10,0.003,0
159,3303,15,1,0,10,0.339,0
92,20006,3,3,1,10,3.001,1
179,764,6,1,0,10,0.491,0
93,16288,15,1,0,10,0.086,0
95,17819,15,1,1,10,2.564,1
121,6153,14,1,0,10,0.231,0
155,22318,17,1,0,6,0.488,0
197,4308,10,1,0,10,0.138,0
196,2004,20,1,0,2,0.336,0
184,20760,13,1,0,3,0.384,0
192,4050,10,1,0,10,0.19,0
100,2586,3,1,0,10,0.724,1
54,2449,16,1,0,5,0.633,0
198,13148,18,1,0,10,0.123,0
137,1122,13,1,0,3,0.252,0
71,2829,14,1,0,10,0.434,0
195,3313,16,1,0,2,0.337,0
141,6410,22,1,0,10,0.282,0
44,10797,17,1,0,10,0.28,0
157,1183,14,1,0,10,0.211,0
109,20483,12,1,0,10,0.366,0
170,1382,16,1,0,10,0.079,0
10,2496,22,1,0,10,0.664,0
37,2263,14,1,0,10,0.509,0
147,1656,15,1,0,9,0.104,0
109,12152,17,1,0,10,0.19,0
114,2530,18,1,0,10,0.687,0
3,2013,13,1,1,10,0.342,0
145,5594,19,1,0,10,0.119,0
121,4550,17,1,1,10,0.09,0
191,6196,14,1,0,6,0.239,0
148,1910,9,1,1,10,0.273,0
54,772,12,1,0,10,0.485,0
116,17380,14,1,0,2,0.159,0
178,1063,13,1,0,10,0.291,0
137,1811,9,1,0,10,0.207,0
164,2682,22,1,0,10,0.464,0
82,23786,9,1,0,10,0.586,0
84,19379,17,1,0,10,0.292,0
165,18026,12,1,1,10,0.202,0
159,3843,10,1,0,10,0.231,0
116,11786,14,1,0,10,0.214,0
1,2423,8,1,0,10,0.615,0
123,883,13,1,1,10,0.411,0
122,31540,15,3,0,7,1.103,1
185,12033,13,1,0,10,0.198,0
107,2147,14,1,0,5,0.431,0
78,5010,22,1,0,3,0.002,0
69,10230,19,5,0,10,1.046,1
72,1797,10,1,0,10,0.198,0
168,2080,14,1,1,6,0.387,0
94,1819,8,1,0,10,0.213,0
33,1009,18,2,0,9,0.327,0
65,18271,13,1,0,1,0.218,0
107,2229,8,1,0,10,0.486,0
167,7965,18,1,1,1,0.469,0
185,16001,13,1,0,10,0.067,0
127,962,8,1,0,10,0.359,0
125,6800,3,3,1,7,3.533,1
151,3941,13,1,0,10,0.212,0
62,4234,11,2,0,10,0.153,0
159,3504,10,1,0,10,0.299,0
142,1024,6,1,0,10,0.317,0
100,1707,14,1,0,10,0.138,0
106,13427,7,1,0,10,0.105,0
82,8988,22,1,0,5,0.401,0
79,4857,19,1,0,10,0.029,0
95,4402,14,1,0,10,0.12,0
37,2328,11,1,0,10,0.552,0
81,9798,12,1,0,10,0.347,0
24,1750,14,1,0,6,0.167,0
149,4124,8,1,0,10,0.175,0
88,21513,16,1,0,1,0.434,0
177,1230,10,1,0,10,0.18,0
19,2788,19,1,1,10,0.442,0
112,2190,9,1,0,10,0.46,0
95,6365,11,1,0,10,0.273,0
155,11747,16,1,0,10,0.217,0
24,1551,6,1,0,10,0.034,0
135,5909,7,1,0,1,0.182,0
173,1240,7,1,1,10,0.752,0
42,965,14,1,0,10,0.357,0
65,14279,11,1,1,10,0.048,0
152,1329,6,1,0,10,0.114,0
39,938,17,1,0,10,0.812,0
90,1103,14,1,0,10,0.265,0
30,18612,12,1,0,10,0.241,0
199,1399,11,1,0,10,0.067,0
44,9807,8,1,0,10,0.346,0
152,5418,12,1,1,10,2.612,1
117,5780,15,1,0,10,0.156,0
3,2096,13,1,0,9,0.397,0
9,1486,9,1,0,10,0.009,0
16,3315,10,1,0,10,0.337,0
46,13863,10,1,0,9,0.076,0
70,1731,10,1,0,1,0.154,0
68,15495,14,1,0,10,0.033,0
12,14339,10,1,0,10,0.044,0
176,16678,13,1,0,10,0.112,0
31,21839,13,1,0,10,0.456,0
76,2428,1,1,0,10,0.619,1
122,11548,12,1,0,5,0.23,0
110,5866,16,1,0,6,0.173,0
147,817,11,1,1,10,0.455,0
104,1486,16,1,0,10,0.009,0
63,3786,16,1,0,10,0.243,0
168,790,20,1,0,10,0.473,0
170,1489,17,1,0,10,0.007,0
158,11095,4,1,0,7,1.219,1
13,13948,20,1,1,10,0.07,0
117,6704,13,1,0,10,0.341,0
135,5224,13,1,0,10,0.045,0
97,15922,17,1,0,10,0.061,0
192,4682,12,1,0,10,0.064,0
190,18281,11,1,1,10,0.219,0
192,4337,14,1,0,10,0.133,0
33,1591,17,1,1,1,0.061,0
35,19122,16,1,1,10,0.275,0
86,6854,14,1,0,10,0.371,0
121,5398,12,1,1,10,0.08,0
164,7415,10,1,0,10,0.483,0
99,3731,15,1,0,10,0.254,0
121,3339,13,1,0,10,0.332,0
5,17027,13,1,1,10,0.135,0
78,4722,18,1,0,10,0.056,0
171,18774,15,1,0,10,0.252,0
199,1562,17,1,1,10,0.041,0
143,21793,14,1,0,10,0.453,0
49,5304,12,1,0,10,0.061,0
18,3284,19,5,0,10,1.189,1
123,540,10,1,1,10,0.64,0
61,4593,10,1,1,10,0.081,0
78,5347,13,1,0,10,0.069,0
172,1522,9,1,0,10,0.015,0
54,1899,17,1,0,10,0.266,0
143,20520,19,1,0,2,0.368,0
187,17780,19,1,0,7,0.185,0
138,1737,16,1,0,10,0.158,0
12,11303,13,1,0,7,0.246,0
135,4420,13,1,0,10,0.116,0
193,1017,12,1,0,5,0.322,0
121,4366,13,1,0,10,0.127,0
161,3383,13,3,0,10,1.255,1
178,1129,7,1,0,10,0.247,0
17,3458,22,1,0,10,0.308,0
18,1760,17,1,0,10,0.173,0
45,1461,12,1,0,10,0.026,0
46,14360,17,1,1,1,0.043,0
51,10395,14,1,0,8,0.307,0
192,4931,12,1,0,8,0.014,0
78,10730,15,3,0,10,1.146,1
39,6984,12,1,0,10,0.397,0
104,1357,12,2,0,8,0.095,0
175,7407,9,1,0,10,0.481,0
142,5042,16,1,1,10,2.361,1
76,1212,10,1,0,10,0.192,0
190,12753,14,1,0,10,0.15,0
14,12814,10,1,0,10,0.146,0
141,4163,16,1,0,5,0.167,0
142,5525,12,1,1,10,2.683,1
182,2818,14,1,0,10,0.879,0
41,7081,11,1,0,10,0.416,0
107,1895,17,2,0,10,0.263,0
189,5115,11,1,0,10,0.023,0
0,21511,4,1,0,10,0.434,1
150,5483,9,1,0,10,0.097,0
163,6883,20,2,1,10,0.377,0
134,10887,12,1,0,10,0.274,0
7,22980,18,4,0,10,0.532,1
189,3632,12,1,0,10,0.274,0
130,1663,7,1,0,10,0.109,0
63,5230,10,2,0,2,0.046,0
0,15587,12,1,0,2,0.039,0
11,17563,21,1,1,3,0.171,0
57,5076,18,1,1,10,2.384,1
89,5252,9,1,0,10,0.05,0
3,707,12,1,0,10,0.529,0
132,1907,11,1,0,10,0.271,0
49,6216,16,1,0,4,0.243,0
180,1113,14,1,0,10,0.258,0
60,10599,11,1,0,4,0.293,0
77,5128,14,1,0,7,0.026,1
0,13979,14,1,0,10,0.068,0
25,1670,12,1,1,10,0.666,0
165,13885,16,1,0,10,0.074,0
150,4951,11,1,0,10,0.01,0
90,1865,11,1,1,8,0.243,0
121,3596,11,1,0,10,0.281,0
143,11168,9,1,0,10,0.255,0
90,428,8,1,0,10,0.715,0
4,11333,10,1,0,10,0.244,0
197,6722,12,1,0,5,0.344,0
156,1932,16,1,0,0,0.288,0
92,5027,15,1,0,10,0.005,0
163,4189,11,1,0,10,0.162,0
21,2062,15,1,0,10,0.375,0
149,3791,18,1,0,10,0.242,0
147,1824,13,1,0,10,0.216,0
191,4123,6,1,0,5,0.175,0
117,7867,8,1,0,10,0.573,0
24,1362,14,1,1,10,0.092,0
121,8809,12,2,0,10,0.762,0
192,5365,19,1,0,10,0.073,0
171,16264,15,1,0,3,0.084,0
119,942,13,1,0,10,0.372,0
121,4216,14,1,0,10,0.157,0
115,5792,9,1,0,10,0.158,0
45,1671,13,1,0,10,0.114,0
156,1398,16,1,1,1,0.068,0
107,1850,12,1,0,10,0.233,0
55,2230,19,1,1,10,0.487,0
78,6353,14,1,0,5,0.271,0
166,61629,4,2,1,10,3.109,1
125,838,6,1,0,10,0.441,0
123,395,17,1,0,10,0.737,0
195,4152,6,1,0,10,0.17,0
184,17593,10,1,0,7,0.173,0
40,2447,13,1,0,10,0.511,0
35,11373,14,1,0,10,0.242,0
5,16469,7,1,0,10,0.098,0
123,1774,13,1,0,10,0.183,0
57,1607,15,1,0,10,0.071,0
22,2728,18,1,0,10,0.454,0
5,11633,18,1,1,10,0.224,0
27,11620,18,1,0,10,0.225,0
141,4682,13,1,0,9,0.064,0
194,13785,19,1,1,10,0.081,0
33,414,16,1,0,10,0.724,0
19,6287,12,1,0,10,0.257,0
80,1963,11,1,0,5,0.309,0
130,1688,15,1,0,10,0.125,0
67,16857,12,1,0,10,0.124,0
168,1123,14,1,0,10,0.251,0
39,7191,14,1,0,10,0.438,0
93,12107,17,1,1,10,0.193,0
85,1673,15,1,0,0,0.115,0
36,2441,22,1,0,10,0.512,0
28,17512,16,1,0,10,0.167,0
51,11490,12,1,0,10,0.234,0
186,4334,16,1,1,10,0.133,0
152,802,11,2,0,10,0.465,0
171,16502,6,1,0,10,0.1,0
10,1572,18,1,0,10,0.048,0
133,1107,15,1,0,10,0.262,0
181,818,12,1,0,10,0.455,0
10,1523,12,1,0,10,0.015,0
144,1833,18,1,0,10,0.222,0
98,11776,10,1,0,10,0.215,0
164,18879,17,1,1,7,2.776,1
142,1737,18,1,0,2,0.158,0
60,10603,16,1,0,10,0.293,0
176,12719,16,1,0,10,0.152,0
194,9349,12,1,0,10,0.377,0
71,4789,16,1,1,10,0.042,0
190,19196,11,1,0,4,0.28,0
144,1321,9,2,0,10,0.119,0
11,18654,15,1,0,10,0.244,0
38,6277,17,1,0,10,0.255,0
42,1244,14,1,0,10,0.171,0
193,2049,11,1,0,10,0.366,0
74,1982,12,1,0,10,0.321,0
132,1244,11,1,1,10,0.171,0
7,13425,9,1,0,9,0.105,0
131,11670,11,1,0,10,0.222,0
113,16162,9,1,0,7,0.077,1
137,1184,17,1,0,10,0.211,0
87,5752,18,1,0,10,0.15,0
129,2035,12,1,0,10,0.357,0
32,6457,13,1,0,2,0.291,0
161,1195,10,1,1,4,0.203,0
74,939,6,1,0,10,0.374,0
45,1775,17,1,0,10,0.183,0
141,4994,11,1,0,10,0.001,0
189,3519,13,1,0,10,0.296,0
139,1801,15,2,0,8,0.64,0
164,4549,13,1,0,9,0.09,0
74,1526,11,1,0,10,0.017,0
121,3637,8,1,0,10,0.273,0
94,1892,13,1,0,10,0.261,0
181,1175,15,1,0,10,0.217,0
81,5028,15,2,0,10,0.665,0
125,1669,7,1,0,10,0.113,0
154,619,8,1,1,4,0.587,0
93,17674,13,1,0,5,0.178,0
182,2264,11,1,0,10,0.509,0
14,21309,14,1,0,1,0.421,0
161,3239,14,4,0,10,1.159,1
1,5838,4,4,1,10,2.892,1
28,20346,8,1,1,10,0.356,0
33,1187,22,1,0,10,0.209,0
195,4368,15,1,0,3,0.126,0
15,4847,10,1,0,10,0.031,0
56,4207,19,1,0,10,0.159,0
7,12992,13,1,0,10,0.134,0
190,20153,10,1,0,10,0.344,0
194,11465,21,1,0,10,0.236,0
160,11969,20,3,0,10,1.394,1
92,5164,9,1,0,8,0.033,0
161,1252,18,1,1,10,0.165,0
87,19656,1,2,1,10,2.931,1
101,5290,15,1,0,6,0.058,0
181,1726,15,1,0,8,0.151,0
49,4780,13,1,0,10,0.044,0
157,1316,14,1,0,5,0.123,0
5,15092,17,1,0,10,0.006,0
12,18076,17,1,0,10,0.205,0
140,6138,16,1,0,2,0.228,0
120,1697,13,1,0,10,0.131,0
165,18398,12,1,1,10,0.227,0
35,16650,13,1,0,10,0.11,0
150,6362,12,1,0,10,0.272,0
103,13256,13,1,0,10,0.116,0
155,16083,14,1,0,10,0.072,0
69,4517,10,1,0,0,0.097,0
181,1712,17,1,0,0,0.141,0
51,9379,13,1,1,9,0.375,0
116,10573,12,1,0,4,0.295,0
8,1259,12,1,0,10,0.161,0
196,1850,8,1,0,10,0.233,0
102,1432,12,1,0,10,0.045,0
127,1592,18,1,1,10,0.061,0
153,2884,11,1,0,10,0.423,0
78,5279,21,1,0,10,0.056,0
24,2402,16,1,0,10,0.601,0
74,1496,17,1,0,10,0.003,0
26,5962,17,1,0,10,0.192,0
118,33492,14,3,0,10,1.233,1
197,5537,15,1,0,10,0.107,0
148,1584,15,1,0,6,0.056,0
91,1371,9,1,0,9,0.086,0
87,16946,10,1,1,10,2.389,1
134,20861,10,1,0,10,0.391,0
52,1462,17,1,0,5,0.025,0
85,1147,6,1,1,10,0.235,0
2,1691,11,1,0,8,0.662,0
176,9294,14,1,0,10,0.38,0
2,7786,11,1,0,10,0.557,0
106,13959,19,2,0,10,0.069,0
100,2503,20,1,0,2,0.669,0
43,6784,14,1,0,10,0.357,0
105,6370,12,1,0,9,0.274,0
11,17784,12,1,0,10,0.186,0
64,1192,14,1,0,5,0.205,0
127,1783,15,1,0,10,0.189,0
26,10054,0,1,0,10,1.011,1
27,16252,19,1,0,10,0.083,0
58,13141,13,1,0,9,0.124,0
101,3983,15,1,0,3,0.203,0
131,14800,7,1,0,10,0.013,0
146,3205,18,2,0,10,0.359,0
58,15830,13,1,0,7,0.055,1
116,16597,13,1,0,10,0.106,0
13,11624,17,1,0,10,0.225,0
17,4238,21,1,0,10,0.152,0
45,592,7,1,0,10,0.605,0
47,14609,11,1,0,10,0.026,0
103,12832,20,1,0,10,0.145,0
55,1571,17,1,0,10,0.047,0
135,4776,19,1,0,10,0.045,0
101,5962,14,1,0,10,0.192,0
45,1337,14,1,0,10,0.109,0
130,1253,17,1,0,2,0.165,0
2,4840,12,1,0,10,0.032,0
85,2503,0,1,0,10,0.669,1
125,1540,12,1,0,10,0.027,0
137,2114,16,1,0,9,0.409,0
63,5102,7,1,1,1,0.02,0
77,5590,16,1,0,6,0.118,0
109,11596,14,1,0,10,0.227,0
95,5905,14,1,0,10,0.181,0
159,6324,12,1,0,10,0.265,0
102,1247,10,1,0,10,0.169,0
174,1977,11,1,0,10,0.318,0
101,3847,7,1,0,10,0.231,0
34,1542,9,1,0,10,0.028,0
121,5281,18,1,0,10,0.056,0
116,22550,12,1,0,10,0.503,0
43,18305,2,4,1,10,2.661,1
172,1424,9,1,0,10,0.051,0
99,3732,15,1,0,10,0.254,0
185,14743,10,1,0,10,0.017,0
12,11087,16,1,0,10,0.261,0
37,2227,6,1,0,10,0.485,0
168,2243,20,1,0,10,0.495,0
126,14186,9,1,0,10,0.054,0
123,533,10,1,0,10,0.645,0
168,1634,14,1,1,10,0.089,0
76,1466,12,1,0,10,0.023,0
172,969,9,1,0,10,0.354,0
94,2283,12,1,0,10,0.522,0
33,4976,9,1,1,7,2.317,1
69,6677,12,1,0,10,0.335,0
170,1855,19,1,0,5,0.237,0
86,4444,16,1,0,1,0.111,0
20,17438,15,1,1,10,2.488,1
74,936,15,1,0,10,0.376,0
57,1012,13,1,0,3,0.325,0
128,3183,19,3,0,7,1.122,1
193,1594,11,1,0,10,0.063,0
89,3776,10,1,0,10,0.245,0
89,3131,14,1,0,1,0.374,0
124,1239,14,1,0,10,0.174,0
106,13663,12,1,0,7,0.089,1
1,1015,16,1,0,1,0.323,0
26,4287,17,1,0,10,0.143,0
51,18118,12,1,0,4,0.208,0
46,15969,15,1,0,10,0.065,0
180,1265,22,1,0,10,0.157,0
36,9086,15,3,0,7,0.817,1
151,4658,15,1,0,7,0.068,0
165,14606,7,1,0,3,0.026,0
53,5266,18,1,0,10,0.053,0
198,15289,15,1,0,10,0.019,0
15,6010,10,1,0,10,0.202,0
50,3947,11,1,0,10,0.211,0
15,19625,1,3,1,7,2.925,1
94,1155,13,1,0,10,0.23,0
168,421,11,1,0,10,0.719,0
97,10413,12,1,0,10,0.306,0
156,2074,14,1,0,3,0.383,0
21,929,11,1,0,10,0.381,0
192,5095,15,1,0,10,0.019,0
101,5761,20,1,1,4,0.152,0
133,1457,21,1,1,10,0.029,0
114,1126,14,1,0,10,0.249,0
173,6255,13,1,1,10,0.251,0
179,1730,12,1,0,10,0.153,0
138,1519,20,1,0,10,0.013,0
82,15806,15,1,0,10,0.054,0
100,1455,18,1,0,10,0.03,0
79,5029,6,1,0,10,0.006,0
171,12810,15,1,0,10,0.146,0
1,6095,1,2,1,10,3.063,1
69,5149,10,1,0,10,0.03,0
170,1382,10,1,0,10,0.079,0
46,18105,10,1,0,10,0.207,0
194,62383,5,4,1,7,3.159,1
175,6748,11,1,0,10,0.35,0
164,5914,22,1,0,10,0.183,0
92,4582,9,1,0,10,0.084,0
54,1690,9,1,0,10,0.127,0
87,5796,18,1,0,10,0.159,0
133,2210,9,1,1,5,0.473,0
11,14548,14,1,0,10,0.03,0
53,4059,18,1,0,9,0.188,0
30,55468,0,4,1,7,2.698,1
141,2962,19,1,1,10,0.408,0
17,4525,9,2,0,4,0.095,0
37,1992,20,1,0,8,0.328,0
61,4702,13,1,1,9,0.06,0
145,3851,12,1,0,10,0.23,0
106,8990,9,1,0,10,0.401,0
50,6001,15,1,0,10,0.2,0
147,1701,21,1,1,10,0.134,0
1,1351,14,1,0,10,0.099,0
64,1523,6,1,0,6,0.015,0
109,19627,13,1,0,10,0.308,0
38,4985,9,1,1,10,0.003,0
8,1962,10,1,0,9,0.308,0
15,5167,15,1,0,10,0.033,0
89,3141,16,1,0,10,0.372,0
151,2776,9,1,0,10,0.445,0
13,14318,6,1,0,10,0.045,0
147,1124,10,1,0,10,0.251,0
113,21710,13,1,0,10,0.447,0
126,14387,18,1,0,10,0.041,0
7,14561,12,1,1,4,0.029,0
2,17955,16,1,1,10,2.591,1
0,61966,4,2,1,10,3.131,1
115,4300,15,1,1,10,0.14,0
84,18400,20,1,0,2,0.227,0
175,4819,11,1,0,10,0.036,0
89,2559,12,1,1,10,0.488,0
177,1663,17,1,1,10,0.109,0
163,6859,2,1,0,10,0.372,1
27,16696,12,1,0,3,0.113,0
68,25358,18,1,1,4,0.691,0
2,5399,11,1,0,10,0.08,0
33,796,19,1,0,10,0.469,0
99,5141,7,1,1,10,0.028,0
146,6783,11,1,0,3,0.357,0
112,100,19,1,1,10,0.933,0
189,4921,12,1,0,10,0.016,0
71,4878,18,1,0,10,0.024,0
34,2029,16,1,0,5,0.353,0
28,13877,10,1,0,0,0.075,0
146,1367,11,1,0,10,0.727,0
195,6622,10,1,0,10,0.324,0
77,5079,9,1,0,7,0.016,1
125,1344,10,1,0,10,0.104,0
173,6143,0,1,0,10,0.229,1
76,216,13,1,0,10,0.856,0
198,16125,13,1,0,10,0.075,0
136,8378,11,1,0,1,0.676,0
113,16077,7,1,0,10,0.072,0
197,5027,6,1,0,10,0.005,0
76,2403,14,1,0,10,0.602,0
33,1769,20,1,0,2,0.179,0
161,2465,9,4,0,10,0.643,1
158,4941,21,1,0,10,0.012,0
174,2272,14,1,0,10,0.515,0
85,1355,13,1,0,1,0.097,0
29,5077,17,1,0,10,0.015,0
59,5892,11,1,0,10,0.178,0
139,3997,17,1,0,3,0.201,0
77,8516,13,1,0,10,0.703,0
193,1447,18,1,0,10,0.035,0
58,13735,11,1,0,5,0.084,0
125,6046,1,2,1,7,3.031,1
114,2075,8,1,1,10,0.383,0
62,5760,15,2,0,10,0.152,0
160,9925,13,4,0,10,0.985,1
182,351,8,1,0,7,0.766,0
146,4920,9,1,0,10,0.016,0
62,2393,13,1,0,10,0.521,0
159,5235,7,1,0,10,0.047,0
95,7180,12,1,0,3,0.436,0
166,18130,6,1,0,10,0.209,0
3,2195,16,1,1,10,0.463,0
86,4441,11,1,0,10,0.112,0
50,5563,16,1,0,10,0.113,0
92,19135,2,3,1,10,2.827,1
135,4838,16,1,1,10,0.032,0
51,6517,6,1,0,10,0.566,0
38,4695,19,1,0,10,0.061,0
156,830,8,1,0,10,0.447,0
36,1986,12,1,0,10,0.603,0
73,979,12,1,0,10,0.347,0
110,6954,14,1,0,4,0.391,0
68,11617,11,1,0,10,0.226,0
185,19438,16,1,0,4,0.296,0
79,5903,20,1,0,4,0.181,0
13,15339,13,1,0,10,0.023,0
150,5406,12,1,0,10,0.081,0
94,1983,10,1,0,10,0.322,0
141,3799,16,1,0,10,0.24,0
27,18977,16,1,1,10,0.265,0
141,8859,16,1,0,10,0.772,0
152,1541,10,1,0,10,0.027,0
77,3043,12,2,0,10,0.391,0
72,558,16,1,0,7,0.628,0
44,15275,9,2,0,10,0.018,0
57,1044,17,1,1,10,0.304,0
140,4688,8,1,0,10,0.062,0
28,23619,16,1,0,10,0.575,0
185,15632,12,1,0,10,0.042,0
158,5513,11,1,0,10,0.103,0
63,3518,11,1,0,10,0.296,0
17,6856,13,1,0,1,0.371,0
85,1541,8,1,0,10,0.027,0
119,1949,11,1,1,10,0.299,0
53,3319,7,1,1,10,0.336,0
160,3587,13,1,0,10,0.283,0
134,12599,14,1,0,0,0.16,0
43,4777,17,1,0,10,0.045,0
73,542,17,1,0,9,0.639,0
12,9969,10,1,0,5,0.335,0
61,5239,12,1,0,10,0.048,0
106,10840,14,1,0,10,0.277,0
13,17337,14,1,1,5,0.156,0
187,23239,17,1,0,10,0.549,0
95,2530,14,1,0,10,0.494,0
138,1598,14,1,0,3,0.065,0
60,17282,22,1,0,7,0.152,0
97,13659,13,1,0,10,0.089,0
101,3694,10,2,0,10,0.261,0
98,15972,17,1,0,9,0.065,0
35,13167,6,1,0,10,0.122,0
136,4521,14,1,0,10,0.096,0
194,6362,18,1,0,10,0.576,0
187,53062,14,1,1,10,2.537,1
21,1684,22,1,0,10,0.123,0
76,1285,7,2,0,3,0.143,0
87,5407,18,1,0,7,0.081,0
146,1417,16,1,0,10,0.717,0
95,5186,11,1,0,10,0.037,0
74,1681,13,1,0,10,0.121,0
199,2373,10,1,0,9,0.582,0
169,6301,14,1,0,10,0.26,0
79,17797,14,1,1,10,2.559,1
13,18894,17,1,1,10,0.26,0
172,1711,20,1,0,7,0.141,1
173,6108,6,1,1,10,0.222,0
159,2434,15,1,0,3,0.513,0
125,1466,13,1,0,10,0.023,0
176,19789,11,1,0,10,0.319,0
113,12209,11,1,0,10,0.186,0
95,4782,7,1,0,10,0.044,0
33,1369,16,1,0,7,0.087,1
150,5280,20,1,0,10,0.056,0
199,1353,13,1,0,10,0.098,0
195,18898,2,3,1,10,2.78,1
192,4353,13,1,0,10,0.129,0
90,1173,12,1,0,1,0.218,0
95,6048,11,1,0,10,0.21,0
114,1739,14,1,0,10,0.159,0
111,11972,17,1,0,4,0.202,0
5,17398,18,1,0,10,0.16,0
186,7527,18,1,0,9,0.505,0
84,11804,12,1,0,10,0.213,0
132,867,6,1,1,10,0.422,0
130,1573,9,1,0,10,0.049,0
65,17454,11,1,0,10,0.164,0
129,1909,6,1,0,10,0.273,0
149,3203,11,1,0,0,0.359,0
193,1141,22,2,0,7,0.239,0
161,1608,19,2,1,10,0.072,0
190,17858,13,1,0,10,0.191,0
26,4787,14,1,0,7,0.043,0
110,20145,4,4,1,10,3.029,1
110,4871,11,1,0,10,0.026,0
116,10610,14,2,1,10,0.293,0
137,2528,16,1,0,4,0.685,0
179,1459,16,2,0,3,0.027,0
182,1270,19,1,0,10,0.153,0
21,362,18,1,0,10,0.759,0
174,1796,18,2,0,4,0.197,0
86,2823,9,1,0,10,0.435,0
157,1217,8,1,1,7,0.189,0
56,6399,10,1,1,10,0.28,0
124,1264,17,1,1,10,0.157,0
101,6611,10,1,0,10,0.322,0
197,4119,10,1,0,10,0.176,0
32,4514,18,1,0,10,0.097,0
20,4913,10,2,0,10,0.017,0
0,18107,16,1,0,10,0.207,0
94,1652,8,1,0,10,0.101,0
99,6172,22,1,0,10,0.234,0
85,758,12,1,0,10,0.495,0
104,1495,17,1,0,10,0.003,0
2,4942,18,1,0,1,0.012,0
185,15767,17,1,0,10,0.051,0
100,931,13,1,0,10,0.379,0
108,11317,16,1,0,1,0.246,0
138,1297,11,1,0,10,0.135,0
195,1629,17,1,1,6,0.674,0
78,17190,20,1,1,10,2.438,1
27,16207,22,1,0,10,0.08,0
7,9082,22,1,0,8,0.395,0
62,5365,8,1,0,10,0.073,0
184,19271,17,1,0,10,0.285,0
19,6993,16,1,0,10,0.399,0
125,1681,8,1,0,7,0.121,0
146,4295,10,1,0,10,0.141,0
4,18137,7,1,0,10,0.209,0
182,2376,2,1,0,7,0.584,1
163,6981,15,1,0,10,0.396,0
183,1514,12,1,0,10,0.009,0
45,2645,6,1,1,1,0.763,0
142,1688,21,1,0,10,0.125,0
54,2338,12,1,0,10,0.559,0
167,13452,17,1,0,10,0.103,0
62,6903,9,1,0,10,0.381,0
167,19912,18,1,0,10,0.327,0
117,6243,2,1,0,7,0.249,1
161,1143,14,1,0,7,0.238,0
160,5462,13,2,0,10,0.092,0
105,4733,15,1,1,10,0.053,0
109,14974,8,1,0,10,0.002,0
65,18507,6,1,0,10,0.234,0
5,56159,4,2,1,10,2.744,1
116,11020,21,1,0,10,0.265,0
43,16673,8,1,1,10,2.335,1
77,5967,20,1,0,10,0.193,0
1,1017,6,1,1,10,0.322,0
190,12116,9,1,0,10,0.192,0
149,4904,10,1,0,6,0.019,0
27,17559,11,1,1,10,0.171,0
52,1811,10,1,0,10,0.207,0
57,620,9,1,0,10,0.587,0
68,15784,11,1,0,8,0.052,0
181,966,22,1,0,2,0.356,0
194,14527,6,1,0,10,0.032,0
138,1628,16,1,0,10,0.085,0
155,10159,13,1,0,10,0.323,0
65,59695,3,2,1,10,2.98,1
113,13344,17,1,0,10,0.11,0
12,18938,14,1,0,10,0.263,0
89,3059,14,1,0,10,0.388,0
11,16654,6,1,0,10,0.11,0
52,1217,15,1,0,10,0.189,0
35,14518,20,1,0,10,0.032,0
129,1960,16,1,1,10,0.307,0
98,12961,10,1,0,10,0.136,0
108,18196,11,1,0,10,0.213,0
60,17654,20,1,0,10,0.177,0
33,1862,14,1,0,4,0.241,0
13,21625,9,5,0,10,0.442,1
53,6426,10,1,0,10,0.285,0
117,3713,8,1,0,10,0.257,0
90,1102,12,1,1,10,0.265,0
62,5153,9,1,0,10,0.031,0
48,1286,9,1,1,10,0.143,0
1,1366,12,1,0,10,0.089,0
137,2101,13,1,0,10,0.401,0
163,3202,14,1,1,10,0.36,0
125,818,18,1,0,10,0.455,0
9,652,17,1,1,10,0.565,0
171,13793,14,1,0,10,0.08,0
135,4679,17,1,0,2,0.064,0
58,17370,8,1,0,8,0.158,0
97,9145,12,1,0,0,0.39,0
66,1655,8,1,0,10,0.669,0
134,17325,8,1,0,10,0.155,0
154,2242,16,1,0,10,0.495,0
143,17617,17,1,1,10,0.174,0
144,566,22,1,0,0,0.623,0
93,16390,12,1,0,10,0.093,0
80,2440,11,1,0,2,0.627,0
113,11812,6,1,1,2,0.213,0
84,10204,11,1,0,10,0.32,0
150,6340,20,1,1,10,0.268,0
73,998,14,1,1,4,0.335,0
167,10774,18,1,0,10,0.282,0
165,17759,17,1,0,10,0.184,0
13,12904,18,1,0,10,0.14,0
123,1598,19,1,0,2,0.065,0
65,12427,14,1,0,10,0.172,0
15,23316,1,2,1,7,3.663,1
83,7519,3,1,0,10,0.504,1
34,2167,6,1,0,10,0.445,0
145,3476,20,1,0,10,0.305,0
151,7122,12,1,0,10,0.424,0
182,1710,15,1,0,4,0.14,0
131,27341,1,1,0,10,0.823,1
192,4610,16,1,1,6,0.078,0
72,1139,17,1,0,10,0.241,0
153,5441,12,1,0,10,0.088,0
117,6951,20,1,0,10,0.39,0
100,1558,10,1,0,10,0.039,0
73,1482,16,1,0,10,0.012,0
166,12393,14,1,0,1,0.174,0
122,25996,2,1,0,7,0.733,1
39,7232,21,1,0,10,0.446,0
4,11770,8,1,0,10,0.215,0
44,16686,17,1,0,10,0.112,0
67,13567,15,1,0,10,0.096,0
128,2159,18,1,0,10,0.439,0
18,1091,14,1,0,10,0.273,0
103,15003,17,1,0,10,0.0,0
189,3436,8,1,0,10,0.313,0
142,1376,22,1,0,3,0.083,0
88,13009,18,1,0,9,0.133,0
192,5120,12,2,1,10,0.024,0
199,2246,6,1,0,10,0.497,0
32,4028,12,1,0,4,0.194,0
65,11240,10,1,0,3,0.251,0
91,1648,16,1,1,10,0.099,0
18,1389,13,1,0,0,0.074,0
112,1026,11,1,0,10,0.316,0
76,1644,6,1,0,10,0.096,0
77,2685,11,1,0,10,0.463,0
62,1144,9,1,0,10,0.771,0
138,1264,18,1,0,6,0.157,0
133,992,10,1,0,4,0.339,0
35,17317,13,1,0,6,0.154,0
68,12705,16,1,0,2,0.153,0
65,16343,6,1,0,10,0.09,0
124,1201,12,1,0,10,0.199,0
100,1351,14,1,0,7,0.099,1
48,290,16,1,0,10,0.807,0
149,5402,12,1,0,10,0.08,0
155,16676,22,1,0,10,0.112,0
77,5527,17,1,0,10,0.105,0
50,8134,3,1,0,7,0.627,1
118,10968,7,1,0,10,0.269,0
172,1322,22,1,0,10,0.119,0
189,6069,9,2,0,2,0.214,0
12,15807,13,1,0,10,0.054,0
67,16982,17,1,0,7,0.132,0
123,1200,9,1,0,10,0.2,0
0,14398,21,1,0,10,0.04,0
5,8987,15,1,0,10,0.401,0
159,2603,10,1,0,6,0.479,0
182,3910,8,5,0,7,1.607,1
85,1451,22,1,0,2,0.033,0
186,4775,6,1,1,10,0.045,0
79,6522,12,1,0,10,0.304,0
6,20027,14,1,0,10,0.335,0
95,7693,20,2,0,4,0.539,0
154,1159,13,1,0,3,0.227,0
113,14570,13,1,0,10,0.029,0
75,5632,16,1,0,6,0.126,0
115,3799,21,1,0,10,0.24,0
177,1743,9,1,1,10,0.162,0
76,2254,13,1,1,10,0.503,0
14,13835,16,1,0,10,0.078,0
97,10776,16,1,0,10,0.282,0
91,1724,9,1,0,10,0.149,0
126,15285,14,1,1,10,0.019,0
104,766,9,1,0,6,0.489,0
85,1926,16,1,0,3,0.284,0
53,6908,16,1,0,10,0.382,0
146,6234,11,1,0,10,0.247,0
131,15892,16,1,0,10,0.059,0
8,2048,10,1,0,10,0.365,0
121,5349,9,1,0,10,0.07,0
190,22046,18,1,0,10,0.47,0
178,1603,9,1,0,10,0.069,0
22,3231,9,1,0,10,0.354,0
72,1613,9,1,0,10,0.075,0
99,4317,13,1,0,10,0.137,0
76,736,14,1,0,10,0.509,0
111,8350,19,1,0,7,0.443,0
75,5301,15,1,0,10,0.06,0
89,6527,10,1,1,10,0.305,0
84,15890,12,2,0,10,0.059,0
73,1382,6,1,0,10,0.079,0
102,799,22,1,0,10,0.467,0
127,1838,6,1,0,1,0.225,0
128,1453,14,1,1,10,0.031,0
193,1698,18,2,0,10,0.132,0
71,6035,14,1,0,8,0.207,0
125,1165,10,1,0,10,0.223,0
88,10671,10,1,0,10,0.289,0
54,1652,20,1,0,10,0.101,0
197,6725,15,1,0,10,0.345,0
89,9386,13,4,0,7,0.877,1
42,992,15,1,0,10,0.339,0
136,4339,9,2,0,10,0.132,0
90,1355,8,1,1,10,0.097,0
128,2219,22,1,0,10,0.479,0
102,1567,9,1,0,10,0.045,0
121,2257,19,1,0,10,0.549,0
39,19100,5,2,1,10,2.82,1
138,1388,16,1,1,10,0.075,0
135,5924,15,1,0,10,0.185,0
28,19108,14,1,1,10,0.274,0
24,664,16,1,0,10,0.557,0
117,6466,8,1,0,10,0.293,0
187,15848,13,1,0,9,0.057,0
62,6278,11,1,0,1,0.256,0
181,2476,7,1,0,10,0.651,0
3,1359,8,1,0,10,0.094,0
101,5559,17,1,0,10,0.112,0
15,7889,14,1,0,10,0.578,0
3,2315,11,1,0,10,0.543,0
144,5814,1,2,1,10,2.876,1
83,4982,16,1,0,10,0.004,0
132,843,12,1,0,10,0.438,0
108,19499,17,1,0,10,0.3,0
140,4078,16,1,0,10,0.184,0
183,1112,19,1,0,10,0.259,0
172,1753,6,1,0,4,0.169,0
166,17052,17,1,0,7,0.137,0
76,1503,16,1,0,10,0.002,0
134,19283,18,1,0,10,0.286,0
136,3926,10,1,0,10,0.215,0
78,5214,10,1,0,10,0.043,0
158,3473,16,1,0,10,0.305,0
136,7721,13,1,0,10,0.544,0
164,7532,16,1,0,10,0.506,0
107,2816,11,1,0,10,0.877,0
30,12106,16,1,0,10,0.193,0
93,19482,15,1,0,10,0.299,0
31,15410,9,1,0,10,0.027,0
32,2840,11,1,0,10,0.432,0
16,4257,6,1,0,10,0.149,0
133,2338,17,1,0,7,0.559,0
152,490,14,1,0,10,0.673,0
20,4314,14,1,0,10,0.137,0
108,11981,16,1,0,10,0.201,0
6,12867,6,1,0,10,0.142,0
136,1988,12,1,0,10,0.602,0
193,1477,17,1,0,10,0.015,0
112,912,15,1,0,10,0.392,0
35,26012,10,1,0,10,0.734,0
62,6826,11,1,0,10,0.365,0
78,5970,15,1,0,0,0.194,0
15,2442,12,1,0,10,0.512,0
74,957,10,1,0,10,0.362,0
174,1843,12,1,0,8,0.229,0
156,2937,14,4,0,10,0.958,1
156,2192,15,1,1,6,0.461,0
95,3901,17,1,0,10,0.22,0
83,5740,16,1,0,10,0.148,0
137,844,13,1,0,10,0.437,0
86,4727,15,1,0,10,0.055,0
197,4345,15,1,0,10,0.131,0
13,19297,12,1,0,10,0.286,0
88,16731,22,1,0,6,0.115,0
134,14775,18,1,0,10,0.015,0
85,1402,15,1,1,10,0.065,0
92,4628,11,1,0,0,0.074,0
163,7133,11,1,0,5,0.427,0
95,5184,13,1,0,10,0.037,0
191,19243,2,2,1,7,2.849,1
169,5522,10,1,0,10,0.104,0
79,6296,19,1,1,10,0.259,0
164,3617,18,1,0,10,0.277,0
136,2679,15,1,0,7,0.464,0
80,1347,14,1,0,7,0.102,1
181,996,22,1,0,10,0.336,0
139,5465,11,1,0,10,0.093,0
96,2527,16,1,0,10,0.685,0
28,18598,18,1,1,10,0.24,0
173,3741,12,1,1,4,0.252,0
104,1153,22,1,0,10,0.231,0
12,23569,13,1,0,1,0.571,0
117,9728,9,3,0,7,0.946,1
3,2373,10,1,0,10,0.582,0
89,5285,13,2,0,10,0.057,0
192,4537,13,1,1,9,0.093,0
33,1355,15,1,0,10,0.097,0
0,16458,15,2,0,10,0.097,0
12,10656,9,1,0,10,0.29,0
39,3730,11,1,1,10,0.254,0
128,1256,15,1,0,1,0.163,0
140,3908,16,1,0,10,0.218,0
98,12612,7,1,0,10,0.159,0
24,2522,6,1,0,10,0.681,0
84,15062,13,1,0,3,0.004,0
7,9311,13,1,0,10,0.379,0
119,2045,13,1,0,10,0.363,0
176,13758,16,1,0,1,0.083,0
34,1363,14,1,0,10,0.091,0
196,1696,20,1,0,10,0.131,0
43,15913,14,3,0,10,2.183,1
149,4235,15,1,0,10,0.153,0
115,3415,12,1,0,10,0.317,0
87,7871,11,1,0,3,0.574,0
69,4256,17,1,0,10,0.149,0
171,7824,12,1,0,10,0.478,0
141,5118,10,1,0,10,0.024,0
75,4662,8,1,0,1,0.068,0
19,3603,16,1,0,10,0.279,0
175,4628,15,1,0,10,0.074,0
97,16345,11,1,0,10,0.09,0
11,16779,8,1,0,10,0.119,0
112,701,8,1,0,9,0.533,0
4,14536,11,1,0,10,0.031,0
122,13078,7,1,0,10,0.128,0
135,4094,10,1,0,10,0.181,0
154,5054,13,1,1,10,2.369,1
169,6463,13,1,0,10,0.293,0
184,12744,18,1,0,10,0.15,0
152,1302,16,1,1,10,0.132,0
52,1086,12,1,1,9,0.276,0
117,3034,16,1,0,10,0.393,0
75,4918,11,1,0,10,0.016,0
52,901,14,1,0,10,0.399,0
169,5397,22,1,0,10,0.079,0
114,2629,12,1,0,10,0.753,0
139,5145,22,1,0,10,0.029,0
145,7592,14,1,0,10,0.518,0
176,12753,11,1,0,10,0.15,0
77,4092,10,1,0,10,0.182,0
197,4369,11,1,0,10,0.126,0
130,2849,14,1,0,10,0.899,0
191,3872,14,1,0,4,0.226,0
106,20354,13,1,0,10,0.357,0
109,9596,16,1,0,10,0.36,0
182,1324,6,1,0,10,0.117,0
147,2200,16,1,1,10,0.467,0
132,1369,11,1,0,9,0.087,0
119,1373,11,1,0,10,0.085,0
81,11509,17,1,0,10,0.233,0
195,5672,12,1,0,10,0.134,0
125,1976,15,1,0,10,0.317,0
181,741,14,1,0,10,0.506,0
11,19866,6,1,1,10,0.324,0
166,13993,17,1,0,9,0.067,0
179,1768,12,1,0,10,0.179,0
5,12647,17,1,0,10,0.157,0
94,2521,14,1,0,9,0.681,0
16,5202,19,1,0,10,0.04,0
123,1468,20,1,0,7,0.021,1
73,1342,19,1,0,10,0.105,0
38,4452,14,2,0,10,0.11,0
177,1244,12,1,0,10,0.171,0
24,5348,13,1,1,10,2.565,1
150,5182,12,1,0,10,0.036,0
164,7666,13,1,0,10,0.533,0
16,2873,14,1,0,10,0.425,0
66,4032,15,1,0,0,0.194,0
77,5047,12,1,0,10,0.009,0
23,1924,14,1,0,10,0.283,0
90,1980,19,1,0,10,0.32,0
31,56226,2,3,1,10,2.748,1
160,7033,7,1,0,10,0.407,0
74,2063,18,1,0,3,0.375,0
59,2966,6,1,0,9,0.407,0
152,1981,18,1,0,10,0.321,0
67,14450,17,1,0,8,0.037,0
77,6370,19,1,0,10,0.274,0
143,7507,12,1,0,10,0.5,0
64,1664,14,1,0,10,0.109,0
21,6196,4,2,1,7,3.131,1
2,4208,22,1,0,10,0.158,0
59,2339,16,1,0,10,0.532,0
56,6845,6,1,1,10,0.369,0
119,1270,10,1,0,10,0.153,0
155,17702,14,1,0,10,0.18,0
86,7589,4,1,0,7,0.518,1
96,1190,11,1,0,10,0.207,0
153,7040,13,1,0,10,0.408,0
118,17641,12,1,0,10,0.176,0
61,9645,19,4,0,10,0.929,1
124,1715,6,1,0,10,0.143,0
86,3415,11,1,0,2,0.317,0
62,4770,15,1,0,10,0.046,0
186,4834,15,1,0,10,0.033,0
30,8866,11,1,0,10,0.409,0
12,65021,2,3,1,10,3.335,1
49,5439,13,1,0,10,0.088,0
24,2047,16,1,1,10,0.365,0
24,1473,17,1,0,10,0.018,0
91,1802,20,1,0,10,0.201,0
125,390,12,1,0,10,0.74,0
85,1191,11,1,0,10,0.206,0
193,2505,16,2,0,1,0.67,0
72,1098,14,1,0,10,0.268,0
135,3784,11,1,1,5,0.243,0
62,6555,14,1,0,10,0.311,0
84,6599,15,1,0,9,0.56,0
75,5691,18,1,0,10,0.138,0
180,2562,11,1,0,10,0.708,0
171,18140,12,1,0,10,0.209,0
24,1958,20,1,0,10,0.305,0
137,1137,12,1,0,10,0.242,0
21,1826,18,1,0,10,0.217,0
72,1498,15,1,0,10,0.001,0
111,12185,14,1,0,10,0.188,0
13,14834,11,1,0,10,0.011,0
148,1787,23,1,0,10,0.191,1
53,6649,15,1,1,10,0.33,0
68,17513,16,1,0,0,0.168,0
8,1338,21,1,1,10,0.108,0
107,1128,8,1,0,10,0.248,0
72,1694,21,1,0,4,0.129,0
13,9246,22,1,0,10,0.384,0
98,20385,12,1,0,10,0.359,0
90,1511,17,1,0,10,0.007,0
39,6433,22,1,0,10,0.287,0
124,1452,11,1,0,10,0.032,0
2,6376,8,1,0,0,0.275,0
43,9064,1,1,0,10,0.813,1
10,1155,14,1,0,10,0.23,0
116,18357,19,1,0,10,0.224,0
186,18999,1,2,1,7,2.8,1
146,4901,20,1,0,4,0.02,0
39,2745,16,1,0,8,0.451,0
160,3633,11,1,0,10,0.273,0
56,17380,18,1,1,10,2.476,1
90,1289,16,1,0,10,0.141,0
20,5242,12,1,1,10,0.048,0
118,11733,12,1,0,10,0.218,0
119,2233,20,1,1,10,0.489,0
167,16663,20,1,0,10,0.111,0
79,2967,12,1,0,10,0.407,0
131,13676,15,1,0,10,0.088,0
64,2166,15,3,0,10,0.444,1
195,2891,16,1,0,10,0.422,0
189,4659,12,1,1,10,0.068,0
53,4618,14,1,0,10,0.076,0
37,2566,14,1,1,10,0.711,0
116,11061,15,1,0,10,0.263,0
78,4990,13,1,0,4,0.002,0
25,6280,16,1,0,10,0.256,0
137,1935,16,1,0,10,0.29,0
136,18442,2,4,1,7,2.688,1
96,1356,16,1,0,10,0.096,0
145,5056,13,1,0,10,0.011,0
76,2737,14,1,0,10,0.825,0
76,6299,3,3,1,10,3.199,1
167,11229,20,1,0,10,0.251,0
6,19511,13,1,0,8,0.301,0
58,13163,10,1,0,10,0.122,0
72,1489,13,1,0,7,0.007,1
96,1347,9,1,0,2,0.102,0
4,15109,10,1,1,10,0.007,0
34,1508,17,1,0,10,0.005,0
7,17896,8,1,0,10,0.193,0
152,825,12,1,0,10,0.45,0
106,21180,20,1,0,10,0.412,0
21,1810,3,1,0,7,0.207,1
23,1176,20,1,1,10,0.216,0
66,5048,11,1,0,6,0.01,0
189,5803,17,1,0,10,0.161,0
19,7166,4,1,0,10,0.433,1
186,6749,16,1,0,10,0.35,0
39,5002,12,1,0,10,0.0,0
140,4673,12,1,0,10,0.065,0
174,1164,11,1,0,2,0.224,0
26,4811,10,1,0,0,0.038,0
197,1625,22,1,1,10,0.675,0
89,2047,14,1,0,10,0.591,0
198,18566,14,1,1,10,0.238,0
118,13064,22,1,1,10,0.129,0
111,18040,7,1,0,6,0.203,0
6,17173,7,1,0,1,0.145,0
81,14123,15,1,0,10,0.058,0
147,660,20,1,0,10,0.56,0
33,1835,6,2,0,10,0.223,0
56,6667,16,1,0,10,0.333,0
43,5174,12,1,0,10,0.035,0
78,4788,22,1,0,10,0.042,0
62,5998,13,1,1,10,0.2,0
6,15356,14,1,1,10,0.024,0
102,698,15,1,0,10,0.535,0
87,3844,12,1,0,10,0.231,0
104,1152,15,1,0,7,0.232,1
52,2014,9,1,0,10,0.343,0
94,1335,23,1,0,10,0.11,1
15,5161,18,1,0,10,0.032,0
183,1160,6,1,1,10,0.227,0
94,1883,13,1,0,10,0.255,0
158,5480,15,1,0,10,0.096,0
97,17815,16,1,0,10,0.188,0
190,9781,12,1,0,10,0.348,0
195,9197,17,4,0,10,0.839,1
125,1477,14,1,0,10,0.015,0
172,1629,13,1,0,10,0.086,0
176,20608,16,1,0,10,0.374,0
20,5322,14,1,0,10,0.064,0
140,6795,9,1,0,10,0.359,0
168,2047,14,1,0,4,0.365,0
154,1069,16,1,0,10,0.287,0
89,6323,20,1,1,10,0.265,0
151,6238,12,1,0,10,0.248,0
35,14366,17,1,0,10,0.042,0
122,12533,11,1,0,10,0.164,0
147,1190,11,1,1,10,0.207,0
35,16386,12,1,0,4,0.092,0
52,1012,20,2,1,10,0.325,0
1,2912,11,2,1,10,0.941,0
192,5485,14,1,0,10,0.097,0
56,3876,13,1,0,10,0.225,0
193,1663,13,1,0,10,0.109,0
57,1619,12,2,0,10,0.079,0
17,5953,14,1,0,10,0.191,0
128,2265,19,4,0,7,0.51,1
24,1681,14,1,0,10,0.121,0
0,15309,12,1,0,10,0.021,0
32,8012,12,1,0,10,0.602,0
21,1518,17,1,0,10,0.012,0
90,1784,22,1,0,10,0.189,0
48,1695,7,1,0,10,0.13,0
152,1492,10,1,0,10,0.005,0
154,1497,18,1,0,10,0.002,0
194,35295,18,5,0,10,1.353,1
123,2638,2,1,0,10,0.759,1
15,6289,11,1,0,4,0.258,0
32,4175,18,1,0,10,0.165,0
148,341,9,1,0,5,0.773,0
33,2031,10,1,0,10,0.354,0
64,2726,11,4,0,10,0.817,1
142,795,16,1,0,10,0.47,0
128,1274,13,1,0,2,0.151,0
62,6121,6,1,0,8,0.224,0
126,14717,12,1,0,10,0.019,0
89,6544,11,1,1,8,0.309,0
114,1523,14,1,0,3,0.015,0
127,775,13,2,0,2,0.483,0
198,15132,11,1,0,10,0.009,0
0,14061,14,1,0,0,0.063,0
31,51752,8,1,1,10,2.45,1
84,8345,10,1,0,10,0.444,0
172,1366,12,1,0,10,0.089,0
195,8797,9,3,0,10,0.759,1
51,14583,17,2,0,10,0.028,0
147,1777,13,1,0,10,0.185,0
118,9877,15,2,0,10,0.342,0
0,11907,14,1,0,1,0.206,0
132,1993,15,1,1,10,0.329,0
65,13875,19,1,0,10,0.075,0
180,1367,11,1,0,10,0.089,0
44,59966,1,4,1,7,2.998,1
9,2153,8,1,1,10,0.435,0
1,2308,6,1,0,10,0.539,0
185,16120,15,1,0,10,0.075,0
108,20982,0,1,0,10,0.399,1
19,4617,16,1,0,10,0.077,0
73,1914,21,1,0,10,0.276,0
168,1792,10,1,0,7,0.195,1
130,1619,10,1,0,4,0.079,0
75,5538,7,1,0,10,0.108,0
180,1381,17,1,0,10,0.079,0
116,12467,11,1,0,10,0.169,0
29,2180,7,1,0,9,0.564,0
67,9948,8,1,0,10,0.337,0
100,1233,16,1,0,3,0.178,0
9,1697,7,1,0,10,0.131,0
154,1123,13,1,1,1,0.251,0
18,1697,11,1,0,2,0.131,0
44,14112,17,1,0,10,0.059,0
26,5285,15,1,0,3,0.057,0
76,1756,11,1,0,0,0.171,0
188,18329,13,1,1,10,0.222,0
29,5002,11,1,0,10,0.0,0
126,12493,14,1,0,10,0.167,0
118,23005,8,5,0,10,0.534,1
39,2832,10,1,0,10,0.434,0
174,1649,6,1,1,10,0.099,0
181,1811,14,1,0,5,0.207,0
26,4725,16,1,0,4,0.055,0
151,4039,15,1,0,10,0.192,0
52,347,19,1,0,10,0.769,0
77,3989,16,1,0,10,0.202,0
109,18823,15,1,0,10,0.255,0
30,7697,15,1,0,10,0.487,0
129,816,19,1,0,10,0.456,0
41,3299,10,1,0,10,0.34,0
153,5826,15,1,0,6,0.165,0
138,1753,18,2,0,10,0.169,0
146,6541,17,1,0,10,0.308,0
173,6141,14,1,1,10,0.228,0
149,18307,10,1,1,10,2.661,1
53,7079,18,1,0,8,0.416,0
6,10047,18,1,0,10,0.33,0
172,2011,14,1,0,10,0.341,0
103,20959,13,1,0,4,0.397,0
36,6338,6,1,0,8,0.268,0
26,21414,1,4,1,10,3.283,1
159,6438,19,1,0,1,0.288,0
79,7152,1,1,0,10,0.43,1
45,2051,13,1,1,0,0.367,0
111,9667,9,1,1,10,0.356,0
166,16541,14,2,0,0,0.103,0
170,2118,17,1,0,2,0.412,0
34,961,16,1,1,10,0.359,0
105,5707,10,1,0,2,0.141,0
35,13751,14,1,0,10,0.083,0
159,5868,21,1,0,10,0.174,0
165,18544,19,1,0,10,0.236,0
157,1256,12,1,0,10,0.163,0
24,2086,13,1,0,2,0.391,0
80,1299,16,1,0,0,0.134,0
28,14010,21,1,1,10,0.066,0
109,12633,19,1,0,1,0.158,0
180,1703,10,2,1,10,0.135,0
98,17801,10,1,0,1,0.187,0
77,4052,12,1,0,10,0.19,0
72,2098,15,1,0,6,0.399,0
148,3537,16,4,0,10,1.358,1
10,1776,10,1,1,9,0.184,0
89,6592,18,1,0,10,0.318,0
31,14691,11,1,0,3,0.021,0
37,1248,20,1,0,10,0.168,0
46,13677,19,1,0,10,0.088,0
35,15929,11,1,0,0,0.062,0
118,16210,9,1,0,10,0.081,0
114,1016,12,1,1,10,0.323,0
25,5915,15,1,0,3,0.183,0
120,1695,14,1,0,10,0.13,0
193,1245,13,1,0,10,0.17,0
152,1167,19,1,0,10,0.222,0
19,7033,12,1,0,10,0.407,0
100,1803,22,2,1,10,0.202,0
19,6138,12,1,0,1,0.228,0
33,2336,6,1,0,10,0.557,0
153,2824,15,1,0,10,0.435,0
58,16809,15,1,0,10,0.121,0
70,1884,13,1,0,10,0.256,0
157,1159,10,1,0,10,0.227,0
92,6146,22,1,0,10,0.229,0
126,21677,11,1,0,10,0.445,0
154,2009,17,1,0,10,0.339,0
21,891,18,1,0,10,0.406,0
99,4759,13,1,0,4,0.048,0
159,3957,6,1,0,10,0.209,0
161,1483,15,1,0,0,0.011,0
82,15778,16,1,0,6,0.052,0
189,4783,10,1,0,6,0.043,0
2,6705,9,1,0,10,0.341,0
170,2840,9,5,0,7,0.893,1
172,1598,11,1,0,10,0.065,0
47,66010,2,2,1,10,3.401,1
166,14849,16,1,0,10,0.01,0
120,742,14,1,0,3,0.505,0
188,20497,11,1,0,7,0.366,0
188,13577,19,2,0,10,0.095,0
16,6707,10,2,0,10,0.341,0
148,1887,11,1,0,10,0.258,0
185,12449,16,1,0,10,0.17,0
162,1087,9,1,0,6,0.275,0
174,1471,12,1,1,0,0.019,0
114,1885,14,1,0,1,0.257,0
142,1692,7,1,0,10,0.128,0
168,5162,16,1,1,10,2.441,1
174,1242,11,1,0,10,0.172,0
38,4420,17,1,0,10,0.116,0
156,1073,13,1,0,10,0.285,0
160,7373,9,1,0,10,0.475,0
186,3462,14,1,0,10,0.308,0
11,55639,17,1,1,10,2.709,1
128,1095,12,1,0,10,0.27,0
85,1514,22,1,0,10,0.009,0
95,4606,15,1,0,10,0.079,0
72,2444,13,1,0,10,0.629,0
138,1907,18,1,1,10,0.271,0
138,638,15,1,0,10,0.575,0
95,4754,17,1,0,10,0.049,0
18,657,20,1,0,10,0.562,0
132,1476,10,1,1,4,0.016,0
107,1388,10,1,0,10,0.075,0
91,1051,11,1,1,10,0.299,0
157,1850,16,1,0,4,0.233,0
44,17509,18,1,0,10,0.167,0
116,15319,13,1,0,10,0.021,0
125,1278,11,1,0,10,0.148,0
45,1537,17,1,0,10,0.025,0
46,13645,9,1,0,10,0.09,0
189,3656,8,1,0,10,0.269,0
135,5708,16,1,0,10,0.142,0
137,2260,10,1,0,10,0.507,0
140,5364,14,1,0,10,0.073,0
163,3324,19,1,0,10,0.335,0
24,1889,14,1,0,10,0.259,0
102,6420,3,4,1,10,3.28,1
180,1397,10,1,0,10,0.069,0
36,6677,14,1,0,10,0.335,0
168,5319,19,1,1,10,2.546,1
97,8822,14,1,0,10,0.412,0
38,2835,10,1,0,10,0.433,0
135,4151,15,1,0,10,0.17,0
124,1571,14,1,0,10,0.047,0
186,5650,12,1,0,10,0.13,0
165,16501,13,1,0,10,0.1,0
72,1676,12,1,0,10,0.117,0
37,952,16,1,0,10,0.365,0
149,3533,16,1,0,1,0.293,0
88,52569,5,4,1,7,2.505,1
50,6287,15,1,0,10,0.257,0
51,13386,17,1,0,10,0.108,0
186,17642,14,1,1,10,2.528,1
175,4185,16,1,0,10,0.163,0
16,3265,11,1,0,9,0.347,0
1,2333,15,1,1,10,0.555,0
168,1898,16,1,0,10,0.265,0
137,1334,8,1,0,10,0.111,0
139,8247,15,2,0,2,0.649,0
60,23947,15,1,0,10,0.596,0
149,4247,13,1,0,10,0.151,0
140,4800,12,1,0,10,0.04,0
172,1341,17,1,0,10,0.106,0
114,1023,12,1,0,10,0.318,0
96,2220,18,1,0,10,0.48,0
67,23369,10,1,0,1,0.558,0
45,1611,8,1,0,10,0.074,0
62,6087,9,1,0,10,0.217,0
188,19180,12,1,0,10,0.279,0
16,6325,14,1,0,10,0.265,0
19,3285,14,1,0,10,0.343,0
121,6194,11,1,0,10,0.239,0
45,1463,12,1,0,10,0.025,0
79,3664,10,1,0,10,0.267,0
116,11901,21,1,0,10,0.207,0
50,5136,13,1,0,10,0.027,0
182,1419,10,1,0,10,0.054,0
21,2400,6,1,0,10,0.6,0
92,20853,3,2,1,10,3.171,1
48,2274,14,1,0,5,0.516,0
170,1514,17,1,0,7,0.009,1
73,838,11,1,0,2,0.441,0
2,5845,19,1,0,2,0.169,0
115,6423,18,1,0,10,0.285,0
189,7519,16,1,1,10,0.504,0
21,885,16,1,0,10,0.41,0
138,1681,12,2,0,10,0.121,0
61,4445,16,1,0,4,0.111,0
21,5477,2,2,1,7,2.651,1
94,1776,7,1,1,10,0.184,0
47,14587,15,1,0,5,0.028,0
176,15681,9,1,1,10,0.045,0
189,6641,14,1,0,10,0.328,0
96,1351,6,1,0,7,0.099,0
21,752,12,1,0,10,0.499,0
146,5018,14,1,0,10,0.004,0
27,24654,9,4,0,10,0.644,1
169,5791,18,1,0,10,0.158,0
158,6314,17,1,0,10,0.263,0
52,1332,18,1,0,10,0.112,0
53,4775,6,2,0,10,0.045,0
134,16352,19,1,0,7,0.09,0
142,1711,21,1,0,10,0.141,0
96,1433,19,1,0,10,0.045,0
181,1483,13,1,0,10,0.011,0
163,5737,8,1,0,10,0.147,0
180,923,8,1,0,10,0.385,0
8,2249,14,1,0,10,0.499,0
193,2148,14,1,0,10,0.432,0
7,17427,13,1,1,10,0.162,0
95,4144,10,1,0,10,0.171,0
156,1517,14,1,0,10,0.011,0
18,934,22,1,0,6,0.377,0
64,2670,18,1,0,10,0.78,0
176,22813,11,1,0,10,0.521,0
2,7414,10,1,0,10,0.483,0
58,12567,14,1,1,10,0.162,0
174,1297,13,1,1,10,0.135,0
13,13004,10,1,0,10,0.133,0
190,17194,7,1,1,10,0.146,0
59,3793,13,1,0,10,0.241,0
77,5280,19,1,1,10,0.056,0
133,1892,10,1,0,10,0.261,0
108,11732,18,1,0,0,0.218,0
128,1664,11,1,0,3,0.109,0
8,2179,6,1,1,10,0.453,0
198,19325,17,1,0,10,0.288,0
167,14034,15,1,0,6,0.064,0
23,1519,8,1,0,10,0.013,0
101,4620,9,1,0,10,0.076,0
39,2508,13,1,0,5,0.498,0
187,14319,15,1,0,10,0.045,0
114,883,13,1,1,10,0.411,0
173,3330,13,1,0,10,0.334,0
192,4448,16,1,0,10,0.11,0
65,16163,16,1,1,10,0.078,0
96,778,10,1,0,10,0.481,0
76,2261,20,1,0,10,0.507,0
12,10317,8,1,0,10,0.312,0
131,8924,18,1,0,7,0.405,0
108,18287,9,1,0,10,0.219,0
199,1114,20,1,1,10,0.257,0
148,1719,21,1,0,10,0.146,0
41,3750,13,1,0,6,0.25,0
164,3550,17,1,0,8,0.29,0
52,2690,16,1,0,10,0.793,0
140,3559,10,1,0,10,0.288,0
168,1134,14,1,0,10,0.244,0
178,1822,10,1,1,10,0.215,0
146,3634,15,1,0,10,0.273,0
131,16264,17,1,0,10,0.084,0
26,7207,16,1,0,10,0.441,0
182,2098,8,1,0,10,0.399,0
19,6214,16,1,0,10,0.243,0
109,15113,6,1,0,10,0.008,0
8,1957,17,1,0,10,0.305,0
122,20370,15,1,0,10,0.358,0
71,3385,18,1,1,9,0.323,0
156,2137,9,1,0,10,0.425,0
106,20380,14,1,0,10,0.359,0
162,1356,13,1,0,10,0.096,0
22,4018,15,1,1,10,0.196,0
167,14834,9,1,1,10,0.011,0
103,16750,16,1,1,10,0.117,0
148,1289,8,1,0,0,0.141,0
110,5267,11,1,1,10,0.053,0
44,11579,9,1,0,10,0.228,0
70,100,11,1,0,10,0.933,0
120,1965,18,1,0,0,0.31,0
120,5623,0,2,1,10,2.749,1
183,1010,13,1,0,10,0.327,0
53,5069,22,1,1,10,0.014,0
132,1248,15,1,0,3,0.168,0
19,5213,19,1,0,10,0.043,0
108,64480,5,4,1,10,3.299,1
27,15319,17,1,0,10,0.021,0
49,3606,13,1,1,8,0.279,0
99,7242,7,1,0,3,0.448,0
3,512,14,1,0,1,0.659,0
64,1660,7,1,0,4,0.107,0
5,19891,14,1,0,10,0.326,0
185,17118,14,1,0,1,0.141,0
112,1492,11,1,0,7,0.005,1
99,5499,8,1,0,10,0.1,0
114,1597,22,1,1,10,0.065,0
2,7397,10,1,0,10,0.479,0
135,4174,15,2,0,10,0.165,0
76,1647,13,1,0,10,0.098,0
164,4753,21,1,0,10,0.049,0
3,5495,14,1,1,10,2.663,1
20,3340,18,1,0,6,0.332,0
28,11723,6,1,0,10,0.218,0
21,2082,14,1,0,10,0.388,0
173,4594,16,2,0,10,0.081,0
185,23874,9,1,0,10,0.592,0
85,2545,8,1,0,10,0.697,0
130,6278,3,4,1,10,3.185,1
150,5266,14,1,1,10,0.053,0
17,7977,14,1,0,10,0.595,0
11,17569,16,1,0,10,0.171,0
168,895,10,1,0,10,0.403,0
21,725,13,1,0,7,0.517,0
33,2469,14,1,1,7,0.646,0
87,4848,16,1,1,10,0.03,0
193,929,19,1,0,10,0.381,0
158,5623,12,1,0,10,0.125,0
66,4132,11,1,0,10,0.174,0
156,5960,0,4,1,10,2.973,1
78,4521,9,1,0,10,0.096,0
152,2422,23,1,0,10,0.615,1
128,1521,10,1,0,7,0.014,1
110,3837,18,1,0,10,0.233,0
150,2598,9,1,0,10,0.48,0
11,16149,15,1,0,10,0.077,0
17,5030,8,1,0,10,0.006,0
101,1074,14,2,0,10,0.785,0
43,5116,10,1,0,6,0.023,0
100,1972,14,1,1,10,0.315,0
125,1850,14,1,0,10,0.233,0
198,14951,8,1,0,2,0.003,0
71,4124,18,1,0,10,0.175,0
38,549,20,1,0,10,0.89,0
98,20656,20,2,0,10,0.377,0
20,5914,16,1,0,10,0.183,0
115,5175,13,1,1,2,0.035,0
84,14745,12,1,0,10,0.017,0
122,13010,17,1,1,10,0.133,0
174,1785,15,1,0,10,0.19,0
143,10108,21,1,0,9,0.326,0
116,53185,18,1,1,7,2.546,1
176,14411,17,1,0,2,0.039,0
44,24558,0,1,0,7,0.637,1
160,5269,15,1,0,10,0.054,0
25,5378,14,1,0,8,0.076,0
192,4751,21,1,0,10,0.05,0
104,2089,11,1,0,10,0.393,0
67,51075,18,1,1,10,2.405,1
175,9417,20,1,0,10,0.883,0
111,53299,9,1,1,10,2.553,1
99,5650,13,1,0,10,0.13,0
45,1373,17,1,0,10,0.085,0
94,4919,18,1,1,10,2.279,1
9,1781,20,1,0,10,0.187,0
113,9364,18,1,0,10,0.376,0
61,5317,14,1,1,10,0.063,0
144,1471,13,1,0,10,0.019,0
193,1202,11,1,0,10,0.199,0
104,715,17,1,0,10,0.523,0
35,16889,10,1,0,10,0.126,0
15,4899,14,1,0,10,0.02,0
90,788,10,1,0,2,0.475,0
102,1436,9,1,0,10,0.043,0
22,2413,22,1,0,10,0.517,0
104,1045,17,1,0,10,0.303,0
89,4590,13,1,0,3,0.082,0
88,12560,10,1,0,10,0.163,0
98,19332,6,1,0,10,0.289,0
49,7835,11,1,0,5,0.567,0
172,1325,10,1,0,10,0.117,0
146,8853,0,1,0,7,0.771,1
69,3423,18,1,0,10,0.315,0
5,18375,15,1,0,10,0.225,0
129,1731,12,1,0,4,0.154,0
151,5354,12,1,1,10,0.071,0
136,6464,13,1,0,10,0.293,0
83,7170,16,1,0,8,0.434,0
24,1211,14,1,0,10,0.193,0
62,5548,16,2,0,10,0.11,0
140,5791,16,1,1,10,0.158,0
137,1610,9,1,0,8,0.073,0
192,3479,11,1,0,10,0.304,0
93,14854,17,1,1,10,0.01,0
13,13431,10,1,0,10,0.105,0
43,3771,8,1,0,5,0.246,0
165,15247,14,1,0,10,0.016,0
25,4955,10,1,0,10,0.009,0
138,1422,15,1,1,5,0.052,0
190,10552,6,1,0,10,0.297,0
176,14137,13,1,0,10,0.058,0
168,1650,12,1,0,10,0.1,0
63,5643,6,1,0,10,0.129,0
0,16824,10,1,0,10,0.122,0
152,4813,9,1,1,10,2.209,1
5,20065,2,1,0,7,0.338,1
74,1239,17,1,0,10,0.174,0
58,14956,10,1,1,10,0.003,0
6,36101,13,3,0,10,1.407,1
176,21441,13,1,0,10,0.429,0
198,17958,13,1,0,5,0.197,0
113,8747,12,1,0,5,0.417,0
40,4593,19,1,0,6,0.081,0
11,15462,20,1,0,0,0.031,0
167,13915,13,1,0,10,0.072,0
49,5598,11,1,0,10,0.12,0
95,8149,6,1,1,10,0.63,0
171,13983,10,1,0,10,0.068,0
5,19955,21,1,0,1,0.33,0
14,13227,13,1,0,10,0.118,0
131,23645,1,1,0,10,0.576,1
54,2416,21,1,0,10,0.611,0
103,12980,10,1,0,2,0.135,0
192,4970,10,1,0,10,0.006,0
193,1904,15,1,0,10,0.269,0
107,1235,22,1,0,10,0.177,0
188,15725,11,1,1,10,0.048,0
48,1295,11,1,0,4,0.137,0
100,1676,19,1,0,10,0.117,0
92,4315,18,1,0,10,0.137,0
114,1409,12,1,0,10,0.061,0
40,3738,13,1,0,10,0.252,0
133,553,16,1,1,10,0.631,0
63,4813,19,1,0,10,0.037,0
197,868,16,1,0,10,0.826,0
104,1653,13,1,1,10,0.102,0
57,1277,18,1,0,10,0.149,0
30,6092,13,1,0,10,0.594,0
67,9601,11,1,0,10,0.36,0
78,4505,16,1,0,10,0.099,0
90,1943,11,1,0,10,0.295,0
83,3529,15,1,0,10,0.294,0
177,1858,16,1,0,10,0.239,0
152,2727,15,1,0,4,0.818,0
165,20774,12,1,0,9,0.385,0
173,6088,13,1,0,10,0.218,0
133,877,16,1,0,10,0.415,0
78,5241,22,1,0,10,0.048,0
21,2347,14,1,0,5,0.565,0
47,16245,7,1,0,10,0.083,0
148,1776,14,1,0,3,0.184,0
58,8297,19,1,0,10,0.447,0
195,17254,17,1,1,10,2.451,1
119,2992,14,1,0,3,0.995,0
124,1161,16,2,0,10,0.226,0
136,5139,16,1,0,10,0.028,0
0,17490,9,1,1,4,0.166,0
197,6346,11,1,0,10,0.269,0
197,5217,14,1,0,7,0.043,1
142,1680,11,1,0,6,0.12,0
107,954,14,1,0,10,0.364,0
84,7896,12,1,0,10,0.474,0
43,4366,11,1,0,10,0.127,0
127,1656,19,1,1,6,0.104,0
136,6559,11,2,0,3,0.312,0
33,835,10,1,0,10,0.443,0
185,7082,15,1,1,10,0.528,0
91,1953,14,1,0,10,0.302,0
111,16179,11,2,0,10,0.079,0
168,1713,17,1,0,7,0.142,0
89,2972,14,1,1,10,0.406,0
73,1258,14,1,0,8,0.161,0
182,1282,13,1,0,10,0.145,0
178,5150,3,4,1,10,2.433,1
82,14903,15,1,0,4,0.006,0
165,16478,18,1,0,7,0.099,0
179,1313,6,1,0,10,0.125,0
84,13421,15,1,0,10,0.105,0
102,1872,11,1,0,8,0.248,0
16,4932,19,2,0,10,0.014,0
148,1679,11,1,0,4,0.119,0
35,15597,14,1,0,10,0.04,0
36,7312,19,1,0,10,0.462,0
114,1953,22,1,0,10,0.302,0
194,57844,12,1,1,7,2.856,1
15,3453,13,1,0,10,0.309,0
28,9246,14,1,0,1,0.384,0
77,4843,15,1,1,10,0.031,0
84,15571,9,1,0,4,0.038,0
28,18848,13,1,0,10,0.257,0
177,2258,10,1,0,10,0.505,0
175,2731,19,1,0,10,0.454,0
129,1335,9,1,0,10,0.11,0
66,5985,10,1,0,10,0.197,0
153,5948,22,1,0,10,0.19,0
168,3347,13,4,0,10,1.231,1
190,17960,12,1,0,10,0.197,0
30,8918,8,1,0,10,0.405,0
186,5206,19,1,0,10,0.041,0
74,1477,12,1,1,10,0.015,0
191,4657,15,1,0,10,0.069,0
174,1691,20,1,0,10,0.127,0
33,436,17,2,0,10,0.709,0
197,3677,13,1,1,8,0.265,0
189,6168,11,1,0,10,0.234,0
157,5096,11,1,1,10,2.397,1
101,4541,11,1,0,10,0.092,0
24,2250,8,1,1,3,0.5,0
29,6050,6,1,0,10,0.21,0
40,3650,12,1,0,10,0.27,0
159,4834,13,1,0,9,0.033,0
136,3306,16,1,0,0,0.339,0
179,1324,17,1,0,10,0.117,0
181,3527,14,3,0,7,1.351,1
180,1430,22,1,0,1,0.047,0
99,2738,20,1,0,10,0.452,0
153,4469,9,1,0,9,0.106,0
105,5166,18,1,0,10,0.033,0
24,1931,9,1,0,10,0.287,0
53,5807,8,1,1,10,0.161,0
40,7298,10,1,0,10,0.46,0
94,1036,12,1,0,7,0.309,0
77,6151,20,1,0,0,0.23,0
191,3748,6,1,0,10,0.25,0
194,12372,18,1,0,4,0.175,0
117,6553,14,1,1,10,0.311,0
20,5906,16,1,0,10,0.181,0
101,4600,8,2,0,7,0.08,0
171,19175,10,2,0,10,0.278,0
13,15077,13,2,0,10,0.005,0
151,20520,4,4,1,7,3.104,1
199,5945,0,3,1,10,2.963,1
8,1240,6,1,0,10,0.173,0
155,17907,14,1,0,10,0.194,0
30,16721,6,2,0,10,0.115,0
76,1538,16,1,0,5,0.025,0
138,970,11,1,0,10,0.353,0
174,1610,13,1,0,10,0.073,0
10,2432,11,1,0,10,0.621,0
28,10293,15,1,0,10,0.314,0
37,1359,12,1,0,5,0.094,0
12,16836,17,1,0,10,0.122,0
30,17079,22,1,0,10,0.139,0
191,10102,10,4,0,7,1.02,1
163,4525,15,1,0,10,0.095,0
133,1640,12,1,0,10,0.093,0
75,8511,14,1,1,10,0.702,0
67,14821,11,1,0,10,0.012,0
129,1001,15,2,0,10,0.333,0
102,1510,15,1,0,10,0.007,0
12,15371,6,1,1,10,0.025,0
117,741,9,1,1,10,0.852,0
22,8893,14,3,0,10,0.779,1
19,4762,18,2,1,5,0.048,0
40,7252,12,1,0,10,0.45,0
102,2178,17,1,0,1,0.452,0
157,1838,18,1,1,10,0.225,0
88,10872,18,1,0,10,0.275,0
142,1020,15,1,1,10,0.32,0
45,1876,7,2,0,10,0.251,0
164,5108,17,1,0,10,0.022,0
113,20426,12,1,0,10,0.362,0
123,1729,14,1,0,10,0.153,0
117,4467,10,1,0,10,0.107,0
3,2400,11,1,1,10,0.6,0
19,7066,13,2,0,10,0.413,0
120,2565,18,1,0,10,0.71,0
141,4117,14,1,0,10,0.177,0
30,12825,13,1,1,10,0.145,0
130,831,13,1,0,10,0.446,0
156,1997,17,1,0,10,0.331,0
185,39569,14,4,0,10,1.638,1
21,1753,9,1,0,10,0.169,0
152,1889,13,2,0,10,0.259,0
159,3072,18,1,0,10,0.386,0
164,4021,10,1,0,3,0.196,0
190,15972,13,1,0,10,0.065,0
31,11934,17,1,0,10,0.204,0
136,4817,13,1,0,4,0.037,0
161,2319,17,1,0,10,0.546,0
64,1809,16,1,0,10,0.206,0
98,19352,15,1,0,10,0.29,0
141,5753,12,1,0,10,0.151,0
185,9906,17,1,0,10,0.34,0
10,1879,6,1,0,4,0.253,0
139,5767,14,1,0,10,0.153,0
177,1378,14,1,0,10,0.081,0
195,8846,17,4,0,10,0.769,1
98,10102,13,1,0,2,0.327,0
173,5488,16,1,0,5,0.098,0
91,1671,16,1,0,10,0.114,0
103,13123,19,2,0,10,0.125,0
128,882,22,1,1,8,0.412,0
11,16262,10,1,0,10,0.084,0
127,2294,14,2,0,4,0.529,0
85,1112,14,1,0,10,0.259,0
83,5279,8,1,0,10,0.056,0
27,19102,14,1,1,10,0.273,0
100,788,22,1,0,10,0.475,0
174,2544,18,1,1,9,0.696,0
78,4199,16,1,0,8,0.16,0
32,20191,1,2,1,7,3.038,1
147,783,15,1,0,10,0.478,0
109,14334,19,1,0,7,0.044,1
194,15231,16,1,0,10,0.015,0
55,1583,12,1,0,10,0.055,0
61,6501,14,1,0,2,0.3,0
13,9301,14,1,0,0,0.38,0
91,1097,7,1,1,0,0.269,0
24,5508,3,3,1,10,2.672,1
122,15185,10,1,0,10,0.012,0
198,13332,6,1,0,10,0.111,0
141,6676,14,1,0,10,0.335,0
36,2006,15,1,0,9,0.599,0
178,1484,19,1,0,10,0.011,0
140,5301,19,1,1,10,0.06,0
190,12166,16,1,0,10,0.189,0
166,15631,17,1,0,10,0.042,0
10,1377,11,1,0,10,0.082,0
83,3440,18,1,1,2,0.312,0
30,21132,13,1,0,10,0.409,0
141,7565,17,1,0,3,0.513,0
39,6020,16,1,0,10,0.204,0
148,2339,15,1,0,10,0.559,0
61,5491,15,1,0,10,0.098,0
61,7774,18,1,0,6,0.555,0
41,5707,15,1,0,10,0.141,0
4,14214,13,1,1,10,0.052,0
97,11477,9,1,0,10,0.235,0
104,1424,11,1,0,10,0.051,0
140,5799,18,1,0,10,0.16,0
39,3343,10,1,0,10,0.331,0
111,7049,14,1,0,0,0.53,0
96,1009,14,1,0,10,0.327,0
87,5547,17,1,0,10,0.109,0
192,7295,20,1,0,10,0.459,0
21,1392,8,1,0,10,0.072,0
135,7136,7,1,0,10,0.427,0
157,1823,14,1,0,10,0.215,0
30,14843,17,1,1,7,0.01,0
163,3545,10,1,0,10,0.291,0
135,11653,15,5,0,10,1.331,1
100,1074,21,1,0,10,0.284,0
22,4973,10,1,1,10,0.005,0
60,16279,18,1,1,10,0.085,0
59,3690,15,1,0,10,0.262,0
48,1984,13,1,0,10,0.323,0
123,1570,18,1,0,8,0.047,0
44,10967,6,1,0,0,0.269,0
23,1636,14,1,0,10,0.091,0
47,13009,12,1,0,9,0.133,0
6,20637,11,1,0,3,0.376,0
184,14188,8,1,0,10,0.054,0
131,17547,9,1,0,10,0.17,0
27,29410,10,4,0,10,0.961,1
105,5454,14,1,0,10,0.091,0
49,4539,12,1,0,10,0.092,0
45,1595,14,1,0,10,0.063,0
59,6314,10,1,0,10,0.263,0
173,3280,20,1,0,3,0.344,0
169,5561,6,1,1,3,0.112,0
43,3552,20,1,1,10,0.29,0
194,15066,6,1,0,10,0.004,0
82,15172,13,1,0,10,0.011,0
117,6785,22,1,1,6,0.357,0
102,2001,13,2,0,10,0.334,0
59,6560,20,1,0,10,0.312,0
9,1390,12,1,0,5,0.073,0
12,17173,12,1,0,10,0.145,0
121,6311,12,1,0,6,0.262,0
152,2123,12,1,1,5,0.415,0
25,5773,12,1,0,10,0.155,0
5,12995,15,1,0,9,0.134,0
42,1734,9,1,0,10,0.156,0
3,1565,15,1,0,10,0.043,0
139,3313,8,1,0,10,0.337,0
104,1596,18,1,0,10,0.064,0
167,10304,15,1,1,10,0.313,0
40,5230,14,1,0,10,0.046,0
142,1713,11,1,0,10,0.142,0
160,5081,15,1,0,10,0.016,0
89,4483,16,1,0,10,0.103,0
167,9083,21,1,0,10,0.394,0
196,1348,14,1,0,10,0.101,0
93,24104,9,4,0,7,0.607,1
39,7753,4,1,0,10,0.551,1
11,12239,6,1,0,10,0.184,0
103,6677,20,2,0,10,0.555,0
62,3262,15,1,0,10,0.348,0
106,26699,10,5,0,10,0.78,1
114,1484,22,1,0,10,0.011,0
77,3321,15,1,0,10,0.336,0
146,5324,21,2,0,10,0.065,0
124,1876,14,1,0,10,0.251,0
136,1807,15,1,0,10,0.639,0
112,1511,14,1,0,6,0.007,0
135,4509,13,1,1,10,0.098,0
45,1684,9,1,0,10,0.123,0
26,5240,15,1,0,10,0.048,0
194,16628,7,1,0,10,0.109,0
127,2173,21,1,0,10,0.449,0
108,18653,3,1,0,10,0.244,1
126,20264,7,1,0,10,0.351,0
12,33317,19,4,0,10,1.221,1
128,613,14,1,0,10,0.591,0
190,12754,12,1,0,10,0.15,0
133,1117,6,1,0,10,0.255,0
51,21873,11,1,0,10,0.458,0
64,1172,15,1,0,10,0.219,0
35,14353,9,1,0,10,0.043,0
150,4433,18,1,0,10,0.113,0
186,2280,13,1,0,10,0.544,0
41,4043,16,1,1,10,0.191,0
174,2160,11,1,1,7,0.44,0
184,18236,16,1,0,10,0.216,0
56,4518,20,1,0,8,0.096,0
50,3048,12,1,0,10,0.39,0
68,22394,16,1,0,6,0.493,0
177,5316,0,4,1,10,2.544,1
64,2238,10,1,0,10,0.492,0
168,2283,15,1,0,10,0.522,0
2,5239,9,2,0,10,0.048,0
110,7247,18,1,0,9,0.449,0
97,11770,11,1,0,10,0.215,0
162,1755,20,1,0,10,0.17,0
199,1655,18,1,0,10,0.103,0
31,21910,3,1,0,10,0.461,1
90,1050,17,1,0,10,0.3,0
108,21117,0,1,0,10,0.408,1
189,6044,13,2,0,1,0.209,0
182,1606,17,1,0,10,0.071,0
120,1545,12,1,0,10,0.03,0
144,898,11,1,1,10,0.401,0
77,5233,18,1,0,10,0.047,0
196,1455,11,1,0,10,0.03,0
160,3229,16,1,0,10,0.354,0
131,18062,7,1,0,10,0.204,0
198,14667,12,1,0,10,0.022,0
140,5356,12,1,0,10,0.071,0
123,6662,3,3,1,10,3.441,1
167,23211,6,1,0,10,0.547,0
98,13098,14,1,0,10,0.127,0
26,5593,11,1,0,10,0.119,0
54,1234,6,1,1,10,0.177,0
192,4718,10,1,0,10,0.056,0
91,1296,12,1,0,10,0.136,0
155,30969,3,1,0,10,1.065,1
135,6239,13,1,0,7,0.248,0
42,498,12,1,1,5,0.668,0
144,2001,15,1,0,10,0.334,0
154,1896,12,1,0,10,0.264,0
122,13688,16,1,0,10,0.087,0
176,12859,18,1,0,6,0.143,0
119,1396,12,1,0,10,0.069,0
199,1116,16,1,0,10,0.256,0
58,17092,18,1,0,10,0.139,0
57,2117,9,1,1,4,0.411,0
81,17014,10,1,0,10,0.134,0
107,2473,11,1,0,10,0.649,0
67,19442,11,1,0,10,0.296,0
120,1973,17,1,0,10,0.315,0
68,56545,0,2,1,10,2.77,1
35,20828,4,1,0,10,0.389,1
171,6214,11,1,0,10,0.586,0
113,19750,19,2,0,10,0.317,0
192,7176,15,1,0,10,0.435,0
77,6305,8,1,0,10,0.261,0
22,5108,9,1,0,7,0.022,1
28,37225,20,5,0,10,1.482,1
120,1110,20,1,0,10,0.26,0
156,1609,8,1,0,8,0.073,0
130,1539,19,1,0,10,0.026,0
71,6423,8,1,1,10,0.285,0
143,18087,10,1,0,10,0.206,0
36,6192,15,1,0,10,0.238,0
83,6926,16,1,0,10,0.385,0
148,736,18,1,0,9,0.509,0
146,4852,9,1,0,7,0.03,1
171,12712,17,1,1,10,0.153,0
78,7662,11,1,0,2,0.532,0
95,5076,14,1,0,7,0.015,0
21,2035,12,1,0,10,0.357,0
134,18790,18,1,1,6,0.253,0
97,9535,14,1,0,10,0.364,0
194,17265,17,1,0,10,0.151,0
166,17569,14,1,0,10,0.171,0
34,1236,13,1,0,10,0.176,0
180,6563,3,3,1,7,3.375,1
142,2258,16,1,0,10,0.505,0
34,663,13,1,0,9,0.558,0
174,2440,18,1,0,10,0.627,0
21,2059,20,1,0,10,0.373,0
13,15263,17,1,0,10,0.018,0
96,1002,22,1,1,10,0.332,0
51,22677,11,1,0,10,0.512,0
114,1514,14,1,0,2,0.009,0
116,12639,6,1,0,10,0.157,0
84,20290,6,1,0,10,0.353,0
17,6022,9,1,0,8,0.204,0
32,8559,16,4,0,7,0.712,1
171,17023,13,1,0,10,0.135,0
0,13440,12,2,0,10,0.104,0
4,16553,14,2,1,4,0.104,0
34,976,8,2,0,10,0.349,0
110,4275,8,2,0,10,0.145,0
10,1951,15,1,0,10,0.301,0
152,2984,10,1,0,10,0.989,0
153,4642,15,1,0,10,0.072,0
58,22507,15,1,0,2,0.5,0
83,6088,16,1,0,10,0.218,0
2,4833,15,1,0,7,0.033,1
65,14341,8,1,0,10,0.044,0
139,5412,16,1,1,10,0.082,0
41,5839,19,1,0,10,0.168,0
42,1212,6,1,0,10,0.192,0
102,1531,9,1,0,10,0.021,0
149,4185,14,1,0,10,0.163,0
120,1265,20,1,0,10,0.157,0
160,5463,12,1,0,10,0.093,0
103,27696,0,1,0,10,0.846,1
121,5245,10,1,0,10,0.049,0
172,1364,10,1,0,10,0.091,0
198,16115,15,1,1,10,0.074,0
130,2036,17,1,0,10,0.357,0
96,808,14,1,0,10,0.461,0
78,4059,12,1,0,10,0.188,0
36,5923,16,1,0,5,0.185,0
82,18942,13,1,1,3,0.263,0
83,4759,17,1,0,10,0.048,0
83,8287,8,1,0,10,0.657,0
96,2338,14,1,0,10,0.559,0
100,1634,12,1,0,10,0.089,0
69,3551,14,1,0,10,0.29,0
129,1471,13,1,0,8,0.019,0
75,6043,9,1,0,7,0.209,1
56,5800,1,1,0,10,0.16,1
165,20689,15,1,0,10,0.379,0
57,1972,8,1,1,10,0.315,0
43,7242,14,1,0,10,0.448,0
199,1494,11,1,0,10,0.004,0
153,5944,7,1,1,10,0.189,0
6,16212,17,1,0,10,0.081,0
37,1265,18,1,0,1,0.157,0
89,3844,20,1,0,10,0.231,0
88,24110,11,2,1,10,0.607,0
73,1031,13,1,0,10,0.313,0
127,1360,15,1,0,10,0.093,0
90,1199,19,1,0,4,0.201,0
91,1289,6,1,0,10,0.141,0
150,9236,8,2,0,10,0.847,0
124,1586,11,1,0,10,0.057,0
106,16585,9,1,0,10,0.106,0
120,100,17,1,1,4,0.933,0
84,19609,7,1,0,10,0.307,0
167,20970,16,1,0,10,0.398,0
156,2016,14,1,0,10,0.344,0
196,2359,9,1,0,10,0.573,0
63,5547,14,1,0,3,0.109,0
15,4729,15,1,0,10,0.054,0
15,2478,14,1,0,10,0.504,0
178,1292,8,1,0,9,0.139,0
166,17870,12,1,0,3,0.191,0
156,1509,14,1,0,10,0.006,0
29,6187,18,1,0,2,0.237,0
194,14097,12,1,0,10,0.06,0
144,1737,15,1,1,10,0.158,0
103,16386,16,1,0,10,0.092,0
143,17064,16,1,0,4,0.138,0
128,630,18,2,0,0,0.58,0
28,15338,12,1,0,10,0.023,0
150,5904,12,1,0,2,0.181,0
116,17744,10,1,0,3,0.183,0
79,5955,6,1,0,10,0.191,0
13,20641,14,1,1,6,0.376,0
18,1775,14,1,0,10,0.183,0
102,2486,15,1,0,10,0.657,0
21,1471,19,2,0,10,0.019,0
168,2268,17,1,0,8,0.512,0
7,18305,13,1,1,10,0.22,0
15,4994,21,1,0,10,0.001,0
123,6245,5,3,1,10,3.163,1
179,1719,13,1,0,10,0.146,0
179,2026,18,1,0,0,0.351,0
192,7207,13,2,0,10,0.441,0
41,3767,9,1,1,10,0.247,0
10,1449,6,2,0,8,0.034,0
147,1657,14,1,0,10,0.105,0
166,14034,12,1,0,10,0.064,0
116,15493,12,1,0,10,0.033,0
62,6159,19,1,0,10,0.232,0
26,5727,1,1,0,10,0.145,1
63,8913,23,1,0,10,0.783,1
140,5289,18,1,1,10,0.058,0
43,2837,22,1,0,10,0.433,0
56,5487,14,2,0,10,0.097,0
87,4268,6,1,0,10,0.146,0
99,17225,13,1,1,10,2.445,1
32,5395,11,1,0,5,0.079,0
110,6595,19,1,0,10,0.319,0
176,16917,11,1,1,10,0.128,0
179,1003,15,1,1,10,0.331,0
138,542,11,1,0,10,0.639,0
89,7632,8,1,0,4,0.526,0
144,1455,6,1,0,10,0.03,0
112,1537,14,1,0,7,0.025,1
28,13777,8,1,0,10,0.082,0
97,10859,13,1,0,3,0.276,0
178,2656,12,1,0,10,0.771,0
190,18183,11,1,0,10,0.212,0
143,11327,13,1,1,10,0.245,0
94,1459,13,1,1,8,0.027,0
32,1354,9,1,0,10,0.729,0
39,4005,11,1,0,7,0.199,0
172,1597,15,1,0,10,0.065,0
179,1930,18,1,0,10,0.287,0
132,2790,20,5,0,7,0.86,1
9,146,15,1,0,10,0.903,0
123,1395,19,2,0,3,0.07,0
47,15378,19,1,0,10,0.025,0
194,13009,19,1,0,10,0.133,0
165,15648,16,1,0,10,0.043,0
107,914,21,1,0,10,0.391,0
69,7864,17,1,0,1,0.573,0
157,1454,8,1,0,10,0.031,0
180,1405,15,1,0,10,0.063,0
28,17683,12,1,0,10,0.179,0
44,19155,14,1,0,10,0.277,0
18,1955,20,1,0,10,0.303,0
55,1384,22,1,0,10,0.077,0
191,6098,6,1,0,10,0.22,0
30,17733,13,1,0,10,0.182,0
118,15000,18,1,0,10,0.0,0
156,2433,22,1,0,10,0.622,0
110,5946,7,1,0,10,0.189,0
123,965,22,1,1,10,0.357,0
183,2284,18,1,0,10,0.523,0
62,5078,11,1,0,10,0.016,0
62,4908,14,1,0,7,0.018,1
195,6415,12,1,0,10,0.283,0
80,1384,15,1,0,10,0.077,0
20,4410,16,1,0,10,0.118,0
134,9667,15,1,0,10,0.356,0
175,4216,14,1,0,10,0.157,0
134,63716,4,2,1,7,3.248,1
28,14561,18,1,0,10,0.029,0
151,5170,12,1,0,10,0.034,0
12,13957,11,1,0,10,0.07,0
140,891,11,1,0,9,0.822,0
77,2904,8,1,0,10,0.419,0
36,5298,13,1,0,7,0.06,1
66,4117,15,1,0,10,0.177,0
98,27470,13,1,0,10,0.831,0
16,3285,14,1,0,10,0.343,0
197,5085,16,1,0,10,0.017,0
186,6405,19,1,0,10,0.281,0
171,12146,19,1,0,10,0.19,0
60,13037,18,1,0,10,0.131,0
90,1907,12,1,0,10,0.271,0
51,17473,12,1,0,10,0.165,0
40,3915,19,1,0,10,0.217,0
119,1591,13,1,0,4,0.061,0
177,1620,14,1,0,10,0.08,0
124,2399,10,1,1,10,0.599,0
145,5334,18,1,0,3,0.067,0
185,28464,11,5,0,10,0.898,1
136,3868,21,1,0,10,0.226,0
138,875,16,1,0,10,0.417,0
35,16769,16,1,0,7,0.118,1
160,5501,15,1,0,1,0.1,0
95,5737,18,1,0,10,0.147,0
160,5912,10,1,1,8,0.182,0
75,5878,17,1,0,10,0.176,0
78,5104,8,1,1,10,0.021,0
73,1298,11,1,0,10,0.135,0
107,1002,12,1,0,8,0.332,0
156,6212,4,4,1,10,3.141,1
18,1434,11,1,0,10,0.044,0
195,4054,17,1,0,10,0.189,0
187,14950,8,1,1,10,0.003,0
75,5109,13,1,0,10,0.022,0
52,1639,16,1,0,8,0.093,0
173,7434,10,1,0,10,0.487,0
97,14606,15,1,0,10,0.026,0
198,15292,10,1,0,10,0.019,0
153,7483,18,1,0,4,0.497,0
114,999,16,1,0,10,0.334,0
37,1944,15,1,0,4,0.296,0
8,3096,13,1,0,2,1.064,0
57,1507,13,1,1,8,0.005,0
137,1413,14,1,0,10,0.058,0
35,19068,9,1,0,10,0.271,0
190,18076,16,1,0,10,0.205,0
144,1655,13,1,0,10,0.103,0
159,5685,20,1,1,8,0.137,0
137,1291,15,1,0,10,0.139,0
106,14991,14,1,0,10,0.001,0
55,1841,6,1,0,10,0.227,0
118,7921,7,1,0,10,0.472,0
35,15199,16,1,0,10,0.013,0
68,15187,14,1,0,1,0.012,0
170,1262,16,1,1,10,0.159,0
185,18580,7,1,0,5,0.239,0
88,14590,16,1,0,10,0.027,0
196,1224,13,2,0,10,0.184,0
27,14401,18,1,0,10,0.04,0
2,1422,6,1,0,10,0.716,0
21,2018,7,1,0,10,0.345,0
139,2889,13,1,0,10,0.422,0
137,1623,16,1,0,10,0.082,0
39,6480,13,1,1,10,0.296,0
104,1478,13,1,0,7,0.015,0
162,597,10,1,0,1,0.602,0
20,2320,7,1,0,9,0.536,0
159,5842,9,1,0,10,0.168,0
52,1597,11,1,1,4,0.065,0
65,25749,15,4,0,10,0.717,1
60,16239,13,1,0,5,0.083,0
181,824,11,1,0,6,0.451,0
7,19929,17,1,0,10,0.329,0
88,15329,10,1,0,7,0.022,1
173,5291,12,2,0,2,0.058,0
23,461,19,1,0,10,0.693,0
42,1475,13,1,1,10,0.017,0
88,18261,4,1,0,7,0.217,1
30,9221,6,1,0,10,0.385,0
99,10506,18,3,0,10,1.101,1
8,1105,14,1,0,10,0.263,0
1,1447,13,1,0,8,0.035,0
82,8581,15,1,1,10,0.428,0
184,18799,22,1,0,10,0.253,0
96,1142,19,1,0,10,0.239,0
193,681,12,1,0,10,0.546,0
69,4381,16,1,0,5,0.124,0
41,9297,19,4,0,7,0.859,1
34,737,14,1,0,10,0.509,0
121,7727,11,1,0,10,0.545,0
163,5729,14,1,1,10,0.146,0
177,1714,16,1,0,10,0.143,0
126,16144,21,1,0,10,0.076,0
46,16927,17,2,0,10,0.128,0
193,847,7,1,0,10,0.435,0
57,1408,17,1,0,10,0.061,0
89,3748,9,1,0,10,0.25,0
100,5178,11,1,1,7,2.452,1
148,2269,19,1,0,10,0.513,0
66,6136,11,1,0,4,0.227,0
101,2531,8,1,0,1,0.494,0
196,888,11,1,0,3,0.408,0
195,2901,11,1,0,10,0.42,0
11,18831,16,1,0,10,0.255,0
60,12120,8,1,1,0,0.192,0
164,4394,13,1,1,10,0.121,0
117,3992,12,1,0,10,0.202,0
159,5160,11,1,0,10,0.032,0
70,1323,14,1,0,10,0.118,0
46,19592,15,1,1,10,0.306,0
139,3300,11,1,0,10,0.34,0
152,1942,7,1,0,10,0.295,0
114,992,22,1,1,10,0.339,0
36,2501,12,1,0,10,0.5,0
177,1066,19,2,1,4,0.289,0
71,5185,17,1,0,6,0.037,0
188,13982,18,1,0,10,0.068,0
186,5612,6,1,1,7,0.122,0
24,1771,17,1,0,10,0.181,0
65,11396,20,1,0,10,0.24,0
46,14834,12,1,0,10,0.011,0
198,11361,12,1,0,10,0.243,0
161,1491,18,1,0,10,0.006,0
186,3371,9,1,0,6,0.326,0
26,3992,18,1,0,10,0.202,0
95,5521,16,1,1,10,0.104,0
8,1401,20,1,0,10,0.066,0
194,14209,18,1,1,10,0.053,0
159,7303,11,1,0,10,0.461,0
127,1885,12,1,0,8,0.257,0
109,11302,15,1,0,10,0.247,0
170,1621,13,1,0,6,0.081,0
82,11966,14,1,0,7,0.202,0
15,3750,15,1,0,10,0.25,0
194,16606,13,1,0,1,0.107,0
47,10029,9,1,0,10,0.331,0
10,1845,18,1,0,10,0.23,0
178,2181,14,1,1,10,0.454,0
197,5013,18,1,0,10,0.003,0
173,6086,14,1,0,10,0.217,0
180,1622,12,1,0,10,0.081,0
69,3581,20,1,0,4,0.284,0
136,20306,2,4,1,7,3.061,1
115,21058,1,3,1,7,3.212,1
129,2444,2,1,0,10,0.629,1
187,18228,12,1,0,10,0.215,0
123,1850,10,1,0,10,0.233,0
74,1806,16,1,0,10,0.204,0
177,1328,15,1,0,10,0.115,0
79,5319,16,1,0,10,0.064,0
121,4714,16,1,0,10,0.057,0
175,5026,10,1,0,10,0.005,0
74,1347,12,1,0,7,0.102,0
77,7589,12,1,1,10,0.518,0
147,2302,6,1,0,10,0.535,0
131,16257,16,1,0,10,0.084,0
58,21618,16,1,1,10,0.441,0
104,1370,10,1,1,9,0.087,0
50,5589,21,1,0,10,0.118,0
196,100,14,1,0,10,0.933,0
75,5082,9,1,0,10,0.016,0
62,4922,15,1,0,10,0.016,0
169,5601,8,1,1,10,0.12,0
135,5637,18,1,0,10,0.127,0
197,5763,15,1,0,7,0.153,0
187,10697,11,2,0,10,0.287,0
15,5423,11,1,0,10,0.085,0
15,6573,14,1,0,8,0.315,0
35,11533,17,1,0,10,0.231,0
72,1316,12,1,0,10,0.123,0
44,23160,10,1,0,10,0.544,0
168,1990,13,1,0,10,0.327,0
120,996,11,1,1,10,0.336,0
61,4875,8,1,0,3,0.025,0
27,11766,14,2,0,7,0.216,0
50,3016,8,1,0,5,0.397,0
11,52858,9,1,1,10,2.524,1
159,7180,14,1,0,0,0.436,0
197,863,18,1,0,10,0.827,0
60,16619,12,1,0,10,0.108,0
152,1487,14,1,0,3,0.009,0
83,6341,18,2,0,6,0.268,0
172,1951,15,1,0,10,0.301,0
107,2650,23,1,0,10,0.767,1
67,17318,19,1,1,10,0.155,0
181,1125,11,1,1,10,0.25,0
113,11790,12,1,0,0,0.214,0
44,9383,13,1,0,10,0.374,0
23,648,15,1,0,5,0.568,0
27,16252,15,1,0,10,0.083,0
103,20709,14,1,0,10,0.381,0
181,980,15,1,1,10,0.347,0
152,2079,12,1,1,10,0.386,0
47,13974,18,1,0,10,0.068,0
60,18676,9,1,0,3,0.245,0
50,5773,14,1,0,2,0.155,0
118,11070,16,1,0,10,0.262,0
183,1334,16,1,0,6,0.111,0
166,21084,15,1,0,10,0.406,0
91,1821,17,1,0,10,0.214,0
194,23667,1,1,0,7,0.578,1
26,6408,17,1,0,10,0.282,0
74,1515,16,1,0,10,0.01,0
23,1246,14,1,0,2,0.169,0
66,6464,14,1,0,10,0.293,0
97,15425,13,1,0,10,0.028,0
140,5021,18,1,0,10,0.004,0
69,4677,14,1,0,10,0.065,0
117,4176,10,1,0,10,0.165,0
199,1725,14,1,0,10,0.15,0
168,1384,6,1,1,10,0.077,0
32,1960,11,1,0,10,0.608,0
75,7495,17,1,0,10,0.499,0
136,3702,15,2,0,10,0.26,0
80,1378,14,1,0,10,0.081,0
50,5385,18,1,0,10,0.077,0
136,6082,15,1,0,6,0.216,0
179,1370,7,1,0,10,0.087,0
102,5326,12,1,1,10,2.551,1
165,21785,6,1,0,2,0.452,0
106,15943,6,1,0,10,0.063,0
8,2118,11,1,0,1,0.412,0
111,55657,11,1,1,10,2.71,1
43,5633,3,1,0,10,0.127,1
93,13922,10,1,0,10,0.072,0
70,1555,11,1,0,0,0.037,0
114,1584,17,1,0,10,0.056,0
10,1474,15,1,0,10,0.017,0
193,2094,13,1,0,10,0.396,0
188,9456,21,1,0,9,0.37,0
25,4755,11,1,1,7,0.049,0
37,1749,14,1,0,10,0.166,0
35,9658,14,1,0,1,0.356,0
66,5869,13,1,0,10,0.174,0
110,5653,14,1,0,10,0.131,0
149,4251,21,1,1,10,0.15,0
163,2994,9,1,0,10,0.401,0
107,649,6,2,0,10,0.567,0
65,20166,17,1,0,10,0.344,0
163,2899,14,1,0,10,0.42,0
164,3797,11,1,0,10,0.241,0
90,1293,10,1,1,10,0.138,0
111,15456,15,1,0,10,0.03,0
33,712,17,1,0,10,0.525,0
131,10096,8,1,0,10,0.327,0
145,4269,10,1,1,10,0.146,0
7,16130,13,1,0,2,0.075,0
170,1804,14,1,0,10,0.203,0
132,1598,19,1,1,1,0.065,0
198,23272,15,1,0,10,0.551,0
116,16186,12,1,0,10,0.079,0
160,5320,12,1,1,10,0.064,0
173,5885,16,1,0,10,0.177,0
75,4566,16,1,0,7,0.087,1
63,6709,9,1,0,5,0.342,0
139,16841,9,1,1,10,2.368,1
135,3764,9,2,0,10,0.247,0
141,4388,12,1,0,10,0.122,0
11,10116,6,1,0,10,0.326,0
168,669,21,1,0,10,0.554,0
137,514,15,1,0,10,0.657,0
50,2748,18,1,0,10,0.45,0
94,1553,20,1,0,10,0.035,0
43,5335,10,1,0,10,0.067,0
181,1132,13,1,0,10,0.245,0
144,1425,15,1,0,10,0.05,0
143,16327,11,1,0,10,0.088,0
120,1040,8,1,0,2,0.307,0
184,57297,0,2,1,10,2.82,1
84,19873,17,1,0,10,0.325,0
30,13385,12,1,0,1,0.108,0
174,1858,15,1,0,10,0.239,0
187,22688,16,1,0,10,0.513,0
169,6848,7,1,0,10,0.37,0
148,1397,12,1,0,10,0.069,0
78,3664,13,2,0,10,0.267,0
57,2255,12,1,1,10,0.503,0
170,809,10,1,0,3,0.461,0
29,5437,15,1,0,10,0.087,0
175,5952,17,1,0,4,0.19,0
184,10189,14,1,0,10,0.321,0
2,6885,12,1,0,9,0.377,0
188,6102,13,1,0,10,0.593,0
137,554,13,1,0,10,0.631,0
14,16823,11,1,0,6,0.122,0
124,1367,9,1,0,10,0.089,0
82,31006,11,3,0,10,1.067,1
101,3428,9,2,0,10,0.314,0
187,49714,13,1,1,10,2.314,1
73,1485,12,1,0,10,0.01,0
5,29719,16,4,0,7,0.981,1
135,3531,12,1,0,0,0.294,0
15,4718,16,1,0,10,0.056,0
30,9402,15,1,0,5,0.373,0
47,15681,11,1,0,10,0.045,0
168,933,17,1,0,10,0.378,0
9,391,19,1,0,6,0.739,0
115,5661,11,1,0,10,0.132,0
163,4422,10,2,0,10,0.116,0
85,1679,12,1,0,10,0.119,0
30,16455,13,1,1,10,0.097,0
196,1165,8,1,0,10,0.223,0
85,1534,10,1,0,10,0.023,0
44,16044,12,1,0,10,0.07,0
43,6983,11,1,0,10,0.397,0
52,1673,17,1,0,0,0.115,0
90,1371,16,1,0,10,0.086,0
17,2822,17,1,0,10,0.436,0
59,4290,13,1,0,10,0.142,0
94,889,17,1,0,0,0.407,0
84,11676,16,1,0,10,0.222,0
140,5217,22,1,0,10,0.043,0
114,2539,3,1,0,10,0.693,1
161,2174,17,1,0,10,0.449,0
75,7257,7,1,1,10,0.451,0
93,14290,6,1,0,10,0.047,0
9,5299,12,1,1,7,2.533,1
85,1515,7,1,1,10,0.01,0
175,4271,8,1,0,7,0.146,1
175,4158,12,1,0,10,0.168,0
132,937,9,1,0,10,0.375,0
186,4571,18,1,0,10,0.086,0
37,1219,10,1,0,10,0.187,0
132,7057,3,4,1,10,3.705,1
125,1185,6,1,1,10,0.21,0
87,5359,11,1,0,10,0.072,0
114,1576,20,1,0,7,0.051,1
190,19649,14,1,0,10,0.31,0
105,4410,11,1,0,10,0.118,0
77,4785,8,1,0,10,0.043,0
35,20567,13,1,0,10,0.371,0
133,1662,17,1,0,10,0.108,0
104,1870,11,1,0,10,0.247,0
175,7694,16,1,0,10,0.539,0
140,5391,15,1,0,1,0.078,0
6,13220,16,1,0,10,0.119,0
199,1134,8,1,0,2,0.244,0
86,3370,19,1,0,6,0.326,0
173,5519,15,1,0,10,0.104,0
90,2174,6,1,0,10,0.449,0
11,16172,18,1,1,10,0.078,0
186,19729,3,4,1,10,2.946,1
45,1423,10,1,0,10,0.051,0
60,9736,8,1,0,6,0.351,0
129,1816,11,1,0,1,0.211,0
69,3437,12,1,0,10,0.313,0
1,2255,13,1,0,5,0.503,0
170,2627,13,1,1,10,0.751,0
16,4312,9,1,0,10,0.138,0
102,1942,15,1,0,10,0.295,0
38,19128,5,4,1,10,2.826,1
149,6096,9,1,0,4,0.219,0
39,4854,15,1,0,10,0.029,0
138,1625,20,1,0,10,0.083,0
140,5241,13,2,0,10,0.048,0
125,1731,16,1,0,8,0.154,0
97,22890,17,1,0,10,0.526,0
140,5496,14,1,0,10,0.099,0
156,1474,16,1,0,10,0.017,0
93,8694,16,1,0,2,0.42,0
28,16930,13,1,0,10,0.129,0
122,8096,14,1,0,10,0.46,0
177,1995,7,1,0,10,0.33,0
125,2053,14,1,0,10,0.369,0
54,5079,5,4,1,10,2.386,1
32,2963,17,1,0,6,0.407,0
167,14119,16,1,0,10,0.059,0
182,1116,16,1,0,10,0.256,0
173,3012,18,1,0,10,0.398,0
53,17926,20,1,1,7,2.585,1
75,3534,6,1,0,10,0.293,0
57,1205,13,1,1,10,0.197,0
66,5661,11,1,0,10,0.132,0
12,54050,11,1,1,10,2.603,1
107,2448,17,1,0,0,0.632,0
96,1207,17,1,1,10,0.195,0
145,5967,15,1,0,10,0.193,0
149,3232,18,1,0,10,0.354,0
11,19450,7,1,0,6,0.297,0
178,1327,13,1,0,10,0.115,0
100,1601,10,1,0,10,0.067,0
155,9642,16,1,1,10,0.357,0
17,4214,11,1,1,10,0.157,0
139,4587,6,1,1,10,0.083,0
17,4320,13,1,0,5,0.136,0
45,1387,19,1,0,10,0.075,0
123,1795,8,1,0,7,0.197,1
174,1163,6,1,0,10,0.225,0
154,1384,19,1,0,10,0.077,0
111,6575,16,1,0,10,0.562,0
170,1303,18,1,1,10,0.131,0
127,2233,13,1,0,10,0.489,0
66,5837,14,1,0,5,0.167,0
113,14049,14,1,0,10,0.063,0
86,5174,14,2,0,10,0.035,0
184,17372,8,1,1,10,0.158,0
17,5648,18,1,0,10,0.13,0
41,9006,11,1,0,10,0.801,0
142,939,17,1,1,10,0.374,0
177,2503,17,1,0,10,0.669,0
94,3074,19,3,0,10,1.049,1
105,4410,9,1,0,10,0.118,0
127,2056,13,1,1,10,0.371,0
33,5048,18,1,1,10,2.365,1
41,3369,14,1,0,10,0.326,0
2,18292,3,3,1,7,2.658,1
32,6130,14,1,0,10,0.226,0
196,1020,13,1,0,5,0.32,0
182,1920,17,2,0,10,0.28,0
163,16427,1,3,1,10,2.285,1
194,19626,8,1,0,10,0.308,0
111,14411,14,1,1,10,0.039,0
85,1331,12,1,0,8,0.113,0
65,16196,13,1,1,10,0.08,0
143,11205,19,1,1,10,0.253,0
65,19433,9,1,0,10,0.296,0
168,1707,18,1,0,10,0.138,0
147,2949,10,3,0,10,0.966,1
189,4853,12,1,0,10,0.029,0
58,13148,12,1,0,10,0.123,0
125,1908,9,1,0,10,0.272,0
89,8268,3,1,0,7,0.654,1
27,15324,15,1,0,10,0.022,0
155,51315,16,1,1,10,2.421,1
122,12569,12,1,0,10,0.162,0
42,1370,20,1,0,10,0.087,0
110,2590,12,1,0,2,0.482,0
160,5540,9,1,0,10,0.108,0
75,1276,13,1,0,10,0.745,0
5,13777,22,1,1,8,0.082,0
148,5658,5,4,1,10,2.772,1
70,1728,7,1,0,10,0.152,0
3,1108,12,1,0,7,0.261,0
183,1062,19,1,0,4,0.292,0
28,15622,12,1,0,10,0.041,0
91,939,14,2,0,10,0.374,0
112,1508,17,1,0,10,0.005,0
5,15903,10,1,0,10,0.06,0
15,7944,0,1,0,7,0.589,1
101,2693,16,1,0,10,0.461,0
136,7321,9,1,0,10,0.464,0
182,1273,17,1,0,8,0.151,0
151,4990,21,1,0,10,0.002,0
40,3451,6,1,0,10,0.31,0
79,3971,15,1,1,10,0.206,0
181,1336,14,1,1,10,0.109,0
66,4628,13,1,1,10,0.074,0
26,5548,12,2,0,10,0.11,0
139,6921,12,1,0,4,0.384,0
90,1428,9,1,0,10,0.048,0
8,1247,8,2,0,10,0.169,0
168,2194,13,1,0,10,0.463,0
19,17386,10,1,1,10,2.477,1
124,912,17,1,0,10,0.392,0
63,4256,9,1,0,10,0.149,0
64,1344,17,1,0,10,0.104,0
17,2146,17,1,0,10,0.571,0
158,5513,15,1,0,10,0.103,0
82,67418,3,3,1,7,3.495,1
108,54754,18,1,1,10,2.65,1
23,1313,19,1,1,10,0.125,0
53,6365,14,1,0,10,0.273,0
105,5760,10,1,1,10,0.152,0
38,6746,16,1,0,10,0.349,0
116,61959,4,2,1,7,3.131,1
147,1407,9,1,0,10,0.062,0
133,1328,14,1,0,7,0.115,1
67,12367,6,1,0,10,0.176,0
57,732,11,1,0,10,0.512,0
9,1284,14,1,0,10,0.144,0
122,18786,16,1,0,10,0.252,0
51,9128,14,1,0,10,0.391,0
24,1436,13,1,0,10,0.043,0
139,6780,15,1,0,10,0.356,0
124,264,15,2,0,10,0.824,0
190,7196,20,1,0,10,0.52,0
10,1358,9,1,0,5,0.095,0
193,1177,16,1,0,10,0.215,0
26,4012,17,1,0,10,0.198,0
173,6579,9,1,0,1,0.316,0
75,5495,16,1,0,10,0.099,0
2,4483,15,1,1,10,0.103,0
165,21077,10,1,0,10,0.405,0
193,1575,14,1,0,0,0.05,0
180,2312,21,1,0,5,0.541,0
105,5115,15,1,1,7,0.023,0
120,1927,12,1,0,10,0.285,0
52,1637,16,1,1,10,0.091,0
47,31904,9,3,0,10,1.127,1
137,1376,12,1,0,10,0.083,0
13,18985,14,1,0,10,0.266,0
89,6874,10,1,1,10,0.375,0
2,4937,12,1,0,10,0.013,0
100,1213,11,1,0,10,0.191,0
14,18269,17,1,0,10,0.218,0
118,18842,21,1,0,10,0.256,0
169,6760,16,1,0,4,0.352,0
106,12602,7,1,0,0,0.16,0
109,15395,11,1,1,10,0.026,0
78,6008,13,1,0,10,0.202,0
89,8676,20,5,0,7,0.735,1
147,2015,13,1,0,10,0.343,0
44,12452,12,1,1,10,0.17,0
186,5013,11,1,0,10,0.003,0
96,2004,14,1,0,10,0.336,0
132,1092,14,1,0,10,0.272,0
71,6088,16,1,0,10,0.218,0
60,15766,15,1,0,8,0.051,0
71,3528,6,1,1,10,0.294,0
16,5277,15,1,0,0,0.055,0
38,6048,9,1,1,10,0.21,0
171,16682,20,1,0,10,0.112,0
24,1632,20,1,0,10,0.088,0
165,16456,14,1,0,10,0.097,0
25,4639,15,1,0,10,0.072,0
157,1386,16,2,0,10,0.076,0
132,1897,14,1,0,10,0.265,0
140,6792,13,1,0,10,0.358,0
122,10101,22,1,0,10,0.327,0
53,3963,10,1,0,10,0.207,0
56,4262,18,1,0,6,0.148,0
159,3831,19,1,0,7,0.234,0
180,1443,19,1,0,10,0.038,0
35,11481,11,1,0,10,0.235,0
136,4404,9,1,0,10,0.119,0
33,1673,11,1,0,10,0.115,0
149,4514,13,1,1,10,0.097,0
137,5979,1,4,1,10,2.986,1
38,6488,11,1,0,1,0.298,0
4,5048,19,1,0,3,0.663,0
112,1098,16,1,0,10,0.268,0
195,5718,9,1,0,10,0.144,0
136,4612,11,1,0,10,0.078,0
192,3909,16,1,0,7,0.218,1
32,5052,13,1,0,10,0.01,0
23,1577,15,1,0,10,0.051,0
138,990,6,1,0,10,0.34,0
143,6862,14,2,0,10,0.543,0
118,13825,6,1,0,10,0.078,0
87,20522,5,2,1,10,3.104,1
24,2492,16,1,0,10,0.661,0
56,3637,16,1,1,10,0.273,0
121,7770,16,1,0,4,0.554,0
75,5342,16,1,0,10,0.068,0
149,9247,3,1,0,10,0.849,1
67,29990,14,4,0,10,0.999,1
181,1800,12,1,0,10,0.2,0
65,12775,15,1,0,10,0.148,0
154,828,19,1,0,7,0.448,0
86,5636,10,1,1,3,0.127,0
20,4280,13,1,0,10,0.144,0
35,18187,13,1,1,10,0.212,0
12,14224,17,1,0,4,0.052,0
197,6039,14,1,1,10,0.208,0
62,9762,9,4,0,7,0.952,1
31,17410,13,1,0,10,0.161,0
49,4787,13,1,0,10,0.043,0
183,1815,16,1,0,10,0.21,0
107,1470,16,1,0,7,0.02,1
187,13201,6,1,0,10,0.12,0
116,10655,14,1,0,10,0.29,0
36,1414,11,1,0,7,0.717,0
146,4254,22,1,1,10,0.149,0
135,5120,9,1,0,10,0.024,0
78,9188,2,1,0,10,0.838,1
72,100,11,1,1,10,0.933,0
194,17554,13,1,0,10,0.17,0
93,16116,13,1,0,1,0.074,0
35,11421,19,1,1,2,0.239,0
49,4476,7,1,0,10,0.105,0
175,6281,18,1,0,10,0.256,0
196,756,20,1,0,10,0.496,0
175,6145,8,1,0,10,0.229,0
74,1510,8,1,0,10,0.007,0
135,6613,19,1,1,10,0.323,0
36,3994,18,1,0,6,0.201,0
173,2740,18,1,0,10,0.452,0
181,3238,13,4,0,10,1.159,1
54,2356,22,1,0,10,0.571,0
130,1128,22,1,1,10,0.248,0
3,1459,12,1,0,10,0.027,0
87,7136,9,1,1,10,0.427,0
171,18132,17,1,0,10,0.209,0
143,19695,11,1,0,10,0.313,0
60,19881,17,2,0,10,0.325,0
193,1956,11,1,0,10,0.304,0
54,1959,17,1,0,8,0.306,0
82,7796,15,1,0,10,0.48,0
66,6683,20,1,0,7,0.337,0
11,11517,10,1,0,10,0.232,0
188,15974,10,1,0,2,0.065,0
163,6387,19,1,0,10,0.277,0
83,6691,9,1,0,10,0.338,0
110,4062,8,1,0,10,0.188,0
165,20056,17,1,0,10,0.337,0
86,5595,16,1,0,9,0.119,0
123,1910,15,1,0,6,0.273,0
100,1185,13,1,0,10,0.21,0
18,1683,10,2,0,10,0.122,0
8,1458,15,1,0,10,0.028,0
121,6843,17,1,0,10,0.369,0
151,7224,15,1,0,10,0.445,0
77,5009,10,1,0,10,0.002,0
179,1345,17,1,0,10,0.103,0
81,13438,17,1,0,10,0.104,0
43,5855,19,1,0,10,0.171,0
179,2169,6,1,0,10,0.446,0
43,5152,20,1,1,10,0.03,0
139,6451,7,1,0,10,0.29,0
30,57920,3,2,1,7,2.861,1
5,15607,12,1,1,2,0.04,0
122,16139,11,1,0,10,0.076,0
111,10599,12,1,1,10,0.293,0
105,7757,15,1,0,3,0.551,0
93,7524,13,1,0,10,0.498,0
164,20347,5,3,1,7,3.069,1
169,2778,6,1,0,10,0.444,0
54,2304,14,1,1,10,0.536,0
174,1752,13,1,0,10,0.168,0
28,12831,8,1,0,10,0.145,0
157,1329,22,1,0,10,0.114,0
143,18783,12,1,1,10,0.252,0
99,6835,17,1,0,10,0.367,0
99,4863,17,1,1,9,0.027,0
173,5053,10,1,0,10,0.011,0
40,6442,18,1,0,10,0.288,0
184,15940,8,1,1,10,0.063,0
49,4422,14,1,0,1,0.116,0
137,2005,19,1,0,10,0.337,0
7,15063,9,1,0,10,0.004,0
121,4573,13,1,1,10,0.085,0
153,5095,17,1,0,10,0.019,0
32,4893,18,1,0,10,0.021,0
82,19215,9,1,0,10,0.281,0
28,13861,8,1,1,10,0.076,0
63,6408,16,1,0,10,0.282,0
41,6491,16,1,1,10,0.298,0
147,1066,17,1,0,10,0.289,0
12,25276,23,1,0,10,0.685,1
123,2755,15,1,1,10,0.837,0
119,1432,6,1,0,2,0.045,0
46,19591,10,1,0,10,0.306,0
126,17506,13,1,0,7,0.167,0
127,600,19,2,0,10,0.6,0
143,3035,14,1,0,8,0.798,0
76,1046,13,1,0,10,0.303,0
50,5131,9,1,0,10,0.026,0
31,4789,19,1,0,10,0.681,0
61,7001,15,1,0,10,0.4,0
73,5346,11,1,1,10,2.564,1
1,1616,18,1,0,10,0.077,0
106,12612,8,2,0,10,0.159,0
50,4355,16,1,0,10,0.129,0
77,5317,8,1,0,10,0.063,0
84,15364,16,1,0,10,0.024,0
167,23486,6,1,1,10,0.566,0
130,2121,10,1,0,10,0.414,0
175,5510,17,1,0,5,0.102,0
135,3671,8,1,0,10,0.266,0
66,5028,15,1,0,1,0.006,0
8,1253,10,1,1,10,0.165,0
122,14242,10,1,0,10,0.051,0
153,5212,18,1,0,0,0.042,0
166,11008,18,1,0,10,0.266,0
169,10247,12,5,0,10,1.049,1
168,796,15,1,0,10,0.469,0
81,16662,13,1,0,10,0.111,0
156,2067,18,2,0,10,0.378,0
71,4037,16,1,0,10,0.193,0
145,3530,10,1,0,10,0.294,0
94,964,20,1,0,10,0.357,0
176,7506,17,1,0,10,0.5,0
138,1461,14,1,0,10,0.026,0
60,20377,22,1,0,10,0.358,0
2,3748,14,1,0,10,0.25,0
152,1369,19,1,0,10,0.087,0
126,24513,23,1,0,10,0.634,1
164,6274,14,1,0,6,0.255,0
3,1357,17,1,0,10,0.095,0
117,6082,11,1,0,10,0.216,0
23,1167,14,1,0,10,0.222,0
86,5028,19,1,0,10,0.006,0
77,4122,10,1,0,10,0.176,0
5,7086,13,1,0,10,0.528,0
66,6185,11,1,0,2,0.237,0
28,16324,11,1,0,10,0.088,0
80,1282,8,1,1,10,0.145,0
138,808,10,1,1,1,0.461,0
192,4617,11,1,0,10,0.077,0
83,5636,10,1,0,3,0.127,0
189,5871,15,1,1,10,0.174,0
120,1345,14,1,1,10,0.103,0
75,2314,14,1,1,10,0.537,0
79,5252,17,1,0,10,0.05,0
75,4580,16,1,0,10,0.084,0
126,13661,9,1,1,0,0.089,0
155,16875,22,1,1,10,0.125,0
178,1152,19,2,0,10,0.232,0
51,6467,15,1,0,10,0.569,0
125,721,14,2,0,10,0.519,0
130,1983,7,1,0,10,0.322,0
71,5908,20,1,1,2,0.182,0
181,5219,18,1,1,10,2.479,1
115,4164,16,1,1,10,0.167,0
39,5174,20,1,1,10,0.035,0
172,2692,15,1,0,10,0.795,0
148,1557,15,1,0,10,0.038,0
41,3539,17,1,0,4,0.292,0
2,4938,11,1,0,10,0.012,0
88,52160,17,1,1,7,2.477,1
166,15166,13,1,0,10,0.011,0
14,13514,12,1,0,0,0.099,0
24,1519,17,1,0,10,0.013,0
170,664,12,1,0,10,0.557,0
134,51792,19,1,1,10,2.453,1
134,16286,15,1,0,4,0.086,0
0,11199,16,1,0,10,0.253,0
112,1863,8,1,1,10,0.242,0
149,5504,10,1,0,10,0.101,0
121,7769,10,2,0,10,0.554,0
104,1763,6,1,0,10,0.175,0
18,5439,17,1,1,10,2.626,1
124,1488,13,1,0,10,0.008,0
33,3020,15,5,0,7,1.013,1
48,1305,6,1,0,7,0.13,0
106,14609,20,1,1,10,0.026,0
89,6646,0,1,0,10,0.329,1
7,14688,17,1,0,3,0.021,0
13,15704,10,1,1,10,0.047,0
25,4697,16,1,1,10,0.061,0
129,1191,8,1,0,3,0.206,0
198,19307,10,1,1,10,0.287,0
69,5990,10,1,0,8,0.198,0
95,3393,18,1,1,8,0.321,0
121,7099,10,1,0,10,0.42,0
173,17617,15,1,1,10,2.523,1
31,11815,15,1,0,10,0.212,0
174,1398,15,1,0,7,0.068,1
47,17403,8,1,0,10,0.16,0
155,14314,18,1,0,10,0.046,0
38,7342,19,1,0,2,0.468,0
53,6433,14,1,0,10,0.287,0
76,1282,16,1,0,9,0.145,0
145,6785,12,1,0,10,0.357,0
99,4705,7,1,1,5,0.059,0
3,751,13,1,0,10,0.499,0
95,4263,10,1,0,10,0.147,0
55,2014,10,1,0,10,0.343,0
162,6024,2,2,1,10,3.016,1
13,21635,11,1,0,10,0.442,0
164,3846,6,1,1,10,0.231,0
76,1703,12,1,0,10,0.135,0
152,718,21,1,0,10,0.521,0
57,1853,15,1,0,10,0.235,0
42,1740,13,1,1,10,0.16,0
73,1446,10,1,0,10,0.036,0
145,4015,13,1,0,10,0.197,0
182,2196,6,1,1,10,0.464,0
35,12294,10,1,0,10,0.18,0
117,6791,6,1,0,7,0.358,0
129,991,12,1,0,10,0.339,0
10,2092,22,1,0,10,0.395,0
55,1300,7,1,1,10,0.133,0
196,2180,22,1,0,10,0.453,0
24,2715,8,4,0,10,0.81,1
40,5279,16,1,1,2,0.056,0
115,5873,16,2,1,9,0.175,0
71,17610,20,1,1,7,2.522,1
2,5591,6,2,0,10,0.118,0
40,2346,13,1,0,8,0.531,0
19,5528,9,1,0,10,0.106,0
28,6234,18,1,0,10,0.584,0
186,8244,16,1,1,0,0.649,0
144,1963,19,1,0,4,0.309,0
8,1202,11,1,0,10,0.199,0
123,2919,13,3,0,10,0.946,1
6,9819,8,1,0,2,0.345,0
176,17090,10,1,0,10,0.139,0
32,4320,13,1,0,10,0.136,0
188,15970,12,1,0,10,0.065,0
147,834,10,1,0,3,0.444,0
52,812,11,1,0,10,0.459,0
83,4072,0,1,0,10,0.186,1
75,4024,16,1,0,10,0.195,0
73,2266,16,1,0,0,0.511,0
67,21152,15,1,0,0,0.41,0
70,399,12,1,1,10,0.734,0
36,5625,11,1,1,10,0.125,0
113,31986,9,3,0,7,1.132,1
55,1519,17,1,0,10,0.013,0
131,11085,16,1,0,8,0.261,0
25,5365,16,1,0,10,0.073,0
4,13519,9,1,0,10,0.099,0
117,3605,6,1,0,4,0.279,0
42,2054,11,1,1,10,0.369,0
119,5153,10,1,1,7,2.435,1
195,4766,19,1,0,10,0.047,0
151,4779,11,1,1,6,0.044,0
198,17223,21,1,0,10,0.148,0
88,8478,13,1,0,8,0.435,0
162,920,13,1,1,2,0.387,0
150,4895,16,1,0,9,0.021,0
183,1780,20,1,0,10,0.187,0
140,5358,9,1,0,4,0.072,0
65,12547,16,1,1,10,0.164,0
157,3471,11,3,0,10,1.314,1
19,5305,7,1,0,10,0.061,0
95,4433,22,1,0,10,0.113,0
120,1766,11,1,0,10,0.177,0
93,17762,15,1,0,10,0.184,0
27,17446,11,2,0,0,0.163,0
86,5754,7,1,0,5,0.151,0
111,13576,15,1,0,10,0.095,0
127,1091,7,1,0,10,0.273,0
56,4087,14,2,0,10,0.183,0
199,1479,9,1,0,10,0.014,0
154,2022,14,1,0,5,0.348,0
35,18032,13,1,0,10,0.202,0
10,1393,11,1,0,1,0.071,0
180,1040,11,1,0,7,0.307,0
39,5676,17,1,0,10,0.135,0
180,1739,14,2,0,10,0.159,0
70,1744,14,1,0,10,0.163,0
42,1653,19,1,0,10,0.102,0
53,6448,12,1,0,10,0.29,0
16,4673,8,1,0,10,0.065,0
58,14793,10,1,0,10,0.014,0
77,6039,23,1,0,7,0.208,1
48,5267,18,1,1,7,2.511,1
197,2707,12,1,0,10,0.459,0
122,55024,13,1,1,10,2.668,1
25,4676,12,1,0,10,0.065,0
169,9715,15,4,0,10,0.943,1
34,1595,11,1,0,10,0.063,0
48,1320,16,1,0,1,0.12,0
6,18359,7,1,1,10,0.224,0
52,1892,9,1,0,10,0.261,0
196,1740,17,1,0,10,0.16,0
83,5160,14,1,1,10,0.032,0
179,1205,10,1,0,10,0.197,0
102,1063,13,1,0,10,0.291,0
195,7029,11,1,0,10,0.406,0
186,5140,16,1,0,10,0.028,0
51,16544,7,1,0,10,0.103,0
138,1632,17,1,0,10,0.088,0
48,1422,14,1,1,0,0.052,0
194,18977,11,1,0,10,0.265,0
82,52841,15,1,1,7,2.523,1
193,2177,10,1,0,4,0.451,0
85,1460,22,1,0,10,0.027,0
96,3083,20,5,0,10,1.055,1
121,8602,14,1,0,10,0.72,0
119,935,10,1,0,7,0.377,0
1,1095,13,2,0,10,0.27,0
37,1258,6,1,0,10,0.161,0
55,578,18,1,0,10,0.615,0
9,1847,14,1,0,10,0.231,0
171,16957,11,1,0,1,0.13,0
143,59562,3,2,1,10,2.971,1
193,1181,18,1,0,10,0.213,0
166,58445,4,2,1,10,2.896,1
156,1894,18,1,0,10,0.263,0
108,15347,11,1,0,10,0.023,0
29,16193,11,1,1,10,2.239,1
39,3574,19,1,0,10,0.285,0
36,2955,14,2,0,10,0.409,0
103,17928,17,1,0,10,0.195,0
65,4635,11,1,0,2,0.691,0
142,1340,11,1,0,8,0.107,0
143,17284,6,1,0,10,0.152,0
45,1247,10,1,0,10,0.169,0
137,1082,13,1,1,10,0.279,0
188,9377,14,1,1,10,0.375,0
38,8316,13,1,0,10,0.663,0
49,2474,9,1,0,10,0.505,0
87,5861,11,1,0,10,0.172,0
139,7937,18,1,0,5,0.587,0
194,17319,13,1,0,7,0.155,0
195,3768,18,1,0,0,0.246,0
164,4921,8,1,0,10,0.016,0
105,2737,13,1,0,10,0.453,0
43,4779,18,1,0,10,0.044,0
16,1869,9,1,0,10,0.626,0
88,13769,22,1,0,10,0.082,0
73,1894,11,1,0,10,0.263,0
52,1415,8,1,0,10,0.057,0
20,6723,22,1,0,10,0.345,0
85,6672,4,4,1,7,3.448,1
7,12751,14,1,0,10,0.15,0
143,16956,13,1,0,10,0.13,0
44,10481,13,1,0,10,0.301,0
119,1537,19,1,0,7,0.025,1
142,1607,13,1,0,10,0.071,0
2,7526,10,1,0,10,0.505,0
134,14628,14,1,0,7,0.025,1
152,1521,0,1,0,10,0.014,1
3,5192,10,1,1,10,2.461,1
172,1061,8,1,0,10,0.293,0
60,9609,22,1,0,10,0.359,0
170,1376,12,1,0,7,0.083,0
187,14511,17,1,0,8,0.033,0
42,1913,15,1,0,0,0.275,0
55,2390,16,1,0,7,0.593,0
4,13616,20,1,0,10,0.092,0
79,6270,13,1,0,7,0.254,0
167,19717,10,1,0,10,0.314,0
104,1763,14,1,0,10,0.175,0
114,2114,14,1,0,10,0.409,0
4,16732,9,1,0,10,0.115,0
90,261,9,1,0,10,0.826,0
29,6028,14,1,0,10,0.206,0
195,3530,15,1,1,9,0.294,0
162,5876,2,3,1,10,2.917,1
133,974,9,1,0,10,0.351,0
102,1075,12,1,0,3,0.283,0
56,6327,12,1,1,10,0.265,0
151,6637,6,1,0,1,0.327,0
125,1111,15,1,0,10,0.259,0
184,7889,17,1,1,10,0.474,0
100,2616,21,1,1,10,0.744,0
62,3492,22,1,1,10,0.302,0
33,1765,22,1,0,10,0.177,0
52,1881,14,1,0,10,0.254,0
62,7183,15,1,0,10,0.437,0
123,1626,8,1,0,7,0.084,1
138,587,22,1,0,10,0.609,0
176,23306,12,1,0,7,0.554,0
107,1637,8,1,1,10,0.091,0
39,3889,11,1,0,10,0.222,0
173,7147,9,1,0,10,0.429,0
120,1689,9,1,1,10,0.126,0
97,61148,4,2,1,10,3.077,1
140,6648,12,1,0,8,0.33,0
124,839,9,1,0,0,0.441,0
120,5079,18,1,1,7,2.386,1
16,3719,15,1,0,10,0.256,0
135,5497,17,1,0,10,0.099,0
134,14911,17,1,1,10,0.006,0
174,1147,16,1,0,10,0.235,0
62,4886,13,1,0,9,0.023,0
10,4924,16,1,1,10,2.283,1
150,3838,18,1,0,10,0.232,0
92,17617,12,1,1,10,2.523,1
102,1854,19,1,0,10,0.236,0
18,2248,13,1,0,10,0.499,0
68,17446,12,1,0,10,0.163,0
97,17012,17,1,0,10,0.134,0
171,14669,16,1,1,10,0.022,0
153,5094,15,1,0,10,0.019,0
132,945,9,1,0,10,0.37,0
83,5225,14,1,0,10,0.045,0
24,2315,14,1,0,10,0.543,0
158,4778,11,1,0,4,0.044,0
109,15085,18,1,0,8,0.006,0
91,1469,9,1,0,7,0.021,1
184,23420,8,1,0,10,0.561,0
107,1343,18,1,0,10,0.105,0
89,3465,11,1,0,10,0.307,0
188,14762,17,1,0,10,0.016,0
45,662,9,1,0,10,0.559,0
60,14357,17,1,0,10,0.043,0
99,6030,13,1,0,10,0.206,0
48,1642,13,1,0,3,0.095,0
150,7161,3,1,0,7,0.432,1
104,1577,17,1,0,10,0.051,0
198,15573,11,1,0,7,0.038,1
147,2042,17,1,0,10,0.361,0
196,1817,14,1,0,10,0.211,0
171,16596,11,1,0,10,0.106,0
58,15520,13,1,1,10,0.035,0
111,11337,9,1,0,10,0.244,0
55,1480,6,1,1,10,0.013,0
181,2318,13,1,1,9,0.545,0
36,5325,16,1,0,10,0.065,0
184,10499,14,1,0,10,0.3,0
180,1359,18,1,0,10,0.094,0
179,1375,20,1,0,1,0.083,0
45,1605,10,1,0,10,0.07,0
93,7633,13,1,0,10,0.491,0
95,6127,14,1,0,0,0.225,0
108,17972,17,1,0,10,0.198,0
40,4511,10,1,1,10,0.098,0
196,1613,12,1,0,10,0.075,0
178,558,12,1,0,10,0.628,0
50,5061,17,1,0,10,0.012,0
197,6060,10,1,1,10,0.212,0
127,3757,18,5,0,10,1.505,1
62,5573,10,1,0,10,0.115,0
121,3792,13,1,0,10,0.242,0
74,2415,1,1,0,7,0.61,1
97,14449,16,1,0,10,0.037,0
170,1658,14,1,0,10,0.105,0
146,2075,15,1,0,10,0.585,0
88,16280,20,1,0,10,0.085,0
116,10998,20,1,0,10,0.267,0
161,1704,18,1,0,10,0.136,0
16,2634,16,1,0,10,0.473,0
62,4121,20,1,0,10,0.176,0
68,64644,0,2,1,10,3.31,1
81,16738,10,1,0,10,0.116,0
88,13892,13,1,0,3,0.074,0
57,1569,14,1,1,10,0.046,0
125,998,13,1,1,3,0.335,0
85,2326,15,1,0,7,0.551,0
123,1237,7,1,0,9,0.175,0
47,12778,13,1,0,10,0.148,0
182,992,22,1,0,10,0.339,0
121,4705,13,1,0,10,0.059,0
171,14458,12,1,0,10,0.036,0
123,1283,21,1,0,10,0.145,0
38,19471,0,3,1,10,2.894,1
166,12056,14,1,0,10,0.196,0
142,1626,11,1,0,10,0.084,0
193,1103,10,1,0,8,0.265,0
48,837,21,1,0,10,0.442,0
75,5905,16,1,0,10,0.181,0
144,2104,23,1,0,10,0.403,1
68,12163,7,1,0,10,0.189,0
51,57511,3,3,1,10,2.834,1
182,1641,6,1,0,10,0.094,0
180,789,19,1,0,10,0.474,0
11,12520,18,1,0,10,0.165,0
110,4641,14,1,0,10,0.072,0
67,12552,17,2,0,10,0.163,0
2,3415,6,1,0,10,0.317,0
175,18250,19,1,1,10,2.65,1
80,2172,12,1,0,10,0.448,0
34,1412,10,1,0,10,0.059,0
49,5296,15,1,0,10,0.059,0
97,15721,7,1,0,10,0.048,0
114,619,16,1,0,4,0.587,0
122,22178,13,1,0,1,0.479,0
60,16283,14,1,0,7,0.086,1
9,1482,8,1,0,9,0.012,0
136,7452,14,1,0,10,0.49,0
169,8903,16,1,0,10,0.781,0
173,7256,7,1,0,10,0.451,0
69,4684,10,1,0,10,0.063,0
110,5281,8,1,0,10,0.056,0
57,1904,13,1,1,10,0.269,0
45,2205,9,1,0,4,0.47,0
151,5299,17,1,1,9,0.06,0
20,5903,17,1,1,10,0.181,0
8,3093,15,4,0,10,1.062,1
130,1419,14,1,0,10,0.054,0
10,3445,2,1,0,10,1.297,1
37,2579,13,1,0,10,0.719,0
120,1023,14,1,1,8,0.318,0
160,4421,15,1,0,10,0.116,0
101,4894,8,1,0,10,0.021,0
39,4916,16,1,0,3,0.017,0
185,21199,7,1,0,10,0.413,0
131,18983,9,1,0,9,0.266,0
177,2050,16,1,0,10,0.367,0
75,8146,11,1,0,10,0.629,0
40,4979,17,1,0,10,0.004,0
131,13778,13,1,0,10,0.081,0
82,16957,12,1,1,10,0.13,0
109,13666,18,1,0,10,0.089,0
14,18236,9,1,0,10,0.216,0
6,15077,16,1,0,9,0.005,0
50,5674,9,1,0,6,0.135,0
131,11967,11,1,0,10,0.202,0
82,20018,16,1,0,10,0.335,0
162,1720,9,2,0,10,0.147,0
69,4676,17,1,0,10,0.065,0
99,5709,19,1,0,10,0.142,0
184,7478,15,1,0,10,0.501,0
5,12765,14,1,0,7,0.149,1
168,947,15,1,0,10,0.369,0
121,4460,15,1,0,10,0.108,0
132,1455,18,1,0,10,0.03,0
133,1748,14,1,1,1,0.165,0
94,1015,12,1,1,10,0.323,0
109,9616,17,1,0,7,0.359,0
172,1662,16,1,0,10,0.108,0
155,11177,13,1,0,3,0.255,0
4,61340,5,2,1,10,3.089,1
53,5493,11,1,0,10,0.099,0
83,2167,13,1,0,10,0.567,0
171,10735,10,1,0,4,0.284,0
35,15444,19,1,0,10,0.03,0
7,25396,2,1,0,10,0.693,1
184,12201,14,1,0,10,0.187,0
19,6223,15,1,0,7,0.245,0
99,5619,7,1,0,7,0.124,0
176,17985,8,1,0,5,0.199,0
98,19255,6,1,0,7,0.284,0
114,1267,14,1,0,10,0.155,0
182,1882,10,1,0,10,0.255,0
174,990,18,1,0,10,0.34,0
175,6679,22,1,0,2,0.336,0
169,5722,11,1,0,10,0.144,0
49,5372,15,1,0,10,0.074,0
102,370,7,1,0,10,0.753,0
151,5518,9,1,0,10,0.104,0
8,1931,14,1,0,10,0.287,0
186,7819,13,1,0,10,0.564,0
69,4642,12,2,0,10,0.072,0
157,2609,11,4,0,10,0.739,1
93,16794,19,1,0,6,0.12,0
116,13434,15,1,0,10,0.104,0
17,17190,19,1,1,7,2.438,1
2,7007,16,1,0,10,0.401,0
101,5215,6,2,0,10,0.043,0
193,1914,12,1,0,10,0.276,0
54,2256,2,1,0,10,0.504,1
196,1064,13,1,0,10,0.291,0
137,1484,22,1,0,10,0.011,0
101,5222,15,1,0,10,0.044,0
136,3781,16,1,0,9,0.244,0
184,15585,16,1,0,10,0.039,0
60,18171,16,1,0,10,0.211,0
79,21302,4,3,1,10,3.26,1
180,1260,22,1,0,10,0.16,0
150,5531,1,1,0,7,0.106,1
107,1439,19,1,0,10,0.041,0
34,894,13,1,0,1,0.404,0
124,1373,12,1,0,10,0.085,0
109,11061,14,1,0,10,0.263,0
63,3177,12,1,0,10,0.365,0
98,10516,13,1,0,10,0.299,0
162,5801,2,2,1,10,2.867,1
58,14643,6,1,0,1,0.024,0
137,1760,15,1,1,10,0.173,0
92,4882,19,1,0,10,0.024,0
168,1534,14,1,0,10,0.023,0
50,3673,9,1,0,10,0.265,0
29,3355,17,1,0,10,0.329,0
177,934,13,1,0,10,0.377,0
90,1120,16,1,1,10,0.253,0
52,1871,11,1,0,10,0.247,0
197,4685,11,1,0,10,0.063,0
110,7266,17,1,0,10,0.453,0
61,6925,15,1,0,7,0.385,0
109,17942,13,1,0,10,0.196,0
52,1664,4,1,0,10,0.109,1
185,14563,15,1,0,10,0.029,0
40,4226,15,1,0,10,0.155,0
30,16917,13,1,0,6,0.128,0
152,925,17,1,0,10,0.383,0
60,18867,18,2,0,10,0.258,0
24,1194,11,1,0,10,0.204,0
2,1769,16,1,0,10,0.646,0
180,865,19,1,0,10,0.423,0
72,3223,11,4,0,7,1.149,1
121,5820,14,2,1,8,0.164,0
111,14096,15,1,0,10,0.06,0
146,3533,9,1,0,10,0.293,0
35,25531,8,5,0,10,0.702,1
99,3979,19,1,0,10,0.204,0
2,6256,14,1,0,10,0.251,0
74,2319,16,1,1,8,0.546,0
128,1864,11,1,0,10,0.243,0
54,1632,16,1,1,10,0.088,0
78,3894,16,1,0,9,0.221,0
148,1364,14,1,0,10,0.091,0
154,1569,15,1,0,10,0.046,0
10,1904,22,1,0,10,0.269,0
74,1978,16,1,0,2,0.319,0
153,6833,10,1,1,10,0.367,0
196,2012,21,1,0,10,0.341,0
135,4664,10,1,1,10,0.067,0
33,1524,13,1,0,10,0.016,0
143,14769,15,1,0,10,0.015,0
127,1087,11,1,1,10,0.275,0
9,1564,14,1,0,7,0.043,1
115,4873,9,1,0,7,0.025,1
46,14708,20,1,0,10,0.019,0
58,20472,10,1,0,10,0.365,0
63,9344,18,3,0,10,0.869,1
172,2895,1,1,0,7,0.93,1
109,10693,18,1,0,10,0.287,0
171,13673,14,1,0,10,0.088,0
60,14986,6,1,0,10,0.001,0
133,1683,6,1,1,10,0.122,0
82,19684,8,1,0,10,0.312,0
101,6738,16,1,0,10,0.348,0
182,1102,11,1,1,10,0.265,0
84,6889,16,1,0,10,0.541,0
46,17852,8,1,0,10,0.19,0
182,881,15,1,0,9,0.413,0
186,4567,11,1,1,10,0.087,0
57,1746,17,1,0,10,0.164,0
168,1120,14,1,0,9,0.253,0
105,5643,11,1,0,7,0.129,1
153,5772,12,1,0,10,0.154,0
4,20986,15,1,0,7,0.399,0
147,1548,6,1,0,10,0.032,0
153,7675,9,1,0,10,0.535,0
162,1946,9,1,0,7,0.297,0
16,4233,13,1,0,10,0.153,0
186,4926,20,1,0,10,0.015,0
192,16546,18,1,1,10,2.309,1
80,1995,10,1,1,10,0.33,0
99,3249,10,2,0,10,0.35,0
64,2020,11,1,0,10,0.347,0
64,720,16,1,0,10,0.52,0
34,1329,10,1,0,10,0.114,0
46,11909,10,1,1,10,0.206,0
160,4693,17,1,1,10,0.061,0
0,19035,19,1,1,10,0.269,0
139,3522,10,1,0,10,0.296,0
1,610,12,1,0,10,0.593,0
154,1868,12,1,0,10,0.245,0
67,14123,15,1,0,3,0.058,0
184,10908,16,1,0,4,0.273,0
90,1405,11,1,0,10,0.063,0
50,3897,7,1,0,10,0.221,0
181,2241,2,1,0,7,0.494,1
86,5203,18,1,0,10,0.041,0
135,3253,18,1,0,10,0.349,0
186,6854,18,1,0,10,0.371,0
185,10794,11,1,0,10,0.28,0
119,1437,14,1,0,10,0.042,0
139,7304,8,1,0,10,0.461,0
142,5550,16,1,1,10,2.7,1
47,14170,19,1,0,10,0.055,0
25,6347,6,1,1,10,0.269,0
118,49319,9,1,1,10,2.288,1
155,18287,6,1,1,0,0.219,0
58,9563,19,1,0,10,0.362,0
80,1004,9,1,0,10,0.331,0
83,3137,15,1,1,4,0.373,0
31,52282,3,2,1,10,2.485,1
166,20413,15,1,0,10,0.361,0
102,1252,18,1,0,10,0.165,0
173,16784,14,1,1,10,2.357,1
67,14503,8,1,0,10,0.033,0
161,1620,14,1,0,10,0.08,0
12,13097,9,1,1,10,0.127,0
177,562,16,1,0,10,0.625,0
53,3473,11,2,0,10,0.305,0
26,7399,6,1,0,8,0.48,0
131,24438,6,1,0,10,0.629,0
125,1407,12,1,0,10,0.062,0
97,17787,15,1,0,10,0.186,0
95,5471,18,1,0,10,0.094,0
40,3411,10,1,0,10,0.318,0
88,16724,12,1,0,10,0.115,0
189,2827,14,1,0,10,0.435,0
176,20115,14,1,0,10,0.341,0
9,138,15,1,0,10,0.908,0
104,1387,17,1,0,10,0.075,0
76,1755,16,1,1,10,0.17,0
37,1805,23,1,0,10,0.203,1
12,15503,19,1,0,10,0.034,0
134,13082,13,1,0,10,0.128,0
160,5970,19,1,0,10,0.194,0
70,1161,9,1,0,5,0.226,0
108,21169,13,1,0,10,0.411,0
177,1750,6,1,0,10,0.167,0
76,1550,15,1,0,10,0.033,0
80,1567,9,1,1,10,0.045,0
19,18311,18,1,1,10,2.662,1
101,1962,12,1,0,10,0.608,0
53,5763,11,1,0,10,0.153,0
82,10747,14,1,1,10,0.284,0
138,5892,1,4,1,7,2.928,1
135,4743,14,1,0,10,0.051,0
24,2552,10,1,0,10,0.701,0
67,17833,9,1,0,4,0.189,0
149,2725,15,1,0,9,0.455,0
98,15002,15,1,0,10,0.0,0
82,22654,15,3,0,7,0.51,1
22,5731,18,1,0,6,0.146,0
61,4668,8,1,0,10,0.066,0
111,16927,14,1,0,10,0.128,0
66,1637,11,1,0,10,0.673,0
106,18104,8,1,0,3,0.207,0
167,16080,6,1,0,9,0.072,0
62,5883,17,1,0,10,0.177,0
81,16870,15,2,0,4,0.125,0
115,3095,12,1,0,10,0.381,0
7,16634,19,1,0,10,0.109,0
154,505,12,1,0,10,0.663,0
139,4887,21,1,0,10,0.023,0
199,2493,8,1,1,10,0.662,0
193,1849,12,1,0,10,0.233,0
40,4752,13,1,0,10,0.05,0
74,944,11,1,0,10,0.371,0
43,4209,13,1,0,10,0.158,0
78,5310,11,2,0,10,0.062,0
186,3591,13,2,0,10,0.282,0
145,6832,6,1,0,10,0.366,0
115,5180,10,1,0,10,0.036,0
21,1024,14,1,1,10,0.317,0
68,19026,7,1,0,10,0.268,0
138,1472,7,1,0,0,0.019,0
28,14145,15,2,0,10,0.057,0
3,1573,22,1,0,10,0.049,0
130,1910,9,1,0,9,0.273,0
167,19538,14,3,0,7,0.303,1
16,4983,11,1,0,10,0.003,0
97,16578,20,1,0,7,0.105,0
12,17998,9,1,0,10,0.2,0
76,819,21,1,0,10,0.454,0
151,3588,11,1,1,10,0.282,0
176,11139,21,1,0,10,0.257,0
84,7753,9,2,0,10,0.483,0
118,28633,17,5,0,10,0.909,1
149,6570,7,1,0,10,0.314,0
17,7092,17,1,0,10,0.418,0
40,4940,16,2,0,10,0.012,0
5,12640,16,1,0,5,0.157,0
122,12656,12,1,0,10,0.156,0
186,4981,20,1,0,7,0.004,1
35,18880,12,1,1,10,0.259,0
91,1400,13,1,0,10,0.067,0
125,1639,12,1,0,10,0.093,0
170,1585,16,1,0,0,0.057,0
189,2050,9,1,0,7,0.59,0
79,10779,16,2,0,0,1.156,0
179,1354,19,1,0,10,0.097,0
29,2638,18,1,0,10,0.472,0
178,2981,9,5,0,10,0.987,1
136,6702,22,1,0,10,0.34,0
24,1542,9,1,0,8,0.028,0
125,2673,16,4,0,7,0.782,1
187,15559,13,1,0,10,0.037,0
61,3973,15,1,0,10,0.205,0
173,7733,15,1,0,10,0.547,0
157,1143,10,1,1,10,0.238,0
144,832,16,1,0,7,0.445,0
90,1214,21,1,1,10,0.191,0
46,11748,13,1,0,10,0.217,0
89,7284,16,1,1,0,0.457,0
5,59637,1,3,1,7,2.976,1
78,6606,17,1,1,10,0.321,0
105,4232,13,1,0,10,0.154,0
59,4894,15,1,0,10,0.021,0
6,17251,13,1,0,10,0.15,0
111,16354,13,1,0,10,0.09,0
116,12333,14,1,0,10,0.178,0
14,23842,17,1,0,3,0.589,0
176,3510,9,1,0,10,0.766,0
8,2220,16,1,0,0,0.48,0
75,6432,13,1,0,0,0.286,0
57,1904,11,1,0,9,0.269,0
40,4111,9,1,0,7,0.178,0
155,16351,11,1,1,10,0.09,0
28,15331,7,1,0,10,0.022,0
41,5007,12,1,0,10,0.001,0
96,1825,17,1,0,0,0.217,0
49,7746,22,1,0,10,0.549,0
120,1712,16,1,1,10,0.141,0
137,2251,7,1,0,10,0.501,0
146,5705,15,1,0,9,0.141,0
186,4139,12,1,0,5,0.172,0
22,17688,3,4,1,7,2.538,1
29,4022,10,1,0,10,0.196,0
16,5307,11,1,0,10,0.061,0
1,1644,16,1,0,10,0.096,0
112,1912,7,1,0,10,0.275,0
152,1247,18,1,0,10,0.169,0
99,6992,11,1,1,10,0.398,0
23,1575,10,1,0,3,0.05,0
69,4250,14,1,0,10,0.15,0
180,1401,19,1,0,7,0.066,1
88,20335,7,1,0,10,0.356,0
149,2886,19,1,0,10,0.423,0
49,6570,15,1,0,10,0.314,0
63,4173,13,1,0,10,0.165,0
162,1997,12,1,0,10,0.331,0
67,21140,15,1,0,10,0.409,0
199,1074,13,1,0,4,0.284,0
126,15077,16,1,0,10,0.005,0
182,1233,8,1,0,10,0.178,0
48,1677,14,1,0,10,0.118,0
182,1768,14,1,0,10,0.179,0
163,6786,19,1,0,10,0.357,0
80,1703,19,1,0,10,0.135,0
107,1944,22,1,0,6,0.296,0
6,18749,17,1,0,10,0.25,0
126,10318,15,2,0,10,0.312,0
84,11659,15,1,0,10,0.223,0
179,1595,10,1,1,10,0.063,0
167,18702,18,1,0,10,0.247,0
56,5347,12,1,0,10,0.069,0
133,2176,20,1,0,10,0.451,0
185,14480,17,1,0,10,0.035,0
35,18561,12,1,0,10,0.237,0
20,6546,12,1,0,10,0.309,0
198,18002,7,1,0,4,0.2,0
98,14510,7,1,0,10,0.033,0
69,4623,6,1,1,10,0.075,0
46,13783,15,1,0,10,0.081,0
93,12523,9,1,1,9,0.165,0
17,10606,3,1,0,7,1.121,1
49,4376,13,1,0,2,0.125,0
171,18439,20,1,0,10,0.229,0
24,1093,9,1,0,10,0.271,0
2,4819,18,1,0,5,0.036,0
97,22645,9,1,0,10,0.51,0
141,3638,13,1,1,10,0.272,0
58,17528,16,1,0,10,0.169,0
176,16198,7,2,0,10,0.08,0
198,15856,15,1,0,10,0.057,0
180,1285,14,1,0,2,0.143,0
120,1234,21,1,1,9,0.177,0
26,8333,2,1,0,10,0.667,1
30,17282,6,1,0,10,0.152,0
151,4270,11,1,0,10,0.146,0
81,22227,22,1,0,10,0.482,0
113,13046,7,1,0,10,0.13,0
113,10485,15,2,0,10,0.301,0
23,1344,13,1,0,10,0.104,0
55,1580,19,1,1,10,0.053,0
48,1473,14,1,0,10,0.018,0
95,5588,12,1,0,10,0.118,0
84,11924,11,1,0,10,0.205,0
42,2790,13,2,0,10,0.86,0
147,1058,20,2,0,10,0.295,0
190,22336,18,1,1,10,0.489,0
138,1013,14,1,1,2,0.325,0
106,18129,14,1,0,10,0.209,0
23,1156,10,1,0,10,0.229,0
188,12599,13,1,0,10,0.16,0
184,14067,13,1,1,10,0.062,0
70,1194,20,1,0,10,0.204,0
54,2061,12,1,0,10,0.374,0
39,4582,10,1,1,10,0.084,0
40,4622,13,1,0,10,0.076,0
88,14591,11,1,0,10,0.027,0
134,24985,1,1,0,7,0.666,1
53,6648,13,1,0,0,0.33,0
170,2147,22,1,0,10,0.431,0
39,5052,17,1,0,10,0.01,0
30,17429,9,1,0,10,0.162,0
162,1793,11,1,0,3,0.195,0
86,6400,15,1,0,10,0.28,0
20,8020,18,1,0,10,0.604,0
177,689,16,1,0,10,0.541,0
133,2043,14,1,0,10,0.362,0
126,16072,13,1,0,10,0.071,0
177,1747,9,1,0,10,0.165,0
168,1655,16,2,0,1,0.103,0
138,2056,15,1,0,10,0.371,0
118,16332,17,1,0,10,0.089,0
185,17422,16,1,0,10,0.161,0
39,4529,15,1,1,9,0.094,0
98,21498,14,1,1,4,0.433,0
83,6279,11,1,0,10,0.256,0
142,1954,15,1,0,10,0.303,0
172,2303,14,1,0,10,0.535,0
115,4538,7,1,1,10,0.092,0
108,20532,15,2,1,10,0.369,0
38,5139,11,1,0,4,0.028,0
186,4173,17,1,0,2,0.165,0
155,19808,11,1,0,10,0.321,0
160,5047,6,1,0,10,0.009,0
97,10595,0,1,0,10,0.294,1
96,780,10,1,0,10,0.48,0
156,1533,14,1,1,10,0.022,0
58,12867,13,1,0,10,0.142,0
47,15524,15,1,1,8,0.035,0
5,16261,12,1,0,10,0.084,0
150,3940,16,1,0,10,0.212,0
37,1305,13,1,1,10,0.13,0
135,5624,12,1,0,10,0.125,0
5,11614,19,1,0,3,0.226,0
153,6102,8,1,0,10,0.22,0
124,6081,1,4,1,10,3.054,1
121,4460,13,1,0,10,0.108,0
40,5456,16,1,1,10,0.091,0
32,5527,8,1,1,10,0.105,0
29,2507,16,1,0,4,0.499,0
54,1370,18,1,0,10,0.087,0
30,13643,12,1,0,10,0.09,0
139,6933,14,1,0,10,0.387,0
95,3233,13,1,0,10,0.353,0
49,17533,13,1,1,7,2.507,1
160,4927,6,1,0,10,0.015,0
175,6039,10,1,1,10,0.208,0
11,12977,21,1,0,9,0.135,0
178,1393,19,2,0,10,0.071,0
50,5061,6,1,0,10,0.012,0
41,7286,17,1,0,10,0.457,0
129,1856,12,2,0,10,0.237,0
65,4910,13,1,1,10,0.673,0
44,14991,20,1,0,10,0.001,0
61,17521,16,1,1,10,2.504,1
164,3714,16,1,0,0,0.257,0
150,4469,12,1,0,10,0.106,0
16,4049,10,1,0,10,0.19,0
68,15273,9,1,0,7,0.018,1
8,6440,4,4,1,10,3.293,1
155,16112,15,1,0,10,0.074,0
31,18892,18,1,1,5,0.259,0
15,6443,16,1,0,10,0.289,0
26,9123,15,1,0,10,0.825,0
143,31398,12,3,0,10,1.093,1
69,4731,16,1,0,10,0.054,0
51,15812,10,1,0,10,0.054,0
189,7078,6,1,1,10,0.416,0
89,5763,19,1,0,10,0.153,0
188,15086,9,1,0,10,0.006,0
137,923,10,1,1,10,0.385,0
45,2760,9,4,0,7,0.84,1
186,6014,22,1,0,10,0.203,0
123,1467,12,1,0,10,0.022,0
30,13381,13,1,0,10,0.108,0
155,15532,7,1,0,10,0.035,0
76,1800,14,1,0,10,0.2,0
71,5014,15,1,0,10,0.003,0
126,15614,16,1,0,10,0.041,0
183,816,13,1,0,10,0.456,0
39,3001,12,1,1,10,0.4,0
84,19535,13,1,1,5,0.302,0
135,2781,21,1,1,10,0.444,0
55,922,13,1,0,10,0.385,0
160,6281,11,1,0,7,0.256,0
192,2399,19,1,0,10,0.52,0
139,2516,15,1,0,10,0.497,0
36,2835,6,1,0,10,0.433,0
197,5995,10,1,0,10,0.199,0
103,17026,14,2,0,10,0.135,0
102,1407,12,1,0,0,0.062,0
155,11248,8,1,0,1,0.25,0
106,16076,10,2,0,10,0.072,0
191,5249,20,1,0,7,0.05,1
106,18744,13,1,0,10,0.25,0
103,17038,16,1,0,10,0.136,0
177,1928,10,1,1,10,0.285,0
100,1196,11,1,0,10,0.203,0
40,3985,19,1,0,10,0.203,0
125,1153,15,1,0,2,0.231,0
184,8656,17,1,0,10,0.423,0
121,5606,13,1,0,0,0.121,0
118,16054,15,1,0,8,0.07,0
177,2416,15,1,0,10,0.611,0
3,845,18,1,0,10,0.437,0
44,8536,8,1,0,10,0.431,0
95,4339,14,1,0,10,0.132,0
128,722,16,1,0,9,0.519,0
71,7384,18,1,1,10,0.477,0
87,7067,16,1,0,10,0.413,0
37,1871,13,1,1,10,0.247,0
70,1180,10,1,0,10,0.213,0
154,2376,8,1,0,10,0.584,0
130,489,18,1,0,10,0.674,0
29,2823,11,1,0,10,0.435,0
11,16882,11,1,0,10,0.125,0
134,13855,6,1,0,5,0.076,0
23,1590,13,1,0,10,0.06,0
122,16325,13,1,0,7,0.088,1
184,16581,17,1,0,10,0.105,0
67,15391,10,1,0,10,0.026,0
165,19355,12,1,0,0,0.29,0
52,1995,13,1,0,10,0.33,0
11,6706,18,1,0,2,0.553,0
87,2866,6,1,1,10,0.427,0
172,1950,11,1,0,10,0.3,0
1,1226,18,1,0,10,0.183,0
134,14880,14,1,0,10,0.008,0
85,6469,4,2,1,7,3.313,1
125,1926,15,1,0,10,0.284,0
116,17232,14,1,0,10,0.149,0
17,3668,13,1,0,10,0.266,0
98,11322,22,1,0,5,0.245,0
87,2378,20,1,0,8,0.524,0
140,3117,12,1,0,6,0.377,0
96,1787,19,1,0,10,0.191,0
7,17935,8,1,1,10,0.196,0
32,4267,14,1,0,7,0.147,0
8,1361,11,1,0,10,0.093,0
54,1650,15,1,0,6,0.1,0
150,4208,18,1,0,10,0.158,0
100,2003,10,1,0,10,0.335,0
198,14770,15,1,0,10,0.015,0
168,818,22,1,0,10,0.455,0
173,3864,14,1,1,9,0.227,0
150,4236,15,1,0,7,0.153,0
38,2326,13,1,0,10,0.535,0
62,7292,20,1,0,10,0.458,0
131,16311,13,2,0,3,0.087,0
5,13850,11,1,0,10,0.077,0
156,2357,18,4,0,10,0.571,1
34,1226,10,1,0,10,0.183,0
140,4444,13,1,0,3,0.111,0
165,19540,12,1,0,10,0.303,0
55,452,8,1,0,10,0.699,0
55,2336,9,5,0,10,0.557,1
66,6443,16,1,0,9,0.289,0
30,9167,14,1,1,10,0.389,0
174,1160,10,1,0,10,0.227,0
144,2238,15,1,1,10,0.492,0
5,19130,13,1,0,10,0.275,0
33,2017,12,1,0,10,0.345,0
105,6358,13,1,0,10,0.272,0
80,1764,11,1,0,10,0.176,0
146,7514,15,1,0,10,0.503,0
143,13438,12,1,1,10,0.104,0
1,1238,18,1,0,10,0.175,0
100,100,15,1,0,10,0.933,0
114,2173,14,1,0,10,0.449,0
193,5300,2,2,1,10,2.533,1
23,1488,11,1,0,10,0.008,0
196,962,10,1,0,10,0.359,0
148,904,11,1,0,10,0.397,0
131,23071,13,1,0,10,0.538,0
173,4111,15,1,1,10,0.178,0
112,1792,12,1,0,10,0.195,0
17,2698,13,1,0,10,0.46,0
13,12597,7,1,0,10,0.16,0
190,14177,16,1,1,10,0.055,0
41,5361,13,1,0,10,0.072,0
72,1458,16,1,0,10,0.028,0
23,2030,13,1,0,10,0.353,0
108,15221,21,1,0,10,0.015,0
56,3463,7,1,0,10,0.307,0
114,1453,8,1,0,10,0.031,0
112,796,11,1,0,1,0.469,0
166,14016,9,1,0,10,0.066,0
169,12906,12,4,0,10,1.581,1
183,1403,9,1,0,0,0.065,0
105,4601,12,1,0,7,0.08,1
159,1796,20,1,0,10,0.641,0
83,3038,21,1,0,10,0.392,0
62,18194,4,3,1,7,2.639,1
99,5848,12,1,0,10,0.17,0
96,843,18,1,0,6,0.438,0
122,16257,12,1,0,10,0.084,0
48,1375,17,2,0,10,0.083,0
193,1060,16,1,0,9,0.293,0
58,21562,19,1,0,7,0.437,0
153,3249,10,1,0,10,0.35,0
9,1420,18,1,0,7,0.053,0
182,709,18,1,0,10,0.527,0
29,4936,15,1,0,10,0.013,0
178,607,10,1,0,10,0.595,0
12,59522,3,2,1,10,2.968,1
176,16612,8,1,0,10,0.107,0
18,1229,16,1,0,10,0.181,0
56,5215,12,1,0,10,0.043,0
167,16814,20,1,0,4,0.121,0
160,4464,13,1,0,10,0.107,0
163,4751,11,1,1,6,0.05,0
169,6020,16,1,0,10,0.204,0
34,1540,9,2,0,10,0.027,0
155,14145,10,1,1,10,0.057,0
139,8785,7,1,1,10,0.757,0
66,6420,14,1,1,10,0.284,0
86,6100,20,1,0,7,0.22,0
194,9619,19,1,0,10,0.359,0
22,5701,21,1,0,10,0.14,0
161,807,12,1,0,10,0.462,0
157,6318,5,2,1,10,3.212,1
121,2488,11,1,1,10,0.502,0
164,4275,8,1,0,10,0.145,0
25,5876,15,1,0,10,0.175,0
92,4546,11,1,0,3,0.091,0
76,981,22,1,0,10,0.346,0
152,1702,21,1,0,1,0.135,0
195,2787,12,1,0,10,0.443,0
60,12889,9,1,0,10,0.141,0
197,3205,9,1,0,0,0.359,0
50,5001,22,1,0,7,0.0,0
73,2002,12,2,0,7,0.335,0
4,16210,22,1,0,10,0.081,0
141,6401,6,1,1,2,0.28,0
117,4057,20,1,0,10,0.189,0
186,18605,15,1,1,10,2.721,1
100,1663,11,1,0,10,0.109,0
37,1295,18,1,1,2,0.137,0
4,10566,6,1,1,10,0.296,0
19,3483,13,1,0,10,0.303,0
28,18477,23,1,0,7,0.232,1
117,6688,10,1,1,2,0.338,0
178,1596,21,1,0,10,0.064,0
30,18570,6,1,0,4,0.238,0
48,1531,15,1,0,7,0.021,1
176,19221,14,1,0,10,0.281,0
51,23161,8,1,0,10,0.544,0
109,13667,13,2,1,10,0.089,0
147,1662,10,1,0,5,0.108,0
5,33326,23,1,0,7,1.222,1
163,6419,20,1,1,10,0.284,0
57,2132,18,1,0,10,0.421,0
131,19087,12,1,1,10,0.272,0
193,1498,6,1,1,10,0.001,0
186,4990,8,1,0,10,0.002,0
190,10304,11,1,0,10,0.313,0
174,1205,15,1,0,10,0.197,0
112,1753,13,1,0,7,0.169,1
133,1139,18,1,1,10,0.241,0
120,2731,14,3,0,7,0.821,1
161,6346,4,3,1,10,3.231,1
20,3847,16,1,0,10,0.231,0
87,2593,13,1,0,10,0.481,0
103,14235,6,1,0,3,0.051,0
34,1091,14,1,0,10,0.273,0
1,1445,14,1,0,10,0.037,0
109,14604,14,2,0,5,0.026,0
85,1350,16,1,0,10,0.1,0
155,56956,9,1,1,10,2.797,1
34,2265,12,1,0,10,0.51,0
145,3921,18,1,1,10,0.216,0
3,1034,11,1,0,10,0.311,0
190,13506,9,1,0,10,0.1,0
164,3096,6,1,0,10,0.381,0
17,6819,18,1,1,10,0.364,0
89,4334,10,1,0,7,0.133,1
104,5588,13,1,1,10,2.725,1
57,1216,13,1,1,10,0.189,0
59,3316,19,1,0,10,0.337,0
160,3876,8,1,0,10,0.225,0
56,5193,12,1,0,10,0.039,0
192,4951,18,1,0,10,0.01,0
159,4608,11,1,0,10,0.078,0
150,5440,19,1,0,10,0.088,0
162,1320,13,1,0,10,0.12,0
74,1871,17,1,0,10,0.247,0
95,5565,15,1,0,10,0.113,0
84,24652,3,1,0,7,0.643,1
76,905,11,1,0,10,0.397,0
192,5249,15,1,0,10,0.05,0
15,10691,8,3,0,10,1.138,1
83,4452,17,1,0,10,0.11,0
165,12535,16,1,0,10,0.164,0
15,4022,16,1,0,10,0.196,0
106,10381,12,1,1,10,0.308,0
106,57469,1,4,1,10,2.831,1
58,13424,15,1,0,10,0.105,0
24,1864,14,1,0,10,0.243,0
94,952,15,1,0,10,0.365,0
37,1306,18,1,0,10,0.129,0
13,25529,10,1,0,3,0.702,0
52,1827,13,1,0,10,0.218,0
82,20110,7,1,1,0,0.341,0
171,17899,19,1,0,10,0.193,0
95,5306,11,1,0,10,0.061,0
125,1083,17,1,0,10,0.278,0
144,1649,12,1,0,10,0.099,0
182,6675,5,3,1,7,3.45,1
84,15844,18,1,0,10,0.056,0
64,1852,17,1,0,9,0.235,0
80,973,16,1,1,4,0.351,0
185,17003,16,2,0,6,0.134,0
12,58688,2,3,1,10,2.913,1
90,2660,18,1,0,5,0.773,0
50,6175,12,1,0,10,0.235,0
100,2273,11,2,0,10,0.515,0
198,61363,2,2,1,7,3.091,1
69,5336,11,1,0,3,0.067,0
158,6284,22,1,0,10,0.257,0
110,5113,10,1,0,7,0.023,0
144,2352,8,1,0,10,0.568,0
32,4206,16,1,0,10,0.159,0
136,5330,10,1,0,7,0.066,1
150,5601,17,1,0,10,0.12,0
198,13041,13,1,0,10,0.131,0
134,15415,6,1,0,10,0.028,0
167,15679,6,1,0,10,0.045,0
54,1712,14,1,1,10,0.141,0
112,1630,18,1,0,5,0.087,0
186,4044,7,1,0,10,0.191,0
30,15833,17,1,0,10,0.056,0
174,1815,14,1,0,10,0.21,0
133,2207,16,1,0,8,0.471,0
6,13593,18,1,0,10,0.094,0
93,16068,9,1,0,10,0.071,0
37,5637,3,3,1,10,2.758,1
174,1554,9,1,0,10,0.036,0
170,946,16,1,0,10,0.369,0
28,15191,9,1,0,10,0.013,0
121,3587,21,1,0,10,0.283,0
43,6892,15,1,0,10,0.378,0
197,7048,15,1,0,10,0.41,0
155,24270,10,1,0,10,0.618,0
165,15916,18,1,0,10,0.061,0
159,3708,6,1,0,10,0.258,0
62,6298,13,1,0,10,0.26,0
29,6493,9,1,0,10,0.299,0
125,1229,12,1,1,10,0.181,0
25,11718,11,1,0,10,1.344,0
110,1397,19,2,0,10,0.721,0
128,1600,19,1,0,10,0.067,0
66,5428,18,1,0,7,0.086,1
3,2635,13,4,0,10,0.757,1
103,15678,15,1,0,10,0.045,0
133,2989,15,2,0,10,0.993,0
51,12188,15,1,0,10,0.187,0
93,9531,15,1,0,3,0.365,0
72,1147,6,1,0,10,0.235,0
45,1518,10,1,0,5,0.012,0
175,3377,13,1,0,10,0.325,0
37,1793,9,1,0,10,0.195,0
187,22222,16,1,0,10,0.481,0
134,14260,17,1,0,2,0.049,0
61,6548,22,1,0,0,0.31,0
138,1806,11,1,0,10,0.204,0
189,3871,12,2,0,9,0.226,0
199,1867,13,1,0,10,0.245,0
163,5734,21,1,0,10,0.147,0
37,2268,13,1,0,10,0.512,0
161,1563,14,1,1,10,0.042,0
89,5282,22,1,0,10,0.056,0
81,20113,19,1,0,10,0.341,0
190,15220,15,1,0,10,0.015,0
160,6493,7,1,0,10,0.299,0
123,1483,6,1,0,10,0.011,0
92,7781,9,1,0,5,0.556,0
75,4760,12,2,0,10,0.048,0
142,2100,15,3,0,10,0.4,1
44,27158,9,4,0,7,0.811,1
166,52491,12,1,1,10,2.499,1
118,21462,17,1,0,3,0.431,0
90,1530,9,1,0,3,0.02,0
188,17794,11,1,0,10,0.186,0
118,23808,18,1,1,10,0.587,0
49,4064,19,1,0,10,0.187,0
191,5173,19,1,0,7,0.035,0
125,1962,16,1,0,10,0.308,0
3,2226,13,2,0,5,0.484,0
49,7327,13,1,0,10,0.465,0
33,1432,9,1,0,10,0.045,0
134,12892,7,1,0,10,0.141,0
108,10949,9,1,0,10,0.27,0
188,16580,18,1,0,7,0.105,1
9,1124,14,1,0,10,0.251,0
63,4638,13,1,0,10,0.072,0
199,1006,15,1,0,10,0.329,0
47,14335,17,1,0,10,0.044,0
28,14891,15,1,0,10,0.007,0
0,17007,18,1,0,10,0.134,0
114,2417,15,1,0,10,0.611,0
23,873,11,1,0,10,0.418,0
174,5690,16,1,1,10,2.793,1
147,2137,10,1,0,10,0.425,0
91,1633,15,1,0,10,0.089,0
7,19889,16,1,0,10,0.326,0
19,3704,11,1,0,3,0.259,0
21,1373,9,1,0,10,0.085,0
116,9520,11,1,0,6,0.365,0
82,13098,18,1,0,10,0.127,0
18,1543,8,1,0,10,0.029,0
142,1143,13,1,0,10,0.238,0
120,2472,9,1,0,10,0.648,0
38,5284,15,1,0,10,0.057,0
14,9169,14,1,0,5,0.389,0
94,1325,13,1,0,10,0.117,0
90,2176,11,1,0,7,0.451,0
127,1208,11,1,0,10,0.195,0
6,11302,11,1,0,10,0.247,0
145,4591,18,1,0,9,0.082,0
52,1282,16,1,0,10,0.145,0
57,1914,8,1,0,5,0.276,0
57,1592,12,1,0,2,0.061,0
90,870,17,1,0,10,0.42,0
131,14702,15,1,0,0,0.02,0
18,1591,6,2,0,4,0.061,0
30,13797,19,1,0,10,0.08,0
80,1908,14,2,0,10,0.272,0
189,3928,13,1,0,10,0.214,0
121,4324,13,1,0,7,0.135,0
53,2693,18,1,0,10,0.461,0
61,6612,15,1,0,10,0.322,0
155,14062,15,1,1,5,0.063,0
6,18934,16,1,0,10,0.262,0
137,1872,12,1,0,10,0.248,0
98,20214,10,1,0,8,0.348,0
29,5781,18,1,0,10,0.156,0
60,59351,2,3,1,10,2.957,1
155,17932,14,1,0,10,0.195,0
71,5577,19,1,0,7,0.115,1
38,5031,13,1,0,10,0.006,0
122,8808,12,1,0,10,0.413,0
194,18939,8,1,1,10,0.263,0
23,1755,13,1,0,10,0.17,0
99,6892,6,1,0,1,0.378,0
37,1555,12,1,0,10,0.037,0
42,2109,13,1,0,7,0.406,0
115,7411,13,1,0,5,0.482,0
68,10551,17,1,0,10,0.297,0
195,4462,3,1,0,10,0.108,1
197,5816,6,1,0,10,0.163,0
164,4906,10,1,0,10,0.019,0
98,10275,15,1,0,10,0.315,0
80,2040,7,1,0,10,0.36,0
102,1983,11,1,0,10,0.322,0
152,2274,10,1,0,0,0.516,0
161,1871,14,1,0,2,0.247,0
189,4917,12,1,0,10,0.017,0
113,17987,11,1,0,10,0.199,0
94,1688,11,1,0,4,0.125,0
173,3805,10,1,0,10,0.239,0
137,1775,14,1,0,5,0.183,0
25,4517,15,1,0,10,0.097,0
30,7947,22,1,0,10,0.47,0
157,1718,20,1,0,3,0.145,0
123,857,14,1,0,10,0.429,0
82,16078,10,1,0,10,0.072,0
141,6570,12,1,0,8,0.314,0
60,14399,9,1,1,10,0.04,0
70,1854,12,2,0,10,0.236,0
69,3368,19,2,1,10,0.326,0
163,8033,7,1,0,10,0.607,0
37,3434,9,4,0,10,1.289,1
81,11391,14,1,0,10,0.241,0
10,1066,10,1,0,10,0.289,0
58,60304,4,2,1,7,3.02,1
1,1540,13,1,1,10,0.027,0
63,7180,8,1,0,10,0.436,0
24,1047,12,1,0,10,0.302,0
62,4438,12,1,0,10,0.112,0
100,1205,13,1,0,9,0.197,0
124,1385,11,1,0,6,0.077,0
150,3219,14,1,0,10,0.356,0
48,1757,7,1,0,6,0.171,0
45,1829,11,1,0,10,0.219,0
74,1670,16,1,0,4,0.113,0
57,1804,17,1,0,10,0.203,0
61,6608,16,1,0,1,0.322,0
43,3012,15,1,0,10,0.398,0
176,10939,20,2,0,10,0.271,0
187,16468,21,1,0,10,0.098,0
153,3452,18,1,0,10,0.31,0
127,665,12,1,1,0,0.557,0
91,1271,18,1,1,5,0.153,0
58,18044,11,1,0,10,0.203,0
128,1173,19,1,0,7,0.218,0
123,1439,11,1,0,10,0.041,0
73,1894,17,1,0,10,0.263,0
74,6410,5,2,1,7,3.273,1
87,2720,11,1,0,10,0.456,0
142,2379,15,1,0,4,0.586,0
140,3354,11,1,0,10,0.329,0
100,1584,6,1,0,10,0.056,0
21,5129,3,2,1,10,2.419,1
146,4986,14,1,0,5,0.003,0
104,2026,10,1,0,2,0.351,0
184,11453,19,1,1,10,0.236,0
0,13948,10,1,0,10,0.07,0
19,5423,22,1,0,10,0.085,0
120,1928,20,1,0,10,0.285,0
17,4628,12,1,0,10,0.074,0
135,3547,11,1,0,10,0.291,0
63,6142,14,1,0,10,0.228,0
113,21666,13,1,1,10,0.444,0
29,3878,15,1,1,10,0.224,0
172,1960,6,1,0,10,0.307,0
93,10468,10,1,1,7,0.302,0
114,2226,12,1,0,6,0.484,0
89,5011,16,1,0,10,0.002,0
172,1582,15,1,0,10,0.055,0
96,1364,15,1,1,10,0.091,0
20,4087,13,1,0,10,0.183,0
184,21451,13,1,0,10,0.43,0
178,1248,14,1,0,0,0.168,0
68,12300,15,1,0,10,0.18,0
198,17783,10,1,0,10,0.186,0
16,4633,1,1,0,10,0.073,1
153,4338,6,1,0,10,0.132,0
34,1472,13,1,0,10,0.019,0
46,9678,10,1,0,5,0.355,0
30,13931,15,1,0,10,0.071,0
163,4003,7,1,1,10,0.199,0
163,17831,18,1,1,10,2.566,1
89,4299,7,1,0,10,0.14,0
64,1123,14,1,0,1,0.251,0
128,750,6,1,0,10,0.5,0
79,17407,15,1,1,10,2.481,1
10,1758,11,1,0,10,0.172,0
85,1979,16,1,0,10,0.319,0
177,1892,22,1,0,5,0.261,0
30,12489,19,1,0,10,0.167,0
22,4880,19,1,0,10,0.024,0
15,5821,14,2,0,10,0.164,0
4,26331,14,4,0,10,0.755,1
137,1816,22,1,0,1,0.211,0
23,1215,17,1,0,10,0.19,0
51,14946,17,1,0,10,0.004,0
132,2032,6,1,0,10,0.355,0
160,8200,19,3,0,10,0.64,1
107,658,13,1,0,10,0.561,0
138,1538,17,1,0,10,0.025,0
114,1290,19,2,0,10,0.14,0
81,12612,15,1,0,10,0.159,0
13,28157,20,5,0,10,0.877,1
127,1403,19,1,0,10,0.065,0
162,1816,15,1,0,10,0.211,0
172,5177,10,1,1,10,2.451,1
111,10404,16,1,1,8,0.306,0
66,5508,9,1,0,10,0.102,0
152,1211,13,1,0,10,0.193,0
72,1092,15,1,1,10,0.272,0
1,1235,7,1,0,4,0.177,0
118,16890,18,1,0,1,0.126,0
77,5655,12,1,0,10,0.131,0
72,2390,15,1,0,10,0.593,0
128,5565,17,1,1,7,2.71,1
16,4772,6,1,0,10,0.046,0
2,6078,18,1,0,3,0.216,0
84,20656,18,1,0,10,0.377,0
136,6298,15,1,0,10,0.26,0
153,2860,20,1,0,10,0.428,0
42,1831,14,1,0,10,0.221,0
35,26168,21,1,1,10,0.745,0
193,1678,15,1,0,10,0.119,0
59,6327,14,1,0,10,0.265,0
32,17586,19,1,1,7,2.517,1
26,6151,20,1,0,10,0.23,0
191,6513,15,1,1,10,0.303,0
135,4081,12,1,0,9,0.184,0
63,4330,14,1,0,10,0.134,0
161,2236,17,1,0,3,0.491,0
129,1558,11,1,0,10,0.039,0
101,8678,11,1,0,10,0.736,0
155,10285,16,1,1,10,0.314,0
90,1894,14,1,0,10,0.263,0
179,749,16,1,0,10,0.501,0
75,6032,18,1,0,10,0.206,0
29,6921,8,1,0,10,0.384,0
121,3463,6,1,0,2,0.307,0
103,15299,15,1,0,10,0.02,0
131,22860,1,1,0,10,0.524,1
114,1156,7,1,1,10,0.229,0
116,19388,6,1,0,9,0.293,0
144,3056,16,1,0,10,1.037,0
198,14390,14,1,0,1,0.041,0
146,4312,11,1,0,10,0.138,0
0,64653,0,3,1,10,3.31,1
184,54349,16,1,1,10,2.623,1
143,5763,10,1,1,10,0.616,0
154,1247,10,1,0,10,0.169,0
144,727,18,1,0,10,0.515,0
86,2115,8,1,0,10,0.577,0
119,843,16,1,0,10,0.438,0
194,16195,17,1,0,10,0.08,0
59,3183,14,2,0,10,0.363,0
185,10796,17,1,0,10,0.28,0
148,925,14,1,0,10,0.383,0
175,3923,16,1,0,10,0.215,0
175,5167,14,1,0,10,0.033,0
137,3097,12,4,0,10,1.065,1
68,14425,19,1,0,10,0.038,0
107,2121,15,1,1,10,0.414,0
37,1479,12,1,0,10,0.014,0
82,15062,8,1,0,10,0.004,0
183,1563,9,1,0,3,0.042,0
171,13751,11,1,0,10,0.083,0
80,6006,4,2,1,10,3.004,1
174,1341,12,1,0,6,0.106,0
130,1780,19,1,1,10,0.187,0
67,13937,14,1,0,10,0.071,0
111,57937,3,3,1,10,2.862,1
79,1928,19,1,0,10,0.614,0
145,4304,17,2,0,10,0.139,0
158,7652,8,1,0,10,0.53,0
55,2247,1,1,0,10,0.498,1
90,2034,16,1,0,10,0.356,0
120,1654,11,1,0,7,0.103,1
35,21357,9,1,0,10,0.424,0
135,4729,12,1,0,10,0.054,0
20,4662,8,2,0,10,0.068,0
147,1410,6,1,0,10,0.06,0
102,2549,11,1,0,10,0.699,0
190,11655,16,1,0,10,0.223,0
39,6264,23,1,0,10,0.253,1
2,10887,16,4,0,7,1.177,1
116,13653,14,1,0,10,0.09,0
68,21153,11,1,0,10,0.41,0
63,3181,10,1,0,10,0.364,0
111,15928,18,1,0,10,0.062,0
124,1757,17,1,0,10,0.171,0
161,1998,14,1,1,5,0.332,0
40,5443,14,1,1,10,0.089,0
30,16337,18,1,0,10,0.089,0
81,15936,11,1,0,10,0.062,0
13,12955,20,1,1,2,0.136,0
167,12494,14,1,0,10,0.167,0
162,1338,20,1,0,5,0.108,0
33,836,14,1,0,10,0.443,0
145,15845,10,1,1,10,2.169,1
95,3538,8,1,0,10,0.292,0
101,7458,10,2,0,2,0.492,0
27,20191,14,1,1,10,0.346,0
182,2135,15,1,0,10,0.423,0
27,9995,15,1,0,2,0.334,0
68,17810,15,1,0,10,0.187,0
111,9753,14,1,0,10,0.35,0
50,7291,8,1,0,10,0.458,0
25,5154,9,1,1,10,0.031,0
108,13628,21,1,0,10,0.091,0
68,9646,18,1,0,10,0.357,0
175,5122,12,1,0,1,0.024,0
10,1092,6,1,0,10,0.272,0
149,5021,16,1,0,10,0.004,0
142,2474,10,1,1,10,0.649,0
190,13149,18,1,0,10,0.123,0
197,6300,13,1,0,10,0.26,0
185,11169,15,1,0,10,0.255,0
79,6265,17,1,1,10,0.253,0
109,8758,13,1,0,10,0.416,0
59,6802,9,1,0,10,0.36,0
109,13193,22,1,0,10,0.12,0
157,1630,15,1,0,0,0.087,0
127,2780,9,1,1,10,0.853,0
76,770,10,1,0,10,0.487,0
41,3818,14,1,0,10,0.236,0
146,4306,14,1,1,2,0.139,0
86,5104,7,1,0,10,0.021,0
72,1943,16,1,0,3,0.295,0
128,998,16,1,1,10,0.335,0
10,832,14,2,0,10,0.445,0
35,7149,9,1,0,10,0.523,0
49,5447,14,1,0,10,0.089,0
52,1870,14,1,0,10,0.247,0
16,3748,11,1,0,10,0.25,0
108,50322,12,1,1,10,2.355,1
184,9893,15,1,0,2,0.34,0
36,7219,12,1,0,10,0.444,0
96,1720,11,1,0,10,0.147,0
30,17983,17,1,1,10,0.199,0
53,5719,15,1,0,10,0.144,0
182,2171,11,1,1,10,0.447,0
83,5863,14,1,0,10,0.173,0
13,14819,14,1,0,10,0.012,0
84,8718,11,2,0,10,0.419,0
97,17984,16,1,0,10,0.199,0
42,1051,13,1,0,1,0.299,0
184,18232,11,1,0,8,0.215,0
107,876,13,1,0,10,0.416,0
95,4191,19,1,0,10,0.162,0
10,949,6,1,0,10,0.367,0
40,21405,4,3,1,10,3.281,1
120,2183,15,1,0,10,0.455,0
146,6211,11,1,0,10,0.242,0
159,6921,9,1,0,10,0.384,0
184,16298,18,1,0,10,0.087,0
108,11741,9,2,1,10,0.217,0
52,1138,18,1,0,10,0.241,0
70,3069,20,3,0,10,1.046,1
100,1421,13,1,0,10,0.053,0
130,1358,19,1,0,10,0.095,0
77,3507,18,1,1,10,0.299,0
180,1640,13,2,0,3,0.093,0
43,5070,6,1,0,8,0.014,0
82,14162,16,1,0,8,0.056,0
158,3939,14,1,0,10,0.212,0
100,1234,8,1,0,10,0.177,0
177,1519,20,1,0,10,0.013,0
143,14275,16,1,0,5,0.048,0
78,5322,8,1,0,10,0.064,0
143,18266,10,1,0,10,0.218,0
181,1420,10,1,0,10,0.053,0
94,1721,17,1,0,10,0.147,0
17,7462,21,1,0,10,0.492,0
138,1283,18,1,0,10,0.145,0
185,20562,16,1,0,10,0.371,0
121,4294,14,1,0,10,0.141,0
95,4669,7,1,0,10,0.066,0
16,5433,16,1,1,6,0.087,0
156,1812,15,1,0,10,0.208,0
130,1161,10,1,0,7,0.226,0
27,13879,9,1,1,10,0.075,0
76,1801,17,1,0,10,0.201,0
140,12435,8,3,0,10,1.487,1
99,6883,11,1,0,10,0.377,0
100,2081,15,1,0,10,0.387,0
163,4170,16,1,0,8,0.166,0
136,4869,6,1,0,10,0.026,0
120,2314,12,1,0,10,0.543,0
171,14874,15,1,0,10,0.008,0
64,1896,11,1,0,10,0.264,0
152,1778,19,1,0,9,0.185,0
135,6598,10,1,0,10,0.32,0
139,7776,12,1,0,10,0.555,0
91,1715,11,1,0,2,0.143,0
18,2310,17,1,1,10,0.54,0
58,33675,9,4,0,7,1.245,1
72,2023,14,1,0,0,0.349,0
37,2434,6,1,0,10,0.623,0
136,6107,16,1,1,10,0.221,0
44,14281,9,1,1,10,0.048,0
187,11252,18,1,0,10,0.25,0
13,16209,13,1,0,10,0.081,0
182,1748,9,1,0,6,0.165,0
145,2623,6,1,0,2,0.475,0
153,4773,12,1,0,2,0.045,0
192,3320,12,1,0,3,0.336,0
23,1128,14,1,0,10,0.248,0
148,1834,11,1,1,10,0.223,0
59,3382,14,1,1,10,0.324,0
7,19895,20,1,0,10,0.326,0
163,5814,14,1,1,4,0.163,0
125,745,16,1,0,10,0.503,0
48,1527,10,1,0,10,0.018,0
48,1807,14,1,0,10,0.205,0
141,6024,11,1,0,10,0.205,0
196,555,12,1,1,1,0.63,0
135,4983,15,1,1,10,0.003,0
7,23655,19,1,0,10,0.577,0
150,4423,10,1,0,1,0.115,0
49,6304,18,1,0,10,0.261,0
116,21645,13,1,0,8,0.443,0
156,1717,12,1,0,10,0.145,0
62,5559,19,1,0,10,0.112,0
190,16601,12,1,0,10,0.107,0
165,14725,6,1,0,10,0.018,0
184,9765,10,1,0,10,0.349,0
176,19202,14,1,0,8,0.28,0
72,1415,13,1,0,1,0.057,0
172,885,6,1,0,10,0.41,0
108,5794,13,1,1,10,0.614,0
2,6583,7,1,0,10,0.317,0
47,8371,12,1,1,10,0.442,0
36,3680,12,1,0,10,0.264,0
155,18456,19,1,0,10,0.23,0
138,2476,12,2,1,10,0.651,0
56,3610,15,1,1,5,0.278,0
137,1803,9,1,0,10,0.202,0
170,1287,15,1,0,10,0.142,0
66,4485,10,1,0,10,0.103,0
70,1590,17,1,0,10,0.06,0
108,11976,17,1,0,10,0.202,0
74,1026,17,1,0,10,0.316,0
122,10057,12,1,0,10,0.33,0
184,13796,11,1,0,10,0.08,0
95,7343,9,1,0,10,0.469,0
185,17978,13,1,0,10,0.199,0
127,1232,15,1,0,5,0.179,0
167,14614,13,1,0,10,0.026,0
94,906,22,1,0,10,0.396,0
16,6374,14,1,1,10,0.275,0
74,2376,9,2,0,1,0.584,0
125,1838,16,1,0,10,0.225,0
163,5272,8,1,0,10,0.054,0
140,6573,13,1,0,10,0.315,0
67,22903,2,1,0,10,0.527,1
103,16777,16,1,0,0,0.118,0
175,19170,2,2,1,10,2.834,1
157,1230,15,1,0,8,0.18,0
190,23392,15,1,1,10,0.559,0
11,8042,19,1,1,10,0.464,0
179,1915,11,1,1,10,0.277,0
96,1856,12,1,0,9,0.237,0
1,1935,15,1,0,10,0.29,0
162,2981,15,5,0,10,0.987,1
13,14023,11,2,0,10,0.065,0
198,15161,8,1,0,10,0.011,0
118,21618,14,1,0,10,0.441,0
136,3813,17,1,0,10,0.237,0
69,3836,17,1,1,10,0.233,0
149,3722,13,2,0,5,0.256,0
55,2355,13,1,0,4,0.57,0
49,9791,13,4,0,7,0.958,1
50,4469,12,1,0,10,0.106,0
125,1440,19,1,0,6,0.04,0
93,19342,10,1,0,10,0.289,0
128,2664,3,1,0,7,0.776,1
198,16611,18,1,0,7,0.107,1
78,5459,16,1,0,10,0.092,0
127,1994,19,3,0,10,0.329,1
160,5143,13,1,0,10,0.029,0
67,10986,13,1,0,10,0.268,0
179,1616,16,1,0,10,0.077,0
190,16294,17,1,0,10,0.086,0
95,3967,21,1,0,10,0.207,0
139,6562,16,1,0,10,0.312,0
118,17502,16,1,0,4,0.167,0
169,6624,16,1,0,10,0.325,0
17,2305,11,1,0,10,0.539,0
150,3823,9,1,0,10,0.235,0
55,1199,7,1,0,10,0.201,0
27,9694,15,1,0,8,0.354,0
124,1822,15,1,1,10,0.215,0
134,25443,8,4,0,7,0.696,1
6,23469,7,2,1,10,0.565,0
97,14708,15,1,0,1,0.019,0
144,1350,16,1,0,10,0.1,0
199,1216,10,1,0,0,0.189,0
29,5813,13,1,0,10,0.163,0
57,1472,11,1,0,1,0.019,0
49,4456,14,1,1,10,0.109,0
7,15808,14,1,0,10,0.054,0
199,2140,13,1,0,10,0.427,0
51,8135,16,1,0,10,0.458,0
193,833,13,2,1,10,0.445,0
136,4494,14,1,0,2,0.101,0
2,3552,18,1,0,10,0.29,0
68,15768,12,1,0,10,0.051,0
100,1759,10,1,0,10,0.173,0
114,1539,10,1,0,10,0.026,0
154,2989,17,3,0,10,0.993,1
83,5319,15,1,0,7,0.064,0
140,3401,15,1,1,10,0.32,0
5,14064,21,1,1,10,0.062,0
181,965,14,1,0,10,0.357,0
29,3715,13,1,1,10,0.257,0
146,3894,12,1,0,10,0.221,0
165,16469,13,1,0,5,0.098,0
127,1084,17,1,0,10,0.277,0
44,14503,17,1,0,10,0.033,0
95,6262,12,1,1,10,0.252,0
147,2222,6,1,0,10,0.481,0
70,1666,15,1,0,3,0.111,0
169,5315,10,1,0,10,0.063,0
37,2318,16,1,0,10,0.545,0
178,2378,18,1,0,10,0.585,0
31,17525,8,1,0,10,0.168,0
107,1265,22,1,0,10,0.157,0
112,1786,8,2,0,7,0.191,0
199,1352,16,1,1,5,0.099,0
161,2295,15,1,0,10,0.53,0
106,13655,13,1,0,10,0.09,0
194,19129,14,1,0,10,0.275,0
171,17788,15,1,0,10,0.186,0
91,1120,12,1,0,8,0.253,0
97,11175,14,1,0,10,0.255,0
166,18730,14,1,1,5,0.249,0
198,11808,13,1,0,10,0.213,0
75,6123,14,1,0,10,0.225,0
107,1949,17,1,0,10,0.299,0
90,1989,6,1,0,10,0.326,0
132,1573,13,1,0,2,0.049,0
151,5860,15,1,0,10,0.172,0
109,24692,14,1,0,10,0.646,0
177,1815,20,2,0,3,0.21,0
66,4027,16,1,1,10,0.195,0
81,14185,13,2,0,2,0.054,0
154,223,12,1,0,10,0.851,0
196,1113,12,1,0,10,0.258,0
95,7740,2,1,0,10,0.548,1
56,5119,12,1,1,10,0.024,0
106,14264,13,1,0,8,0.049,0
110,6823,16,1,0,10,0.365,0
196,1268,18,1,0,9,0.155,0
184,10427,16,1,0,6,0.305,0
26,6922,14,1,1,10,0.384,0
89,2575,17,1,1,9,0.485,0
107,742,10,1,0,1,0.505,0
24,2104,16,1,0,10,0.403,0
185,16568,14,1,0,10,0.105,0
10,1152,12,1,0,6,0.232,0
172,1225,6,2,0,10,0.183,0
130,1394,13,1,0,10,0.071,0
72,934,15,1,0,10,0.377,0
163,6992,12,1,0,10,0.398,0
62,4430,14,1,1,10,0.114,0
67,16853,15,1,0,10,0.124,0
25,7052,16,1,1,0,0.41,0
160,3470,19,1,0,10,0.306,0
97,14969,14,1,0,10,0.002,0
40,4648,13,1,0,0,0.07,0
132,1302,16,1,0,10,0.132,0
181,1750,13,1,0,10,0.167,0
180,1768,11,1,0,10,0.179,0
65,23838,16,1,0,10,0.589,0
115,3907,12,1,0,8,0.219,0
137,1733,10,1,0,10,0.155,0
136,5642,9,1,0,5,0.128,0
125,1387,19,1,0,0,0.075,0
148,839,13,1,0,10,0.441,0
37,1202,11,1,0,10,0.199,0
179,1132,15,1,0,10,0.245,0
54,1450,18,1,0,10,0.033,0
126,14151,12,1,0,10,0.057,0
22,6026,16,1,0,10,0.205,0
115,4446,21,2,0,10,0.111,0
145,3757,7,1,0,4,0.249,0
51,12093,16,1,0,10,0.194,0
158,4019,9,1,1,10,0.196,0
160,1260,16,1,0,10,0.748,0
118,12462,16,1,0,5,0.169,0
133,1558,15,1,0,10,0.039,0
184,17584,15,1,1,10,0.172,0
50,4388,18,1,0,9,0.122,0
165,62812,3,3,1,10,3.187,1
111,51564,19,1,1,10,2.438,1
61,4782,14,1,0,10,0.044,0
76,893,13,1,0,10,0.405,0
176,13761,16,1,1,4,0.083,0
151,5521,14,1,0,2,0.104,0
151,6737,10,1,1,10,0.347,0
55,1590,8,2,0,10,0.06,0
138,1113,15,1,0,10,0.258,0
40,3729,20,1,0,5,0.254,0
12,16681,16,1,0,10,0.112,0
50,4849,12,1,0,10,0.03,0
82,11051,17,1,0,10,0.263,0
195,5269,17,1,0,10,0.054,0
75,6691,17,1,0,10,0.338,0
65,16620,9,1,0,10,0.108,0
91,1380,13,1,0,10,0.08,0
61,2966,19,1,0,10,0.407,0
49,5146,14,1,0,6,0.029,0
32,2490,17,1,1,10,0.502,0
31,9751,15,1,0,10,0.35,0
197,4386,13,2,0,10,0.123,0
4,16471,15,1,0,10,0.098,0
77,4393,16,1,0,10,0.121,0
167,9741,15,1,0,10,0.351,0
33,2612,1,1,0,7,0.741,1
105,4260,16,1,0,10,0.148,0
86,3305,22,1,0,10,0.339,0
99,6428,9,1,0,10,0.286,0
13,55787,1,2,1,10,2.719,1
35,21394,12,1,0,9,0.426,0
178,934,12,1,0,6,0.377,0
77,5391,9,1,0,10,0.078,0
122,17399,9,1,1,2,0.16,0
144,1167,16,1,0,10,0.222,0
94,2095,15,2,0,5,0.397,0
143,13948,6,1,0,10,0.07,0
95,6399,20,1,0,10,0.28,0
22,3774,14,1,0,2,0.245,0
120,473,11,1,0,10,0.685,0
18,331,12,1,0,10,0.779,0
144,1570,19,1,0,10,0.047,0
58,27801,23,1,0,10,0.853,1
39,4807,20,1,0,10,0.039,0
195,7531,9,2,0,10,0.506,0
179,954,14,1,0,10,0.364,0
189,4066,19,1,0,10,0.187,0
8,1575,14,1,0,10,0.05,0
140,3409,14,1,0,7,0.318,0
141,6993,16,1,0,1,0.399,0
66,6351,15,1,0,10,0.27,0
122,12280,9,1,0,10,0.181,0
172,1291,22,1,1,10,0.139,0
141,4301,12,1,0,0,0.14,0
163,5598,13,1,1,10,0.12,0
150,5301,19,2,0,10,0.06,0
195,21353,3,3,1,10,3.271,1
41,8175,14,1,0,10,0.635,0
64,5835,1,4,1,10,2.89,1
36,2074,13,1,0,10,0.585,0
0,13554,14,1,1,10,0.096,0
80,1157,16,1,1,10,0.229,0
37,1451,16,1,0,10,0.033,0
189,6474,15,1,1,3,0.295,0
132,1426,10,1,0,10,0.049,0
107,2348,16,1,1,10,0.565,0
71,5678,19,1,1,10,0.136,0
128,1860,14,1,0,10,0.24,0
134,14263,13,1,0,10,0.049,0
109,14218,6,1,0,10,0.052,0
179,946,19,1,0,9,0.369,0
31,11015,12,1,0,10,0.266,0
77,5072,7,1,0,3,0.014,0
190,14248,12,1,0,10,0.05,0
18,1517,13,1,0,10,0.011,0
125,1564,14,1,0,10,0.043,0
119,2814,1,1,0,10,0.876,1
138,1283,17,1,0,10,0.145,0
84,13417,9,1,0,10,0.106,0
189,5162,9,1,0,10,0.032,0
21,5855,0,2,1,10,2.903,1
141,6725,7,1,0,10,0.345,0
141,3264,13,1,0,10,0.347,0
107,1031,16,1,0,10,0.313,0
92,7471,12,1,0,10,0.494,0
42,1313,20,1,0,8,0.125,0
16,3729,7,1,0,10,0.254,0
25,5770,10,1,0,10,0.154,0
147,964,8,1,0,10,0.357,0
146,4860,18,1,0,10,0.028,0
92,4288,16,1,1,10,0.142,0
151,4807,18,1,0,7,0.039,1
164,5040,11,1,1,7,0.008,0
164,7345,12,1,0,4,0.469,0
148,1806,8,1,0,10,0.204,0
174,1750,20,1,0,10,0.167,0
38,5022,13,1,0,10,0.004,0
41,6352,8,1,0,10,0.27,0
55,1579,13,1,1,9,0.053,0
27,18019,17,1,0,10,0.201,0
74,791,14,1,0,10,0.473,0
153,5745,20,1,1,10,0.149,0
70,1467,19,1,0,10,0.022,0
10,1828,19,2,0,10,0.219,0
181,1705,9,1,0,10,0.137,0
83,5345,13,1,1,10,0.069,0
44,16225,14,1,0,10,0.082,0
146,6521,20,1,0,1,0.304,0
193,1731,17,1,0,6,0.154,0
167,15622,8,1,0,10,0.041,0
81,12232,7,1,0,0,0.185,0
62,5418,16,1,1,10,0.084,0
161,1118,22,1,0,10,0.255,0
172,1187,18,2,0,8,0.209,0
171,5477,14,1,0,10,0.635,0
55,1553,11,1,0,0,0.035,0
77,4400,14,1,0,10,0.12,0
196,1061,18,1,0,10,0.293,0
113,57731,0,3,1,7,2.849,1
65,10706,22,1,0,10,0.286,0
142,2331,14,1,0,10,0.554,0
1,1507,6,2,0,10,0.005,0
117,6363,18,1,0,10,0.273,0
182,1138,16,1,0,10,0.241,0
37,1451,14,1,0,3,0.033,0
39,3737,14,1,0,10,0.253,0
121,6554,10,1,1,10,0.311,0
104,1126,11,1,0,10,0.249,0
25,6175,6,1,0,10,0.235,0
71,5428,9,1,0,3,0.086,0
66,4037,6,1,1,10,0.193,0
117,2784,9,1,0,8,0.443,0
135,4131,6,1,0,10,0.174,0
175,4569,13,1,0,10,0.086,0
65,14819,14,1,0,10,0.012,0
79,2900,22,1,1,10,0.42,0
145,5035,14,1,0,10,0.007,0
85,1300,20,1,0,4,0.133,0
97,12051,15,1,0,10,0.197,0
116,12778,18,1,0,10,0.148,0
180,1892,13,1,1,10,0.261,0
132,1654,13,1,0,8,0.103,0
159,7913,10,1,0,10,0.583,0
176,16715,20,1,0,10,0.114,0
145,2793,6,1,0,10,0.441,0
196,1721,14,1,0,10,0.147,0
21,1105,15,1,1,10,0.263,0
96,1867,15,1,0,4,0.245,0
174,1969,19,1,0,10,0.313,0
192,5850,10,1,0,10,0.17,0
192,3472,18,1,0,10,0.306,0
154,1193,16,1,0,10,0.205,0
119,2427,3,1,0,10,0.618,1
24,2239,13,2,1,0,0.493,0
77,3398,13,1,0,10,0.32,0
147,1035,3,1,0,10,0.31,1
40,5365,14,1,0,9,0.073,0
131,13008,10,1,0,6,0.133,0
63,6638,19,1,0,10,0.328,0
105,6712,15,1,0,10,0.342,0
8,1388,14,1,0,10,0.075,0
137,490,20,1,0,10,0.673,0
185,18199,15,2,0,10,0.213,0
29,1701,8,1,0,6,0.66,0
121,6204,13,1,0,10,0.241,0
168,2347,10,1,0,10,0.565,0
197,5089,11,1,1,10,0.018,0
54,2448,10,1,0,10,0.632,0
127,1859,11,1,1,10,0.239,0
198,12886,13,1,0,9,0.141,0
36,4479,12,1,0,10,0.104,0
38,5679,15,1,0,10,0.136,0
87,4176,6,1,1,10,0.165,0
120,1239,15,1,0,10,0.174,0
113,16227,13,1,0,10,0.082,0
99,4436,18,1,0,8,0.113,0
94,2045,17,1,0,10,0.363,0
52,1053,9,1,0,10,0.298,0
78,17359,12,1,1,10,2.472,1
17,4560,14,1,0,10,0.088,0
136,5433,19,1,0,10,0.087,0
179,1950,16,1,0,10,0.3,0
109,13339,17,1,0,10,0.111,0
161,1209,13,1,0,10,0.194,0
81,14267,13,1,0,10,0.049,0
62,7845,16,1,1,10,0.569,0
59,4161,17,1,0,10,0.168,0
103,50965,19,1,1,10,2.398,1
67,14419,18,1,0,10,0.039,0
3,1871,20,2,0,3,0.247,0
167,19271,16,1,1,10,0.285,0
111,11041,8,1,0,10,0.264,0
23,1759,10,1,0,10,0.173,0
5,50893,11,1,1,7,2.393,1
67,20883,1,1,0,10,0.392,1
32,4889,10,1,0,10,0.022,0
136,24174,4,3,1,7,3.835,1
141,3103,13,1,1,7,0.379,0
194,21289,20,1,0,10,0.419,0
172,1846,15,1,0,6,0.231,0
143,24935,12,1,1,10,0.662,0
114,2934,14,1,0,8,0.956,0
111,16579,15,1,0,10,0.105,0
155,12602,10,1,0,2,0.16,0
138,1889,13,1,0,10,0.259,0
86,4125,12,1,0,10,0.175,0
102,1186,13,1,0,10,0.209,0
118,11916,8,1,0,10,0.206,0
101,2963,9,1,0,10,0.407,0
39,6592,14,1,0,10,0.318,0
77,4958,12,1,1,10,0.008,0
86,6274,13,1,0,10,0.255,0
51,19833,22,1,0,2,0.322,0
124,2710,23,1,0,10,0.807,1
82,26118,0,1,0,7,0.741,1
74,5177,10,1,1,7,2.451,1
85,1619,14,1,0,10,0.079,0
38,2302,8,1,0,10,0.54,0
172,1251,19,1,0,7,0.166,1
128,1951,17,1,0,10,0.301,0
50,3732,10,1,1,10,0.254,0
172,1968,14,1,0,9,0.312,0
172,1101,13,1,0,10,0.266,0
110,3873,11,1,0,10,0.225,0
128,1219,11,1,0,10,0.187,0
118,20339,18,2,1,10,0.356,0
99,6575,13,1,0,10,0.315,0
16,3805,19,1,0,10,0.239,0
157,1628,14,1,0,10,0.085,0
187,13105,8,1,0,10,0.126,0
47,7697,14,1,0,10,0.487,0
95,7453,16,1,0,10,0.491,0
104,1390,9,1,0,10,0.073,0
134,18606,12,1,0,10,0.24,0
125,1803,15,1,0,9,0.202,0
35,14309,16,1,0,10,0.046,0
170,1394,13,1,0,10,0.071,0
176,4871,15,1,0,10,0.675,0
136,5022,13,1,0,10,0.004,0
140,11524,13,5,0,10,1.305,1
141,5586,9,1,0,10,0.117,0
63,5389,9,1,0,10,0.078,0
105,3859,6,1,0,10,0.228,0
92,5995,17,1,0,10,0.199,0
165,17747,21,1,0,10,0.183,0
141,5890,11,1,1,10,0.178,0
48,1945,20,1,0,10,0.297,0
199,1984,17,1,0,10,0.323,0
4,15915,4,1,0,10,0.061,1
38,4197,13,1,1,10,0.161,0
175,4695,16,1,0,3,0.061,0
134,14920,10,1,0,7,0.005,1
135,10112,3,1,0,10,1.022,1
195,19183,10,1,1,10,2.837,1
191,3372,12,1,0,10,0.326,0
188,12926,19,1,0,0,0.138,0
9,1665,6,1,0,10,0.11,0
5,57846,5,2,1,7,2.856,1
194,54952,2,3,1,10,2.663,1
41,5715,13,1,0,3,0.143,0
89,3032,17,1,0,10,0.394,0
105,5076,14,1,0,8,0.015,0
147,1118,12,1,0,10,0.255,0
126,17341,14,1,0,6,0.156,0
109,21662,10,1,0,10,0.444,0
185,13445,11,1,0,10,0.104,0
72,684,16,1,0,10,0.544,0
37,1329,11,1,0,10,0.114,0
137,1254,10,1,0,10,0.164,0
149,4472,12,1,0,8,0.106,0
133,1798,17,1,1,10,0.199,0
13,19153,9,1,0,10,0.277,0
149,3410,14,1,0,10,0.318,0
70,1509,20,1,0,10,0.006,0
48,435,14,1,0,9,0.71,0
188,14938,19,1,0,10,0.004,0
119,2006,13,1,0,10,0.337,0
140,5650,17,1,0,10,0.13,0
79,2849,17,1,0,10,0.43,0
110,4109,14,1,0,10,0.178,0
84,14243,14,1,0,10,0.05,0
175,4693,15,1,0,8,0.061,0
167,16483,22,1,0,10,0.099,0
196,1917,11,1,0,10,0.278,0
166,12468,7,1,0,10,0.169,0
123,1935,14,1,0,10,0.29,0
114,1716,9,1,1,10,0.144,0
145,4052,17,1,0,10,0.19,0
34,2115,9,1,0,6,0.41,0
55,1831,11,1,0,10,0.221,0
57,2110,15,1,0,10,0.407,0
106,20411,2,1,0,10,0.361,1
0,15277,14,1,0,3,0.018,0
106,11607,16,1,0,10,0.226,0
182,1146,19,1,0,0,0.236,0
177,2779,11,1,0,2,0.853,0
38,21426,5,3,1,10,3.285,1
19,4097,19,1,0,10,0.181,0
70,1084,10,1,0,8,0.277,0
16,5335,11,1,0,2,0.067,0
3,1046,13,1,0,0,0.303,0
25,3051,13,1,0,9,0.39,0
81,9385,7,1,0,10,0.374,0
152,1630,9,1,0,10,0.087,0
164,3772,13,1,0,10,0.246,0
175,6276,15,1,0,10,0.255,0
129,1654,9,1,0,2,0.103,0
111,16192,16,1,0,9,0.079,0
196,1206,6,1,1,10,0.196,0
18,2574,19,1,0,10,0.716,0
18,1955,2,1,0,10,0.303,1
27,13923,16,1,0,10,0.072,0
67,17064,12,2,0,10,0.138,0
68,16766,20,1,1,10,0.118,0
26,7098,13,1,0,10,0.42,0
83,5998,9,1,1,10,0.2,0
137,2036,15,1,0,10,0.357,0
118,60163,3,3,1,10,3.011,1
177,1711,17,1,0,10,0.141,0
15,5919,13,1,0,9,0.184,0
60,8880,17,1,0,10,0.408,0
19,6366,14,1,0,10,0.273,0
72,962,9,1,0,8,0.359,0
10,2764,11,4,0,10,0.843,1
24,1978,15,1,0,10,0.319,0
46,15278,19,1,0,7,0.019,1
138,748,9,1,0,10,0.501,0
118,10686,11,1,0,10,0.288,0
92,2210,17,1,0,9,0.558,0
58,18663,19,1,1,10,0.244,0
138,2293,12,1,0,10,0.529,0
116,15580,6,1,0,10,0.039,0
139,3130,17,1,0,10,0.374,0
162,1478,14,1,1,10,0.015,0
64,1683,11,2,0,10,0.122,0
195,7710,19,1,1,10,0.542,0
7,29064,14,5,0,10,0.938,1
193,1638,12,1,0,10,0.092,0
146,5245,13,1,1,10,0.049,0
38,4473,13,1,0,10,0.105,0
11,16452,11,1,0,10,0.097,0
179,2173,12,1,0,10,0.449,0
141,4029,15,1,0,10,0.194,0
137,2016,9,1,0,10,0.344,0
156,5116,12,1,1,10,2.411,1
89,19677,2,4,1,7,2.935,1
112,1262,16,1,0,4,0.159,0
3,1984,16,1,0,6,0.323,0
150,5682,13,1,0,4,0.136,0
3,1748,11,1,0,10,0.165,0
187,15893,23,1,0,10,0.06,1
23,641,18,1,0,10,0.573,0
186,5880,12,1,0,10,0.176,0
123,2662,17,1,0,10,0.775,0
177,1723,14,1,0,8,0.149,0
189,5642,14,1,0,10,0.128,0
190,53101,20,1,1,10,2.54,1
87,17025,10,1,1,10,2.405,1
190,12750,7,1,0,0,0.15,0
181,1093,10,1,0,10,0.271,0
197,4009,8,1,0,10,0.198,0
23,1836,19,1,0,6,0.224,0
175,6180,13,1,0,10,0.236,0
38,12706,10,4,0,10,1.541,1
130,1604,11,1,0,10,0.069,0
99,3794,12,1,0,10,0.241,0
145,4225,17,1,0,10,0.155,0
44,14713,12,1,1,6,0.019,0
0,18063,14,1,1,7,0.204,0
5,8498,22,1,0,10,0.433,0
189,4403,14,1,0,10,0.119,0
193,1462,15,1,0,10,0.025,0
139,5344,11,1,0,10,0.069,0
144,1023,21,2,0,10,0.318,0
131,9940,6,1,0,10,0.337,0
38,6451,11,1,0,9,0.29,0
76,6113,5,4,1,10,3.075,1
130,1426,15,1,0,3,0.049,0
69,6767,11,1,0,10,0.353,0
91,5140,19,1,1,10,2.427,1
185,19650,18,1,0,10,0.31,0
106,16728,8,1,0,9,0.115,0
35,6654,14,1,1,10,0.556,0
125,1410,6,1,0,10,0.06,0
164,5482,17,1,0,10,0.096,0
32,5281,10,1,0,10,0.056,0
184,20422,17,1,1,0,0.361,0
166,21618,10,1,0,10,0.441,0
83,5362,8,1,0,10,0.072,0
178,766,18,1,0,10,0.489,0
5,11950,12,1,0,10,0.203,0
12,15098,9,1,0,10,0.007,0
185,14888,12,1,1,10,0.007,0
135,5242,16,1,1,10,0.048,0
99,4229,18,1,0,10,0.154,0
74,1330,11,1,0,10,0.113,0
20,4452,21,1,0,10,0.11,0
178,5101,11,1,1,10,2.401,1
153,3640,14,1,0,10,0.272,0
4,18425,12,1,0,0,0.228,0
36,4482,14,1,0,10,0.104,0
108,10444,16,1,0,4,0.304,0
168,1940,20,1,0,2,0.293,0
155,13010,16,1,1,10,0.133,0
180,669,13,1,0,10,0.554,0
134,14322,12,1,0,10,0.045,0
160,5452,19,2,0,10,0.09,0
14,15460,13,1,0,10,0.031,0
19,6250,15,1,0,10,0.25,0
73,1916,6,1,0,10,0.277,0
107,1060,10,2,1,10,0.293,0
105,10293,18,1,1,10,1.059,0
14,18179,9,1,0,10,0.212,0
53,1150,13,1,0,10,0.77,0
125,1424,14,1,1,10,0.051,0
38,4718,8,1,0,10,0.056,0
93,9179,10,1,0,8,0.388,0
3,1398,13,1,0,10,0.068,0
138,998,9,1,0,10,0.335,0
24,2113,17,1,0,4,0.409,0
88,19094,22,1,0,7,0.273,0
60,50667,10,1,1,7,2.378,1
194,11930,22,1,0,2,0.205,0
122,14298,14,1,0,10,0.047,0
159,5290,15,1,0,10,0.058,0
185,9752,14,1,0,0,0.35,0
116,14395,16,1,0,7,0.04,1
43,5355,10,1,0,10,0.071,0
175,6611,14,1,0,10,0.322,0
145,4206,22,1,1,10,0.159,0
147,1878,21,1,0,10,0.252,0
68,11893,13,1,0,10,0.207,0
92,6136,10,1,0,10,0.227,0
25,6408,14,1,0,10,0.282,0
82,32286,9,5,0,7,1.152,1
107,6520,5,3,1,7,3.347,1
9,2150,13,1,0,10,0.433,0
108,14401,22,1,0,10,0.04,0
118,10616,11,1,0,10,0.292,0
100,1186,12,1,0,10,0.209,0
55,1723,9,1,0,10,0.149,0
121,5527,8,1,0,10,0.105,0
192,7018,21,1,0,1,0.404,0
113,66081,3,4,1,7,3.405,1
91,1514,14,1,0,7,0.009,1
3,2596,23,1,0,10,0.731,1
49,4927,17,2,0,3,0.015,0
81,17160,21,2,0,10,0.144,0
110,6039,10,2,0,10,0.208,0
121,8134,10,1,1,10,0.627,0
19,8046,12,1,0,10,0.609,0
80,627,14,1,0,10,0.582,0
197,7442,10,1,0,10,0.488,0
129,1226,10,1,0,10,0.183,0
39,6157,8,1,0,10,0.231,0
114,1293,12,1,0,7,0.138,1
38,6744,13,1,0,10,0.349,0
113,16134,15,1,0,10,0.076,0
64,886,14,1,0,10,0.409,0
17,5448,9,1,0,7,0.09,1
121,3900,15,2,0,10,0.22,0
75,5913,15,1,0,10,0.183,0
60,14189,14,1,0,10,0.054,0
63,6070,13,1,0,10,0.214,0
126,14805,15,1,1,2,0.013,0
40,7356,3,1,0,10,0.471,1
112,1135,16,1,1,8,0.243,0
49,4746,19,1,0,9,0.051,0
112,1069,14,1,0,0,0.287,0
169,5743,16,1,0,10,0.149,0
132,2154,14,1,1,10,0.436,0
18,1998,19,1,0,8,0.332,0
125,1612,6,1,1,10,0.075,0
16,4230,9,1,0,10,0.154,0
84,4827,9,1,0,10,0.678,0
124,942,10,1,0,8,0.372,0
145,5361,15,2,0,10,0.072,0
125,825,11,1,0,10,0.45,0
89,4036,14,1,0,10,0.193,0
92,8567,12,5,0,10,0.713,1
95,824,12,1,0,10,0.835,0
90,1362,22,1,1,10,0.092,0
168,1575,10,1,0,10,0.05,0
199,5054,13,1,1,10,2.369,1
13,21414,14,1,0,10,0.428,0
3,2429,10,1,0,10,0.619,0
188,14026,17,1,0,10,0.065,0
182,805,15,1,0,10,0.463,0
155,17153,16,1,0,10,0.144,0
154,1499,16,1,0,10,0.001,0
105,4628,14,1,1,10,0.074,0
183,1637,15,2,0,10,0.091,0
109,21001,15,1,1,10,0.4,0
197,4205,6,1,1,10,0.159,0
89,16453,14,1,1,7,2.291,1
166,13548,20,1,0,7,0.097,1
106,18486,11,1,1,10,0.232,0
28,16011,12,1,0,10,0.067,0
190,9256,19,1,0,2,0.383,0
98,6993,7,1,0,10,0.534,0
191,4840,17,1,0,9,0.032,0
96,6049,4,2,1,10,3.033,1
142,2206,19,1,0,10,0.471,0
52,937,11,1,0,10,0.375,0
41,5425,12,1,0,10,0.085,0
100,625,17,1,0,5,0.583,0
87,3512,15,1,0,10,0.298,0
171,15020,6,1,0,10,0.001,0
175,5680,22,1,1,10,0.136,0
95,6006,16,2,1,10,0.201,0
194,14838,15,1,0,10,0.011,0
107,1947,14,1,0,10,0.298,0
82,9351,13,1,0,10,0.377,0
122,14740,18,1,0,10,0.017,0
18,1487,10,2,0,10,0.009,0
26,4072,14,1,0,10,0.186,0
86,6488,20,1,0,10,0.298,0
70,1352,15,1,1,4,0.099,0
35,20958,15,1,0,10,0.397,0
86,5906,18,1,0,4,0.181,0
29,3379,20,1,0,10,0.324,0
107,250,9,1,0,7,0.833,0
20,6968,14,1,0,10,0.394,0
153,5017,15,1,0,10,0.003,0
16,4362,17,1,0,10,0.128,0
116,20971,16,1,0,10,0.398,0
71,2304,6,1,0,10,0.539,0
111,17892,10,1,0,10,0.193,0
68,13925,15,1,0,10,0.072,0
52,2045,14,1,0,10,0.363,0
51,14696,18,1,1,5,0.02,0
97,7792,9,1,0,6,0.481,0
159,2613,16,1,1,10,0.477,0
26,7247,12,1,0,10,0.449,0
0,16840,16,1,1,10,0.123,0
135,3708,15,2,0,10,0.258,0
94,2155,20,1,0,10,0.437,0
101,2776,19,1,0,10,0.445,0
153,4379,12,1,0,5,0.124,0
8,1460,10,1,0,10,0.027,0
99,6032,12,1,0,10,0.206,0
71,3622,14,1,0,10,0.276,0
46,6943,15,1,0,10,0.537,0
42,1608,19,1,0,7,0.072,1
65,15489,12,1,0,10,0.033,0
18,1254,14,1,0,5,0.164,0
157,1774,18,1,1,10,0.183,0
24,1878,9,1,0,10,0.252,0
152,610,16,1,0,10,0.593,0
87,5024,12,1,0,10,0.005,0
28,16077,12,1,0,8,0.072,0
16,4943,13,1,0,7,0.011,0
128,872,18,1,0,4,0.419,0
199,2521,6,1,0,10,0.681,0
46,16929,9,1,0,0,0.129,0
72,1669,12,1,0,10,0.113,0
75,4505,6,1,0,10,0.099,0
184,14452,16,1,0,10,0.037,0
66,7695,20,1,0,10,0.539,0
25,5864,11,1,0,10,0.173,0
40,6175,14,1,0,10,0.235,0
12,8878,20,1,0,8,0.408,0
198,17279,15,1,0,7,0.152,0
14,16346,7,1,0,10,0.09,0
24,1787,17,2,1,5,0.191,0
180,1759,13,1,0,10,0.173,0
138,6074,1,2,1,7,3.049,1
23,2184,20,1,0,10,0.456,0
65,15856,13,1,1,10,0.057,0
172,2731,14,1,0,0,0.821,0
139,3802,13,1,0,0,0.24,0
157,2249,10,1,0,10,0.499,0
153,6124,16,1,0,10,0.225,0
11,55236,9,1,1,10,2.682,1
70,1239,14,1,0,10,0.174,0
47,14666,12,1,1,10,0.022,0
59,17193,11,1,1,10,2.439,1
120,784,20,1,1,10,0.477,0
116,13983,8,1,0,7,0.068,1
7,13423,19,1,1,10,0.105,0
28,15135,13,1,0,10,0.009,0
23,5997,0,4,1,10,2.998,1
27,19575,8,1,0,1,0.305,0
64,2160,11,5,0,10,0.44,1
61,5337,7,1,0,10,0.067,0
27,21660,14,1,0,10,0.444,0
89,5876,6,2,1,10,0.175,0
59,4007,11,1,0,10,0.199,0
186,3935,8,1,0,10,0.213,0
184,17145,16,1,0,10,0.143,0
47,18437,13,1,0,10,0.229,0
96,2332,16,1,1,10,0.555,0
43,4405,18,1,0,7,0.119,0
57,1122,10,1,0,10,0.252,0
166,14995,14,1,0,10,0.0,0
45,477,14,1,0,10,0.682,0
80,1505,15,1,0,10,0.003,0
58,23710,14,1,0,10,0.581,0
109,57638,3,3,1,10,2.843,1
69,6266,22,1,0,10,0.253,0
114,913,9,1,0,10,0.391,0
130,1739,14,1,0,10,0.159,0
81,9265,14,1,1,10,0.382,0
163,4610,15,1,0,10,0.078,0
124,1792,10,1,1,10,0.195,0
100,931,16,1,0,7,0.379,0
111,19448,13,1,0,10,0.297,0
4,23798,19,4,0,10,0.587,1
187,17736,6,1,1,10,0.182,0
175,6164,7,1,0,10,0.233,0
88,14067,15,1,0,10,0.062,0
107,1154,10,1,1,4,0.231,0
84,13948,13,2,0,7,0.07,0
33,5271,20,1,1,7,2.514,1
198,15492,16,1,0,8,0.033,0
192,3157,6,1,1,10,0.369,0
25,6030,10,1,0,10,0.206,0
185,17698,17,1,1,10,0.18,0
107,2003,6,1,0,3,0.335,0
168,1761,17,1,0,10,0.174,0
162,1709,15,1,0,8,0.139,0
45,1522,18,1,0,10,0.015,0
141,3166,10,1,0,10,0.367,0
152,1037,11,1,0,10,0.309,0
51,13600,16,1,1,10,0.093,0
68,63806,4,2,1,10,3.254,1
143,15609,15,1,0,10,0.041,0
128,1315,14,1,0,10,0.123,0
33,1646,8,1,1,10,0.097,0
31,12938,10,1,0,10,0.137,0
85,1911,18,1,0,10,0.274,0
162,510,15,1,1,10,0.66,0
21,1306,11,1,0,10,0.129,0
186,3878,11,1,0,10,0.224,0
67,9035,20,1,0,10,0.398,0
36,3966,22,1,0,0,0.207,0
76,1811,12,1,0,1,0.207,0
109,13801,10,1,0,10,0.08,0
160,17472,14,1,1,10,2.494,1
142,2382,8,1,1,10,0.588,0
16,4205,16,1,0,10,0.159,0
21,937,8,1,0,10,0.375,0
37,1777,14,2,1,10,0.185,0
126,14291,13,1,0,10,0.047,0
131,16945,6,1,0,10,0.13,0
44,15372,18,1,0,10,0.025,0
75,3699,17,1,0,4,0.26,0
144,1427,11,1,0,3,0.049,0
75,4362,7,2,0,10,0.128,0
41,4328,13,1,0,10,0.134,0
75,7518,15,1,0,10,0.504,0
105,5872,15,1,0,10,0.174,0
35,16575,8,1,0,10,0.105,0
190,16186,18,1,1,10,0.079,0
78,8638,10,4,0,10,0.728,1
193,573,14,1,0,10,0.618,0
143,13913,11,1,0,6,0.072,0
123,1336,13,1,0,10,0.109,0
25,5292,14,1,0,10,0.058,0
115,6297,14,1,0,10,0.259,0
185,9446,10,1,0,10,0.37,0
195,4423,11,1,0,10,0.115,0
86,4580,10,1,0,7,0.084,1
25,6393,19,2,0,10,0.279,0
173,2181,18,1,0,10,0.564,0
179,748,12,1,0,2,0.501,0
162,2592,7,1,0,10,0.728,0
157,833,11,1,0,10,0.445,0
13,17079,8,1,0,10,0.139,0
146,6750,8,1,0,10,0.35,0
147,1115,9,1,0,10,0.257,0
189,11995,1,1,0,10,1.399,1
190,10485,7,1,0,10,0.301,0
157,935,17,1,0,1,0.377,0
79,4627,10,1,1,10,0.075,0
145,7034,16,1,0,10,0.407,0
170,2428,17,1,0,10,0.619,0
42,1532,19,1,1,10,0.021,0
90,1706,17,1,0,0,0.137,0
138,1380,13,1,0,8,0.08,0
45,1284,17,1,0,8,0.144,0
197,7038,15,1,0,10,0.408,0
73,1436,11,1,0,10,0.043,0
165,5233,12,1,0,10,0.651,0
92,6285,18,2,0,10,0.257,0
129,1824,10,1,0,10,0.216,0
185,18256,21,1,0,9,0.217,0
122,31578,11,3,0,7,1.105,1
163,4905,12,1,1,9,0.019,0
89,6025,11,1,0,10,0.205,0
13,8961,18,1,0,10,0.403,0
131,11821,14,1,0,10,0.212,0
56,6911,18,1,0,10,0.382,0
145,3692,6,1,0,10,0.262,0
22,6073,13,1,0,10,0.215,0
13,15620,12,1,0,4,0.041,0
51,8728,11,1,1,10,0.418,0
57,2058,13,1,0,0,0.372,0
34,1388,17,1,0,7,0.075,0
173,7691,11,1,0,10,0.538,0
181,3446,19,4,0,10,1.297,1
41,4300,17,1,0,7,0.14,0
196,1443,21,1,0,10,0.038,0
40,7305,23,1,0,10,0.461,1
166,17290,11,1,0,4,0.153,0
196,5083,15,1,1,10,2.389,1
100,1791,12,1,0,10,0.194,0
54,1733,13,1,1,7,0.155,0
77,5030,17,1,0,10,0.006,0
177,1562,12,1,0,10,0.041,0
125,2697,16,1,1,10,0.798,0
147,1123,9,1,0,7,0.251,0
20,4179,11,1,0,2,0.164,0
57,747,14,1,0,10,0.502,0
98,17601,14,1,1,10,0.173,0
105,4242,22,1,0,10,0.152,0
117,4536,10,1,0,0,0.093,0
113,13875,11,1,0,10,0.075,0
88,14837,15,1,0,10,0.011,0
29,2115,20,1,0,10,0.577,0
20,5394,1,1,0,10,0.079,1
171,15399,10,1,0,7,0.027,0
34,1699,8,1,0,10,0.133,0
55,595,15,1,0,10,0.603,0
25,5301,12,1,0,6,0.06,0
175,8278,12,1,0,10,0.656,0
140,3708,15,1,0,5,0.258,0
90,1885,15,1,1,10,0.257,0
5,10267,13,1,0,10,0.316,0
6,7975,20,1,0,10,0.468,0
111,12560,18,1,0,5,0.163,0
163,6716,18,1,1,10,0.343,0
56,5494,15,1,1,10,0.099,0
139,4418,10,1,0,10,0.116,0
164,5923,6,1,0,10,0.185,0
64,1833,19,2,0,10,0.222,0
126,12890,17,1,0,10,0.141,0
89,7059,13,1,0,10,0.412,0
67,20145,11,1,0,10,0.343,0
121,7596,10,1,0,10,0.519,0
1,1630,2,1,0,10,0.087,1
170,521,10,1,1,10,0.653,0
178,1232,6,1,0,10,0.179,0
16,4422,13,1,1,8,0.116,0
36,8589,9,1,1,10,0.718,0
155,15979,15,1,0,10,0.065,0
97,17107,17,1,0,10,0.14,0
66,4443,18,1,0,10,0.111,0
48,1029,13,1,0,10,0.314,0
43,6104,17,1,0,10,0.221,0
174,1159,14,1,0,1,0.227,0
87,5785,20,1,0,10,0.157,0
36,3166,10,1,0,10,0.367,0
42,809,10,1,1,10,0.461,0
67,16830,11,1,0,10,0.122,0
133,2338,15,1,0,10,0.559,0
170,2043,6,1,0,10,0.362,0
163,2701,14,1,0,10,0.46,0
26,4743,16,1,1,10,0.051,0
9,1296,8,1,1,10,0.136,0
11,15541,15,1,1,10,0.036,0
12,24568,14,1,1,10,0.638,0
23,1552,21,1,0,10,0.035,0
158,4567,14,1,0,10,0.087,0
158,4723,13,1,0,10,0.055,0
145,5513,15,1,0,10,0.103,0
191,5618,8,2,0,10,0.124,0
4,12010,13,1,1,10,0.199,0
129,1040,16,1,0,6,0.307,0
30,16550,12,1,0,10,0.103,0
102,1119,6,1,0,10,0.254,0
143,10729,17,1,0,10,0.285,0
62,5816,19,1,0,10,0.163,0
113,9513,17,1,0,9,0.366,0
153,5225,12,1,0,10,0.045,0
163,4994,18,1,0,10,0.001,0
164,2965,13,1,0,10,0.407,0
86,5934,6,1,0,10,0.187,0
194,14386,11,1,0,7,0.041,1
134,6155,17,1,0,1,0.59,0
44,15086,12,1,0,10,0.006,0
169,4892,12,1,0,10,0.022,0
167,19300,7,1,0,10,0.287,0
10,1781,13,2,1,10,0.187,0
147,622,10,1,0,10,0.585,0
20,6895,11,1,1,10,0.379,0
110,5565,12,1,0,0,0.113,0
26,4633,9,1,0,5,0.073,0
100,2114,14,1,0,10,0.409,0
181,2338,11,1,0,10,0.559,0
124,1890,14,1,0,10,0.26,0
195,5254,7,1,0,10,0.051,0
37,1720,20,1,0,10,0.147,0
153,3737,12,2,0,10,0.253,0
10,1919,12,1,0,10,0.279,0
81,14639,19,2,0,10,0.024,0
58,22049,11,1,0,10,0.47,0
144,462,12,1,0,10,0.692,0
155,11997,15,1,0,10,0.2,0
130,1923,11,1,0,10,0.282,0
101,5626,21,1,0,10,0.125,0
108,14469,12,1,0,10,0.035,0
176,20593,17,1,1,10,0.373,0
73,2954,0,1,0,10,0.969,1
10,1359,9,2,0,2,0.094,0
89,6492,16,1,1,10,0.298,0
58,10936,12,1,0,10,0.271,0
4,11636,14,1,0,10,0.224,0
61,6203,20,1,0,5,0.241,0
188,11176,14,1,0,10,0.255,0
6,20786,3,1,0,10,0.386,1
35,32187,17,4,0,10,1.146,1
183,5360,9,1,1,10,2.573,1
109,65371,0,2,1,7,3.358,1
27,9499,14,1,0,10,0.367,0
8,2013,14,2,0,10,0.342,0
43,6025,13,1,0,10,0.205,0
167,13733,6,1,1,10,0.084,0
170,5165,20,1,1,10,2.443,1
165,13723,10,1,0,10,0.085,0
38,5881,17,1,0,10,0.176,0
109,8095,17,1,1,10,0.46,0
22,6919,10,1,0,4,0.384,0
126,10058,14,1,0,10,0.329,0
121,5781,16,1,0,10,0.156,0
9,2483,0,1,0,7,0.655,1
158,7211,16,1,0,10,0.442,0
69,7110,9,1,0,10,0.422,0
166,14851,11,1,0,6,0.01,0
169,5882,12,1,1,6,0.176,0
75,5668,14,1,0,10,0.134,0
3,1424,11,1,0,10,0.051,0
100,1062,12,1,0,10,0.292,0
42,1414,19,1,0,10,0.057,0
52,1403,14,1,0,7,0.065,1
46,12253,22,1,0,10,0.183,0
54,1730,6,1,0,10,0.153,0
100,2286,12,1,0,0,0.524,0
12,13386,18,1,0,10,0.108,0
90,1053,13,1,0,10,0.298,0
165,18341,13,1,0,10,0.223,0
101,6121,16,1,0,10,0.224,0
44,11280,14,1,0,10,0.248,0
85,2314,10,1,0,5,0.543,0
168,4169,17,4,0,7,1.779,1
160,2681,17,1,0,9,0.464,0
16,7512,15,1,0,10,0.502,0
105,3736,12,1,1,10,0.253,0
120,994,13,1,0,10,0.337,0
36,19471,4,3,1,10,2.894,1
44,16595,17,1,0,10,0.106,0
47,16241,8,1,0,10,0.083,0
11,10921,16,1,1,7,0.272,0
59,4804,15,1,0,0,0.039,0
101,5028,11,1,1,10,0.006,0
48,1705,14,1,1,10,0.137,0
115,5301,18,1,0,10,0.06,0
127,1294,13,1,0,10,0.137,0
47,9401,6,1,0,10,0.373,0
53,4471,14,2,1,10,0.106,0
62,2737,15,1,1,10,0.453,0
177,2068,19,1,0,10,0.379,0
99,4027,11,1,0,10,0.195,0
30,20342,12,1,0,10,0.356,0
115,5003,12,1,0,10,0.001,0
88,22267,11,1,0,10,0.484,0
91,2816,3,1,0,7,0.877,1
157,1834,16,1,1,10,0.223,0
144,717,15,1,0,5,0.522,0
182,887,17,1,0,10,0.409,0
124,2304,14,1,0,10,0.536,0
86,4269,11,1,0,0,0.146,0
49,3368,12,1,0,10,0.326,0
141,4478,16,1,0,10,0.104,0
14,14588,21,1,0,10,0.027,0
17,3923,13,1,0,10,0.215,0
22,5410,13,1,0,10,0.082,0
24,1702,19,1,1,10,0.135,0
84,13562,11,1,0,7,0.096,1
137,1382,17,1,0,7,0.079,0
199,3244,19,5,0,10,1.163,1
48,2022,11,1,0,10,0.348,0
118,14920,13,1,0,10,0.005,0
178,1468,18,1,0,5,0.021,0
194,20162,22,1,0,8,0.344,0
16,6534,21,1,1,10,0.307,0
196,925,17,1,0,7,0.383,0
103,10029,14,1,0,10,0.331,0
187,18449,11,1,1,4,0.23,0
28,9944,8,1,1,10,0.337,0
122,16335,13,1,0,10,0.089,0
32,3460,11,1,0,10,0.308,0
13,11777,16,1,0,10,0.215,0
44,19531,18,1,0,10,0.302,0
147,1350,14,2,0,0,0.1,0
86,8607,20,2,0,10,0.721,0
27,14195,6,1,0,10,0.054,0
179,1650,22,1,0,10,0.1,0
85,1217,10,1,0,10,0.189,0
98,10030,11,1,0,10,0.331,0
147,1127,17,1,1,10,0.249,0
62,7964,2,1,0,7,0.593,1
182,1300,12,1,0,10,0.133,0
67,15570,16,1,0,10,0.038,0
77,5847,15,1,0,10,0.169,0
139,5437,11,1,0,10,0.087,0
13,19950,16,1,0,10,0.33,0
158,4302,8,1,1,10,0.14,0
67,13521,8,1,0,10,0.099,0
101,5673,14,1,0,9,0.135,0
151,5912,13,1,0,10,0.182,0
126,9850,16,1,0,10,0.343,0
42,1629,16,2,0,10,0.086,0
167,12101,10,1,0,10,0.193,0
134,12958,8,1,1,10,0.136,0
111,12096,20,1,0,10,0.194,0
30,19203,12,1,1,10,0.28,0
36,5826,13,1,1,10,0.165,0
111,19836,14,1,0,10,0.322,0
127,1597,17,1,0,10,0.065,0
147,1655,6,1,0,10,0.103,0
178,936,13,1,1,10,0.376,0
16,4507,15,1,0,10,0.099,0
194,13213,9,1,0,10,0.119,0
81,17659,20,1,0,8,0.177,0
90,1988,22,1,0,10,0.325,0
101,2723,14,1,0,10,0.455,0
10,1151,12,1,0,10,0.233,0
183,832,11,1,0,5,0.445,0
103,8364,15,1,0,10,0.442,0
145,6080,16,1,0,10,0.216,0
141,8130,15,1,0,10,0.626,0
32,4878,20,1,0,9,0.024,0
115,5491,19,1,0,10,0.098,0
199,1512,14,1,0,10,0.008,0
169,4249,9,1,0,10,0.15,0
179,1223,10,1,0,10,0.185,0
84,19130,12,1,0,10,0.275,0
57,2469,16,1,0,10,0.646,0
77,3748,16,2,0,10,0.25,0
27,19231,8,1,0,10,0.282,0
31,20940,16,1,0,10,0.396,0
183,1437,19,1,0,10,0.042,0
4,13964,15,1,0,1,0.069,0
144,2536,11,1,0,10,0.691,0
25,5255,12,1,0,5,0.051,0
9,1395,18,1,0,10,0.07,0
6,11799,6,1,0,10,0.213,0
66,17540,17,1,1,10,2.508,1
72,1419,7,1,0,10,0.054,0
34,2288,3,1,0,10,0.525,1
141,6734,14,1,0,10,0.347,0
95,6621,2,1,0,10,0.324,1
151,5357,12,1,0,10,0.071,0
186,3845,14,1,0,1,0.231,0
44,12384,10,1,0,4,0.174,0
94,1201,16,1,0,10,0.199,0
85,1727,19,1,1,10,0.151,0
197,5732,9,1,0,10,0.146,0
169,5610,10,1,0,5,0.122,0
52,1505,20,1,1,10,0.003,0
158,9024,10,5,0,7,0.805,1
162,1790,15,1,0,10,0.193,0
176,10769,13,2,1,0,0.282,0
60,10388,6,1,0,10,0.307,0
85,792,11,1,0,10,0.472,0
120,100,15,1,0,10,0.933,0
167,16761,7,1,0,5,0.117,0
186,4653,15,1,0,10,0.069,0
86,3252,10,1,1,10,0.35,0
2,5347,21,1,1,10,0.069,0
48,2227,14,3,0,10,0.485,1
167,20166,8,1,0,10,0.344,0
191,4066,9,1,0,10,0.187,0
24,1564,22,1,0,1,0.043,0
25,3726,14,1,1,10,0.255,0
0,11496,11,1,0,10,0.234,0
106,9415,6,1,0,10,0.372,0
116,12973,15,1,0,10,0.135,0
13,60082,4,2,1,7,3.005,1
124,2024,12,1,0,10,0.349,0
176,54869,3,2,1,10,2.658,1
16,8081,23,1,0,10,0.616,1
45,920,14,1,0,10,0.387,0
3,5549,8,1,1,10,2.699,1
136,6186,17,1,1,10,0.237,0
174,1745,10,1,0,10,0.163,0
178,1859,16,1,0,2,0.239,0
172,1884,13,1,0,10,0.256,0
146,4951,12,1,0,10,0.01,0
162,1361,15,1,0,10,0.093,0
185,16567,11,1,0,2,0.104,0
51,12363,11,1,0,10,0.176,0
192,3118,17,1,0,4,0.376,0
15,5922,14,1,0,10,0.184,0
32,5151,10,1,0,7,0.03,1
113,17295,15,1,0,10,0.153,0
161,1597,6,1,0,10,0.065,0
53,4187,12,1,0,10,0.163,0
183,1337,12,1,0,10,0.109,0
83,4462,12,1,0,10,0.108,0
119,1099,11,1,0,8,0.267,0
22,20517,5,4,1,7,3.103,1
119,1196,17,1,0,10,0.203,0
150,7236,3,1,0,10,0.447,1
135,4990,14,1,0,10,0.002,0
197,5311,15,1,0,3,0.062,0
28,23187,13,1,0,5,0.546,0
58,55534,0,3,1,7,2.702,1
186,5228,11,1,0,4,0.046,0
168,1211,13,1,0,10,0.193,0
63,6892,20,1,0,10,0.378,0
2,4409,16,1,1,10,0.118,0
146,3512,14,1,0,10,0.298,0
135,22241,3,4,1,10,3.448,1
92,7694,9,1,1,10,0.539,0
110,7748,11,1,0,10,0.55,0
137,2336,8,1,0,10,0.557,0
93,20333,18,1,0,10,0.356,0
94,1621,20,1,0,10,0.081,0
187,19504,18,1,0,10,0.3,0
103,17315,9,1,0,10,0.154,0
118,8310,19,1,0,10,0.446,0
178,1401,11,1,0,4,0.066,0
93,16870,11,1,0,10,0.125,0
156,2467,16,1,0,7,0.645,0
13,15286,16,1,0,10,0.019,0
124,1499,21,1,1,7,0.001,0
104,2469,8,1,0,10,0.646,0
103,15172,17,1,0,10,0.011,0
146,18990,14,1,1,7,2.798,1
74,1957,17,1,0,10,0.305,0
128,1885,12,1,0,10,0.257,0
145,4720,13,1,0,10,0.056,0
179,923,12,1,0,10,0.385,0
86,4626,14,1,0,10,0.075,0
138,1752,13,1,0,10,0.168,0
55,2492,12,1,0,10,0.661,0
21,976,15,1,0,10,0.349,0
153,5623,13,1,0,10,0.125,0
190,10409,15,1,0,6,0.306,0
32,3031,18,1,0,10,0.394,0
194,13657,13,1,0,10,0.09,0
163,3728,15,2,0,10,0.254,0
180,1588,8,1,0,7,0.059,1
145,7197,20,1,0,10,0.439,0
105,7230,16,1,0,4,0.446,0
150,5138,19,1,0,10,0.028,0
160,2020,16,1,0,10,0.596,0
193,690,11,1,1,10,0.54,0
83,6270,15,1,0,10,0.254,0
123,1111,18,1,0,10,0.259,0
79,3743,20,1,0,10,0.251,0
168,1995,15,1,0,10,0.33,0
97,15270,18,1,0,2,0.018,0
191,100,13,1,0,10,0.98,0
103,13964,18,1,0,10,0.069,0
120,5848,5,2,1,10,2.899,1
114,566,11,1,1,5,0.623,0
21,3123,15,4,0,10,1.082,1
155,10118,11,1,1,10,0.325,0
37,5453,17,1,1,10,2.635,1
194,20853,13,2,0,10,0.39,0
126,17161,13,1,0,10,0.144,0
22,5932,12,1,1,9,0.186,0
95,5036,19,1,0,10,0.007,0
187,16672,11,1,0,10,0.111,0
9,1746,11,1,0,8,0.164,0
141,4606,16,1,0,10,0.079,0
55,1128,10,1,0,10,0.248,0
161,1054,16,1,0,8,0.297,0
30,21177,6,1,0,10,0.412,0
39,6673,2,1,0,10,0.335,1
193,2430,16,1,0,10,0.62,0
186,17524,19,1,1,7,2.505,1
36,3163,12,1,0,10,0.367,0
45,6671,3,4,1,7,3.447,1
117,5337,22,1,0,10,0.067,0
152,1731,7,1,0,10,0.154,0
57,1255,14,1,0,10,0.163,0
91,1458,18,1,0,6,0.028,0
123,2415,8,1,1,0,0.61,0
75,9559,8,5,0,7,0.912,1
111,17388,13,1,0,10,0.159,0
6,17234,14,1,0,10,0.149,0
165,14424,14,1,0,10,0.038,0
86,4565,6,2,0,10,0.087,0
4,10681,8,1,0,6,0.288,0
192,5188,18,1,0,10,0.038,0
105,3257,16,1,0,10,0.349,0
113,5349,15,1,0,10,0.643,0
65,12013,13,1,0,4,0.199,0
113,13343,1,1,0,7,0.11,1
20,21227,2,4,1,7,3.245,1
116,13011,12,1,0,10,0.133,0
55,1725,17,2,0,10,0.15,0
113,54204,14,1,1,7,2.614,1
35,15310,10,1,0,10,0.021,0
154,1203,11,1,1,10,0.198,0
148,1858,16,1,1,10,0.239,0
130,2615,18,1,0,10,0.743,0
16,5287,19,1,0,10,0.057,0
53,5445,14,1,0,10,0.089,0
3,1902,16,2,0,10,0.268,0
56,17967,20,1,1,10,2.593,1
8,1165,17,1,0,10,0.223,0
108,12313,19,1,0,10,0.179,0
21,1670,21,1,0,10,0.113,0
142,1474,15,1,0,1,0.017,0
184,15869,13,1,0,5,0.058,0
17,4611,12,1,1,10,0.078,0
1,1240,13,1,0,10,0.173,0
30,19668,15,2,0,10,0.311,0
122,16128,13,1,0,10,0.075,0
195,3462,6,1,0,10,0.308,0
164,3534,13,1,0,10,0.293,0
94,1471,19,1,0,10,0.019,0
89,7294,7,1,0,2,0.459,0
32,3742,18,1,1,10,0.252,0
80,1632,15,1,1,10,0.088,0
13,18830,11,1,0,10,0.255,0
103,12289,7,1,0,6,0.181,0
20,4840,13,1,0,8,0.032,0
130,2516,20,4,0,10,0.677,1
74,1831,14,1,0,10,0.221,0
191,5605,22,1,0,10,0.121,0
55,1856,13,1,1,10,0.237,0
16,6063,14,1,0,3,0.213,0
161,1211,15,1,0,10,0.193,0
106,20090,12,1,0,10,0.339,0
43,2887,11,1,0,1,0.423,0
41,3451,18,1,0,10,0.31,0
74,1613,10,1,0,10,0.075,0
62,6345,20,1,0,7,0.269,0
151,5493,16,1,0,10,0.099,0
79,4008,19,1,0,10,0.198,0
121,7410,6,1,0,10,0.482,0
115,4810,10,1,1,10,0.038,0
158,4729,17,1,0,7,0.054,1
23,2029,7,1,0,9,0.353,0
181,980,12,1,0,4,0.347,0
150,5810,17,1,0,10,0.162,0
183,1917,13,1,0,10,0.278,0
125,842,6,1,0,10,0.439,0
97,14796,13,1,0,10,0.014,0
139,3764,15,1,0,9,0.247,0
40,5307,13,1,0,10,0.061,0
36,5104,13,1,0,10,0.021,0
179,2028,9,1,1,10,0.352,0
91,1291,7,1,0,10,0.139,0
48,1396,10,1,1,8,0.069,0
8,2352,13,1,0,3,0.568,0
125,961,14,1,0,1,0.359,0
130,3205,16,5,0,10,1.137,1
54,1838,18,1,0,10,0.225,0
54,1217,14,1,1,4,0.189,0
106,14675,13,1,0,10,0.022,0
190,16358,14,1,1,10,0.091,0
28,10689,11,1,0,10,0.287,0
7,15779,11,1,0,10,0.052,0
192,8621,23,1,0,7,0.724,1
53,6373,11,1,0,10,0.275,0
160,4926,16,1,0,10,0.015,0
129,1995,21,1,0,10,0.33,0
70,894,18,1,0,10,0.404,0
47,17594,19,1,0,1,0.173,0
174,1363,13,1,0,10,0.091,0
127,1977,10,1,0,3,0.318,0
29,3645,11,1,1,10,0.271,0
43,3995,8,1,0,10,0.201,0
24,1088,16,1,0,10,0.275,0
187,18987,4,1,0,10,0.266,1
149,22953,2,4,1,10,3.591,1
58,22848,10,1,0,10,0.523,0
174,1366,6,1,0,10,0.089,0
21,1854,15,2,0,10,0.236,0
109,13245,13,1,0,10,0.117,0
172,1011,13,1,1,10,0.326,0
55,2918,15,5,0,10,0.945,1
186,6811,11,1,0,10,0.362,0
142,729,10,1,0,10,0.514,0
109,14923,16,1,0,10,0.005,0
116,9627,14,1,0,10,0.358,0
33,2388,6,1,0,10,0.592,0
138,1693,14,1,0,7,0.129,1
113,14264,14,1,0,3,0.049,0
161,1160,20,1,0,10,0.227,0
40,3337,20,1,0,10,0.333,0
142,1607,13,1,0,5,0.071,0
178,1906,8,1,0,3,0.271,0
73,1193,12,1,1,10,0.205,0
194,19727,17,1,0,10,0.315,0
33,1258,11,1,0,5,0.161,0
195,5197,13,1,0,10,0.039,0
37,659,13,1,0,10,0.561,0
74,1578,13,1,0,7,0.052,1
51,19767,11,2,0,10,0.318,0
190,15493,16,1,0,10,0.033,0
125,456,11,2,0,10,0.696,0
40,3564,10,1,0,10,0.287,0
51,8743,21,1,0,7,0.417,0
154,1542,11,1,1,10,0.028,0
157,1527,19,1,0,10,0.018,0
53,16624,13,1,1,7,2.325,1
165,13739,17,1,0,10,0.084,0
191,3205,15,1,0,8,0.359,0
153,5369,15,1,0,10,0.074,0
147,1089,10,1,0,10,0.274,0
186,4723,11,1,0,8,0.055,0
143,23761,17,1,0,10,0.584,0
134,16343,9,1,0,10,0.09,0
123,1633,15,1,0,10,0.089,0
164,5208,17,1,1,5,0.042,0
15,5984,9,1,0,0,0.197,0
119,1391,12,1,0,10,0.073,0
105,4825,13,1,0,10,0.035,0
42,972,7,1,0,10,0.352,0
69,6126,6,1,0,6,0.225,0
42,1706,16,1,0,2,0.137,0
112,1818,18,1,0,10,0.212,0
159,3709,13,1,0,10,0.258,0
60,36637,15,3,0,7,1.442,1
16,5019,18,1,0,10,0.004,0
119,963,13,1,0,10,0.358,0
196,1151,11,2,0,10,0.233,0
170,2018,18,1,0,10,0.345,0
27,22589,20,1,0,10,0.506,0
0,13776,17,1,0,10,0.082,0
67,24306,14,5,0,10,0.62,1
63,2879,14,1,0,4,0.424,0
53,6394,9,1,0,10,0.279,0
147,3463,16,1,1,6,1.309,0
185,21680,11,1,0,10,0.445,0
147,639,15,1,0,10,0.574,0
170,841,8,1,0,10,0.439,0
176,17885,11,1,0,10,0.192,0
179,1062,19,1,0,10,0.292,0
1,1087,17,1,0,10,0.275,0
45,1693,6,1,0,10,0.129,0
175,4790,15,1,0,10,0.042,0
157,197,19,1,0,10,0.869,0
128,2055,11,1,0,10,0.37,0
131,19121,15,1,0,10,0.275,0
113,24383,3,1,0,7,0.626,1
195,5382,19,1,1,10,0.076,0
59,5574,16,1,0,10,0.115,0
52,1700,7,1,0,10,0.133,0
84,16332,13,1,0,10,0.089,0
168,1511,18,1,0,10,0.007,0
116,19643,8,1,0,5,0.31,0
32,4351,12,1,0,3,0.13,0
56,4641,8,1,1,10,0.072,0
20,17439,17,1,1,10,2.488,1
85,1514,13,1,0,10,0.009,0
56,7878,0,1,0,10,0.576,1
33,2168,16,1,0,10,0.445,0
149,5944,11,1,0,10,0.189,0
176,16968,15,1,0,10,0.131,0
55,1447,22,1,0,10,0.035,0
175,4424,18,1,0,10,0.115,0
48,1476,20,1,0,10,0.016,0
154,2059,13,1,0,10,0.373,0
158,9371,11,1,0,10,0.874,0
99,3601,7,1,0,10,0.28,0
189,6621,16,1,1,5,0.324,0
11,13823,17,1,0,10,0.078,0
73,1589,6,1,0,6,0.059,0
72,1495,14,1,0,10,0.003,0
142,1424,19,1,0,7,0.051,0
62,5807,9,1,0,10,0.161,0
74,1230,17,1,0,10,0.18,0
12,14069,8,1,1,10,0.062,0
164,4509,19,1,0,10,0.098,0
170,1748,23,1,0,7,0.165,1
71,6256,15,1,0,4,0.251,0
181,1617,13,1,0,10,0.078,0
173,11243,11,3,0,10,1.249,1
104,867,18,1,0,10,0.422,0
91,2076,13,1,0,10,0.384,0
111,11736,10,1,0,1,0.218,0
139,5573,18,1,0,10,0.115,0
151,21165,5,4,1,10,3.233,1
146,5481,14,1,0,10,0.096,0
123,1310,8,1,0,10,0.127,0
58,17865,18,1,0,10,0.191,0
17,4502,16,1,0,10,0.1,0
140,8021,16,1,0,10,0.604,0
32,5361,14,1,0,10,0.072,0
81,19028,6,2,0,10,0.269,0
52,1953,11,1,1,10,0.302,0
155,19914,4,1,0,10,0.328,1
155,17390,20,1,0,10,0.159,0
9,1453,9,1,0,10,0.031,0
113,6581,12,1,0,10,0.561,0
46,16571,21,1,0,10,0.105,0
141,5445,6,1,0,10,0.089,0
121,8747,16,1,0,10,0.749,0
177,1720,10,1,0,10,0.147,0
46,3314,9,1,0,4,0.779,0
135,4332,20,1,0,10,0.134,0
50,5346,14,1,0,3,0.069,0
29,2765,9,1,0,10,0.447,0
167,20806,3,1,0,7,0.387,1
87,4260,13,1,0,0,0.148,0
0,9999,18,1,0,10,0.333,0
181,961,17,1,0,3,0.359,0
149,3970,14,1,0,10,0.206,0
92,5671,16,1,0,2,0.134,0
59,4485,15,1,1,6,0.103,0
192,4189,12,1,0,10,0.162,0
106,12049,19,1,0,10,0.197,0
145,3229,18,2,0,10,0.354,0
76,1211,15,1,1,10,0.193,0
45,1146,11,2,0,10,0.236,0
192,3033,11,1,0,10,0.393,0
148,1056,13,1,0,10,0.296,0
196,607,11,2,0,10,0.595,0
44,8180,9,1,0,10,0.455,0
132,1702,17,1,0,10,0.135,0
132,3292,17,4,0,7,1.195,1
87,3911,16,1,1,1,0.218,0
182,1633,15,1,0,10,0.089,0
197,5690,16,1,0,10,0.138,0
138,2208,10,1,0,10,0.472,0
77,2930,10,1,0,8,0.414,0
192,2761,7,1,0,10,0.448,0
192,6296,9,1,1,10,0.259,0
183,717,14,1,0,7,0.522,0
12,22526,3,1,0,10,0.502,1
98,9812,13,1,0,10,0.346,0
52,2311,10,1,0,10,0.541,0
153,16293,19,1,1,10,2.259,1
28,15627,16,1,0,4,0.042,0
71,1671,14,1,0,0,0.666,0
129,1568,15,1,0,10,0.045,0
121,5256,13,1,0,10,0.051,0
183,2237,8,1,0,8,0.491,0
21,1214,19,1,0,1,0.191,0
93,13772,12,1,0,10,0.082,0
0,14394,12,1,0,6,0.04,0
52,1738,14,1,0,10,0.159,0
38,2469,16,1,1,10,0.506,0
172,1943,17,1,0,7,0.295,0
57,4925,14,1,1,10,2.283,1
30,18548,9,1,0,10,0.237,0
75,5591,18,1,0,10,0.118,0
192,4829,10,2,0,10,0.034,0
52,1507,19,1,0,10,0.005,0
156,1548,10,1,0,10,0.032,0
191,11523,15,4,0,7,1.305,1
18,6211,4,2,1,10,3.141,1
102,1333,16,1,0,5,0.111,0
114,412,11,1,0,10,0.725,0
144,1339,13,1,0,10,0.107,0
24,2077,16,1,0,10,0.385,0
61,6727,14,1,1,10,0.345,0
65,14531,15,1,0,10,0.031,0
75,5820,15,1,0,9,0.164,0
34,1856,11,1,1,10,0.237,0
111,15876,12,1,0,3,0.058,0
164,4229,11,1,0,10,0.154,0
36,5359,13,1,0,10,0.072,0
162,916,9,1,0,10,0.389,0
39,4549,8,1,0,10,0.09,0
117,3857,15,1,0,10,0.229,0
93,9593,10,1,0,0,0.36,0
143,12976,18,1,0,10,0.135,0
126,14281,11,1,0,10,0.048,0
113,14978,9,1,0,10,0.001,0
22,6308,18,1,0,5,0.262,0
164,5040,13,1,0,1,0.008,0
82,15582,12,1,0,10,0.039,0
139,5421,17,1,0,1,0.084,0
103,22929,18,1,0,10,0.529,0
134,37383,14,4,0,7,1.492,1
85,772,10,1,1,10,0.485,0
29,3860,10,1,0,10,0.228,0
162,1676,10,1,0,10,0.117,0
28,15397,16,1,0,10,0.026,0
105,5746,14,1,0,1,0.149,0
143,20139,0,1,0,10,0.343,1
167,16499,13,1,0,7,0.1,1
160,5479,6,1,0,5,0.096,0
76,411,22,1,0,10,0.726,0
160,3735,13,1,0,4,0.253,0
160,3537,10,1,0,10,0.293,0
60,21712,14,1,0,10,0.447,0
21,1371,22,1,0,10,0.086,0
57,1307,18,2,0,10,0.129,0
112,2059,10,1,0,10,0.373,0
45,1826,11,1,0,10,0.217,0
13,10531,6,1,1,7,0.298,0
169,4753,17,1,0,10,0.049,0
17,2818,16,2,0,10,0.436,0
199,2136,9,1,0,10,0.424,0
37,932,10,1,0,10,0.379,0
127,1676,6,1,0,10,0.117,0
31,20606,15,1,0,0,0.374,0
14,14253,18,1,0,10,0.05,0
32,4322,11,1,1,10,0.136,0
163,2644,17,1,1,3,0.471,0
137,974,6,1,0,10,0.351,0
45,1301,10,1,0,9,0.133,0
177,1719,13,1,0,10,0.146,0
11,9905,15,2,1,10,0.34,0
79,7992,20,4,0,10,0.598,1
13,13918,12,1,0,10,0.072,0
99,7026,16,1,0,10,0.405,0
15,3209,10,1,0,10,0.358,0
2,3502,18,1,0,7,0.3,0
160,4088,6,1,0,3,0.182,0
90,2096,15,2,0,9,0.397,0
101,3868,15,1,0,0,0.226,0
42,1114,18,1,0,10,0.257,0
48,987,14,1,0,10,0.342,0
59,6730,12,1,0,7,0.346,0
151,6257,13,1,1,3,0.251,0
133,2197,22,1,0,10,0.465,0
196,1926,20,1,0,8,0.284,0
141,3791,10,1,0,10,0.242,0
183,1225,11,1,0,9,0.183,0
162,2096,22,1,0,10,0.397,0
137,904,14,1,0,10,0.397,0
147,1234,11,1,0,2,0.177,0
145,20291,2,4,1,10,3.058,1
96,1438,12,1,0,10,0.041,0
46,8598,8,2,0,10,0.427,0
62,3310,10,1,0,10,0.338,0
189,9335,19,1,0,10,0.867,0
68,13553,12,1,0,10,0.096,0
64,1110,11,1,0,10,0.26,0
60,15535,18,1,0,10,0.036,0
123,1384,11,1,0,7,0.077,0
93,26451,10,4,0,7,0.763,1
2,7852,10,1,0,10,0.57,0
50,2657,12,1,1,10,0.469,0
171,9380,10,1,0,10,0.375,0
115,8129,12,1,1,10,0.626,0
168,1516,11,1,0,10,0.011,0
161,1480,15,1,0,10,0.013,0
161,1960,13,1,1,1,0.307,0
174,1422,18,1,0,10,0.052,0
8,2078,16,1,0,10,0.385,0
94,1965,13,1,0,10,0.31,0
170,1778,12,1,0,10,0.185,0
1,1503,12,1,0,10,0.002,0
6,16159,16,1,0,10,0.077,0
42,1474,16,1,0,10,0.017,0
87,3757,17,2,0,9,0.249,0
123,5599,12,1,1,7,2.733,1
9,1316,17,1,0,4,0.123,0
116,9279,20,1,0,1,0.381,0
141,7271,16,1,0,10,0.454,0
42,1983,14,1,0,10,0.322,0
89,16486,4,2,1,7,2.297,1
110,6886,1,1,0,10,0.377,1
21,1562,14,2,0,10,0.041,0
26,17245,12,1,1,10,2.449,1
101,5990,11,1,1,10,0.198,0
191,3464,14,1,0,10,0.307,0
118,11164,12,1,0,10,0.256,0
63,7515,10,1,0,10,0.503,0
51,12876,22,1,1,0,0.142,0
84,13768,10,1,0,6,0.082,0
144,1294,9,1,0,10,0.137,0
41,7290,18,1,0,10,0.458,0
13,11228,11,1,0,10,0.251,0
97,16245,6,1,0,10,0.083,0
44,16749,18,1,0,10,0.117,0
196,1804,18,1,1,4,0.203,0
108,13303,13,1,0,6,0.113,0
147,688,14,1,0,10,0.541,0
130,1381,17,1,0,6,0.079,0
126,16372,9,1,0,10,0.091,0
80,1871,8,1,0,1,0.247,0
58,16075,12,1,0,10,0.072,0
49,5724,13,1,0,10,0.145,0
71,5048,21,1,0,10,0.01,0
25,7207,13,1,1,10,0.441,0
105,2845,12,1,0,10,0.431,0
19,5031,19,1,0,2,0.006,0
51,15557,13,1,0,10,0.037,0
192,2577,14,1,0,10,0.485,0
44,12541,17,1,0,10,0.164,0
124,5956,3,4,1,10,2.971,1
37,2284,11,1,0,10,0.523,0
12,9061,15,2,0,10,0.396,0
162,737,12,1,0,10,0.509,0
40,6315,20,1,0,10,0.263,0
59,4624,19,1,1,5,0.075,0
45,2084,18,1,0,10,0.389,0
194,10118,16,1,1,10,0.325,0
178,2158,22,1,0,10,0.439,0
107,1691,9,1,0,2,0.127,0
26,4409,10,1,0,10,0.118,0
17,6949,12,2,0,10,0.39,0
110,1787,21,1,0,10,0.643,0
135,4462,16,1,0,10,0.108,0
140,5287,16,1,1,10,0.057,0
77,5334,8,1,0,10,0.067,0
179,3069,8,4,0,10,1.046,1
46,14412,18,1,0,10,0.039,0
56,4773,13,1,0,4,0.045,0
58,20495,17,1,0,10,0.366,0
113,10305,15,1,0,10,0.313,0
35,11812,13,1,0,10,0.213,0
125,1496,15,1,1,10,0.003,0
30,13455,19,2,0,10,0.103,0
2,4172,18,1,0,10,0.166,0
197,4750,18,1,0,7,0.05,1
132,1008,15,1,0,7,0.328,0
1,1861,14,1,0,10,0.241,0
41,5377,12,1,0,7,0.075,1
20,2553,9,1,0,7,0.489,0
10,1437,12,1,0,10,0.042,0
78,1132,11,1,0,10,0.774,0
177,1853,3,1,0,10,0.235,1
21,1869,15,1,0,10,0.246,0
102,1531,17,1,0,10,0.021,0
70,1391,15,1,0,10,0.073,0
57,1523,19,1,0,10,0.015,0
122,16109,14,1,0,3,0.074,0
72,1265,14,1,0,10,0.157,0
4,16965,17,1,0,10,0.131,0
129,1395,8,1,0,7,0.07,0
147,824,14,1,1,10,0.451,0
10,1130,12,1,0,10,0.247,0
149,4176,10,1,0,10,0.165,0
107,2209,10,1,0,10,0.473,0
129,1315,14,1,0,5,0.123,0
176,15628,12,1,0,10,0.042,0
141,5065,22,1,0,10,0.013,0
11,18295,2,1,0,10,0.22,1
2,3122,11,1,0,10,0.376,0
182,1612,14,1,0,7,0.075,1
68,18754,19,1,0,10,0.25,0
165,15494,11,2,0,10,0.033,0
173,6229,16,1,0,10,0.246,0
39,4741,12,1,0,10,0.052,0
115,6536,17,1,0,10,0.307,0
174,2176,15,1,0,10,0.451,0
110,16753,13,1,1,10,2.351,1
180,1116,9,1,0,0,0.256,0
107,1169,18,1,0,10,0.221,0
15,3313,18,1,0,10,0.337,0
46,14614,14,1,1,10,0.026,0
1,1013,19,1,0,10,0.325,0
80,1064,20,1,0,10,0.291,0
3,1730,13,1,0,10,0.153,0
171,14088,22,1,0,10,0.061,0
102,1244,10,1,0,10,0.171,0
59,3009,11,1,0,10,0.398,0
188,16387,6,1,0,10,0.092,0
131,18557,14,1,1,10,0.237,0
149,6585,10,1,0,10,0.317,0
34,1598,15,1,0,10,0.065,0
38,7511,15,1,1,6,0.502,0
115,3070,16,1,0,10,0.386,0
26,7192,11,1,1,10,0.438,0
79,2339,10,1,0,8,0.532,0
175,16893,8,1,1,10,2.379,1
15,9114,16,1,0,10,0.823,0
77,4479,19,1,0,10,0.104,0
43,5923,9,1,0,0,0.185,0
87,5201,16,1,1,10,0.04,0
102,1812,11,2,0,10,0.208,0
159,4699,7,1,0,10,0.06,0
101,5442,13,1,0,10,0.088,0
81,13446,13,1,0,10,0.104,0
23,1682,10,1,0,10,0.121,0
81,10327,6,1,1,10,0.312,0
58,13387,10,1,0,10,0.108,0
0,11212,12,1,0,10,0.253,0
15,2865,18,1,0,5,0.427,0
5,13352,15,1,0,0,0.11,0
96,1916,15,1,0,1,0.277,0
68,21877,11,1,0,5,0.458,0
66,7000,20,1,0,10,0.4,0
165,17004,17,1,0,6,0.134,0
86,6231,2,1,0,10,0.246,1
185,12635,10,1,0,10,0.158,0
84,15042,13,1,0,10,0.003,0
147,1650,14,1,0,10,0.1,0
68,17370,11,1,0,9,0.158,0
144,2653,16,3,0,10,0.769,1
6,11159,7,1,0,5,0.256,0
73,1879,10,1,0,10,0.253,0
105,8118,13,1,0,10,0.624,0
109,51677,20,1,1,7,2.445,1
18,1914,20,1,0,10,0.276,0
140,5365,13,1,0,0,0.073,0
109,15772,13,1,0,10,0.051,0
31,15239,9,1,0,10,0.016,0
189,5471,13,1,0,10,0.094,0
52,1650,10,1,0,2,0.1,0
187,7784,15,1,0,10,0.481,0
174,1590,12,1,0,10,0.06,0
199,1548,18,1,0,6,0.032,0
38,18519,3,3,1,10,2.704,1
160,3099,10,1,0,10,0.38,0
196,1729,17,1,0,0,0.153,0
152,1215,22,1,0,10,0.19,0
109,13868,18,1,1,10,0.075,0
167,13164,20,1,0,3,0.122,0
104,2294,18,1,0,10,0.529,0
151,5255,15,1,0,10,0.051,0
139,10501,16,4,0,10,1.1,1
73,1304,14,1,0,10,0.131,0
20,5009,17,1,0,10,0.002,0
149,3519,14,1,0,10,0.296,0
129,1461,16,1,0,10,0.026,0
81,18035,14,1,0,10,0.202,0
46,17695,16,1,0,10,0.18,0
70,2898,10,5,0,10,0.932,1
40,5528,13,1,0,3,0.106,0
2,5434,15,1,0,10,0.087,0
127,948,16,1,0,10,0.368,0
142,1584,16,2,0,10,0.056,0
141,6370,15,1,0,10,0.274,0
83,5558,7,1,0,10,0.112,0
195,5587,15,1,0,10,0.117,0
19,4157,7,1,0,10,0.169,0
50,7692,12,1,0,4,0.538,0
92,1814,8,1,0,10,0.637,0
27,14816,12,1,0,10,0.012,0
15,4319,13,1,0,10,0.136,0
123,1323,21,1,0,10,0.118,0
105,3693,18,1,0,10,0.261,0
32,6086,16,1,0,10,0.217,0
169,6197,15,1,0,10,0.239,0
77,7030,6,1,0,10,0.406,0
170,1092,16,1,0,10,0.272,0
17,3132,19,1,0,10,0.374,0
145,3984,14,1,1,0,0.203,0
92,4246,12,1,0,10,0.151,0
66,4613,18,1,0,10,0.077,0
104,1774,19,1,0,7,0.183,1
112,850,12,1,0,10,0.433,0
74,1697,7,1,0,10,0.131,0
164,4895,13,1,0,10,0.021,0
16,5059,14,1,0,10,0.012,0
94,1741,6,1,0,10,0.161,0
34,1038,10,1,0,10,0.308,0
146,6667,11,1,0,10,0.333,0
135,6788,16,1,0,6,0.358,0
110,4461,22,2,0,10,0.108,0
154,1351,8,1,0,7,0.099,1
165,15504,16,1,0,10,0.034,0
23,1603,17,1,0,10,0.069,0
63,10383,12,5,0,10,1.077,1
61,20020,0,3,1,10,3.004,1
4,33092,12,4,0,10,1.206,1
46,20035,16,1,0,10,0.336,0
92,433,15,1,0,10,0.913,0
169,5921,12,1,0,10,0.184,0
103,15324,9,1,0,10,0.022,0
30,9612,14,1,0,10,0.359,0
60,16812,12,1,0,10,0.121,0
36,5866,16,1,0,10,0.173,0
123,1184,12,1,0,10,0.211,0
0,17267,13,1,0,9,0.151,0
59,3672,12,1,0,3,0.266,0
110,4975,14,1,1,10,0.005,0
92,5051,6,1,0,10,0.01,0
14,11722,11,1,1,10,0.219,0
115,5039,11,1,0,3,0.008,0
113,17384,11,1,0,10,0.159,0
167,12082,11,1,0,10,0.195,0
56,5290,11,1,0,10,0.058,0
28,14620,15,1,0,10,0.025,0
13,17649,14,2,0,10,0.177,0
145,4386,20,1,0,10,0.123,0
81,15830,17,1,0,10,0.055,0
179,2035,15,1,1,4,0.357,0
127,464,12,1,0,10,0.691,0
0,12405,14,1,0,10,0.173,0
40,4569,10,1,1,10,0.086,0
143,19520,10,1,0,10,0.301,0
85,1988,11,1,0,10,0.325,0
100,524,20,1,0,10,0.651,0
104,1374,11,1,1,10,0.084,0
2,5498,6,1,0,10,0.1,0
22,5430,17,2,0,1,0.086,0
170,1776,13,1,0,1,0.184,0
189,17567,14,1,1,10,2.513,1
199,1612,13,1,0,10,0.075,0
163,5012,15,1,1,10,0.002,0
92,4988,18,1,0,10,0.002,0
47,9023,11,1,0,10,0.398,0
36,4402,14,1,0,10,0.12,0
150,4877,17,1,0,10,0.025,0
50,8595,2,1,0,7,0.719,1
77,1017,14,1,0,10,0.797,0
157,1331,15,2,0,10,0.113,0
155,20014,8,1,1,10,0.334,0
26,5849,18,1,0,10,0.17,0
122,15944,7,1,0,10,0.063,0
169,6139,10,1,0,10,0.228,0
88,8644,6,1,1,10,0.424,0
125,1361,12,1,0,7,0.093,1
0,20115,6,1,1,10,0.341,0
187,15745,6,1,0,0,0.05,0
29,6183,16,1,0,10,0.237,0
37,2092,19,2,0,10,0.395,0
79,5952,15,1,1,10,0.19,0
59,4984,12,1,0,10,0.003,0
150,7039,16,1,0,10,0.408,0
146,7148,13,1,0,10,0.43,0
92,5300,8,1,1,10,0.06,0
29,5770,16,1,0,1,0.154,0
179,991,12,1,0,10,0.339,0
29,6699,12,1,0,10,0.34,0
163,7165,8,1,0,1,0.433,0
144,566,10,1,0,10,0.623,0
126,23368,6,1,0,10,0.558,0
98,21776,11,1,0,10,0.452,0
173,5167,16,1,0,10,0.033,0
47,51048,17,1,1,10,2.403,1
26,3922,14,1,0,9,0.216,0
84,15292,9,1,0,10,0.019,0
148,121,21,1,0,10,0.919,0
110,3001,13,1,0,10,0.4,0
104,6067,1,3,1,10,3.045,1
37,1610,9,1,0,10,0.073,0
136,6406,19,1,1,10,0.281,0
125,1508,18,1,0,10,0.005,0
155,14131,17,1,0,7,0.058,0
91,2134,6,1,0,10,0.423,0
50,2829,19,1,0,10,0.434,0
22,4656,16,1,0,10,0.069,0
30,19680,13,2,0,10,0.312,0
33,1065,7,1,0,10,0.29,0
183,3329,11,3,0,10,1.219,1
165,12584,15,1,0,1,0.161,0
3,1506,21,1,0,10,0.004,0
164,11343,12,5,0,7,1.269,1
129,577,22,1,0,10,0.615,0
21,1546,13,1,0,8,0.031,0
174,1569,14,1,0,10,0.046,0
106,10084,15,1,0,10,0.328,0
112,2010,12,1,0,10,0.34,0
127,2277,11,1,0,10,0.518,0
169,5316,11,1,0,8,0.063,0
24,1902,18,1,0,10,0.268,0
26,5571,17,1,0,2,0.114,0
36,5526,16,1,0,10,0.105,0
154,5255,16,1,1,10,2.503,1
188,10585,10,1,0,3,0.294,0
138,2192,20,1,0,10,0.461,0
85,1904,18,1,0,10,0.269,0
170,1092,18,1,0,10,0.272,0
96,1465,12,1,0,10,0.023,0
151,5943,11,1,0,10,0.189,0
143,14871,18,1,0,10,0.009,0
18,2646,20,3,0,10,0.764,1
195,4846,15,1,1,10,0.031,0
78,4112,18,1,0,10,0.178,0
1,1159,15,1,0,10,0.227,0
44,15507,9,1,0,10,0.034,0
76,2245,15,1,0,10,0.497,0
43,5275,8,1,0,3,0.055,0
159,7388,14,1,0,10,0.478,0
155,9261,9,1,0,10,0.383,0
174,1860,18,1,0,10,0.24,0
61,4233,16,2,0,10,0.153,0
116,4785,11,1,0,10,0.681,0
189,3965,13,1,0,10,0.207,0
106,13803,11,1,0,6,0.08,0
66,5924,11,1,0,10,0.185,0
177,1460,16,1,0,10,0.027,0
177,1263,12,1,0,10,0.158,0
116,17578,11,1,0,10,0.172,0
125,1936,8,1,0,4,0.291,0
52,1346,14,1,0,10,0.103,0
56,7183,15,1,0,7,0.437,0
9,5418,8,1,1,10,2.612,1
176,11599,7,1,0,10,0.227,0
77,3623,6,1,0,10,0.275,0
138,1016,12,1,0,10,0.323,0
185,17431,10,1,0,10,0.162,0
80,1884,11,1,0,10,0.256,0
177,1626,17,1,0,10,0.084,0
41,5156,18,1,0,10,0.031,0
197,17875,18,1,1,7,2.575,1
87,3742,8,1,0,10,0.252,0
167,12642,19,1,1,10,0.157,0
63,5502,17,1,0,10,0.1,0
39,3810,15,1,0,10,0.238,0
135,3112,11,1,0,8,0.378,0
94,758,11,1,0,10,0.495,0
69,3538,17,1,0,10,0.292,0
189,3795,17,1,0,8,0.241,0
149,4511,15,1,0,10,0.098,0
55,1782,16,1,1,10,0.188,0
179,1869,14,1,0,10,0.246,0
17,7007,11,1,0,10,0.401,0
89,6177,14,1,0,10,0.235,0
176,12696,11,1,0,3,0.154,0
176,16997,12,1,0,10,0.133,0
145,5999,15,1,0,10,0.2,0
193,2122,22,1,0,3,0.415,0
152,1356,17,1,0,10,0.096,0
194,28935,18,5,0,7,0.929,1
122,13785,11,2,0,4,0.081,0
128,733,8,1,0,10,0.511,0
37,3079,10,5,0,10,1.053,1
64,2184,16,1,0,10,0.456,0
41,4809,16,1,0,10,0.038,0
138,2208,1,1,0,7,0.472,1
33,731,13,1,0,10,0.513,0
125,1074,13,1,0,10,0.284,0
118,15681,14,1,0,10,0.045,0
54,1664,15,1,0,10,0.109,0
79,10584,16,4,0,10,1.117,1
40,3378,16,1,0,10,0.324,0
164,3045,15,1,0,10,0.391,0
1,2490,1,1,0,10,0.66,1
69,4167,8,1,0,7,0.167,0
77,16235,12,1,1,7,2.247,1
145,5421,13,1,0,10,0.084,0
116,13886,14,1,0,10,0.074,0
181,1602,13,1,1,10,0.068,0
123,1707,15,1,0,10,0.138,0
168,1016,11,1,0,10,0.323,0
121,6055,10,1,0,10,0.211,0
121,1769,10,1,0,5,0.646,0
28,12119,20,1,0,10,0.192,0
40,7385,12,1,0,10,0.477,0
118,17967,3,1,0,10,0.198,1
28,7035,15,1,0,10,0.531,0
39,1937,14,1,0,6,0.613,0
166,50237,20,1,1,10,2.349,1
158,6189,10,1,0,10,0.238,0
199,1410,20,1,0,10,0.06,0
112,1695,16,1,0,10,0.13,0
154,738,18,1,0,2,0.508,0
89,3911,13,1,0,10,0.218,0
123,2879,18,1,0,4,0.919,0
100,991,12,1,0,10,0.339,0
43,4031,15,1,0,9,0.194,0
133,1831,7,1,0,6,0.221,0
189,6693,16,1,0,10,0.339,0
2,5389,10,1,0,10,0.078,0
79,5051,13,1,0,10,0.01,0
12,18915,20,2,0,6,0.261,0
14,7367,10,1,0,8,0.509,0
195,3912,6,1,0,10,0.218,0
27,11577,11,1,0,10,0.228,0
131,20226,22,1,0,10,0.348,0
91,1722,8,1,0,10,0.148,0
24,5746,15,1,1,10,2.831,1
165,21073,14,1,1,10,0.405,0
160,3492,8,1,0,10,0.302,0
29,3487,6,1,0,10,0.303,0
161,4797,20,1,1,10,2.198,1
131,31615,19,3,0,10,1.108,1
158,6116,13,1,0,6,0.223,0
94,1753,17,1,0,3,0.169,0
53,9972,12,3,0,7,0.994,1
170,2996,6,1,0,10,0.997,0
47,9577,11,1,0,10,0.362,0
78,2227,14,1,0,10,0.555,0
139,16447,16,1,1,10,2.289,1
152,964,16,1,0,8,0.357,0
104,3530,1,1,0,7,1.353,1
151,7306,18,1,0,10,0.461,0
72,812,14,1,0,10,0.459,0
12,18391,9,1,0,10,0.226,0
114,1439,13,1,0,10,0.041,0
188,15698,21,1,0,1,0.047,0
73,605,15,1,0,10,0.597,0
118,20237,8,1,0,10,0.349,0
76,2081,17,1,0,10,0.387,0
136,3672,15,1,0,10,0.266,0
129,884,17,1,0,0,0.411,0
97,10081,8,1,0,10,0.328,0
180,2219,13,1,0,10,0.479,0
88,14673,11,1,0,5,0.022,0
94,1613,12,1,0,10,0.075,0
40,5478,2,1,0,10,0.096,1
146,4062,10,1,0,10,0.188,0
10,1507,22,1,0,10,0.005,0
189,5569,17,1,0,7,0.114,1
59,4202,7,1,0,10,0.16,0
50,5651,6,1,0,10,0.13,0
177,1382,20,1,0,10,0.079,0
42,1341,16,1,0,10,0.106,0
197,5191,17,1,0,7,0.038,1
44,15150,9,1,0,10,0.01,0
22,6060,21,1,0,10,0.212,0
109,11699,19,1,0,10,0.22,0
52,849,15,1,0,10,0.434,0
91,1860,16,1,0,10,0.24,0
74,1042,12,1,0,10,0.305,0
143,20906,9,1,0,10,0.394,0
167,12347,17,1,0,10,0.177,0
102,1701,18,1,0,10,0.134,0
39,5776,18,1,1,10,0.155,0
43,5017,21,1,1,10,0.003,0
57,2522,9,1,0,10,0.681,0
181,1086,10,1,0,1,0.276,0
160,3995,17,1,0,10,0.201,0
116,14685,13,1,0,10,0.021,0
162,478,15,1,0,10,0.681,0
108,12476,9,1,0,10,0.168,0
62,4272,8,1,0,10,0.146,0
18,1474,12,1,0,7,0.017,0
24,1189,15,1,0,10,0.207,0
107,1567,21,1,0,10,0.045,0
63,4672,21,1,0,8,0.066,0
168,100,13,1,0,10,0.933,0
167,14963,13,1,0,10,0.002,0
196,1634,12,1,0,10,0.089,0
191,3279,20,1,0,10,0.344,0
130,1775,8,1,1,10,0.183,0
195,7233,16,2,0,10,0.447,0
84,9659,22,1,0,10,0.356,0
35,14944,15,1,0,10,0.004,0
178,547,16,1,0,10,0.635,0
19,2237,16,2,0,10,0.553,0
197,6180,10,1,0,1,0.236,0
48,1338,14,2,0,10,0.108,0
39,6951,18,1,0,10,0.39,0
40,4219,6,2,0,10,0.156,0
178,1233,19,1,0,10,0.178,0
117,3807,6,1,0,10,0.239,0
6,15944,20,1,0,10,0.063,0
150,4512,10,1,0,10,0.098,0
16,2493,16,1,0,10,0.501,0
159,7464,9,1,0,4,0.493,0
153,743,18,1,0,7,0.851,0
79,4635,16,1,0,6,0.073,0
16,2691,17,1,0,10,0.462,0
173,5785,14,1,0,10,0.157,0
195,5214,10,1,1,10,0.043,0
119,1466,9,1,0,9,0.023,0
7,14909,13,1,0,10,0.006,0
18,1466,15,1,0,10,0.023,0
85,525,19,1,0,10,0.65,0
146,5372,10,1,0,10,0.074,0
70,881,20,1,0,2,0.413,0
160,6414,18,1,0,10,0.283,0
147,1160,9,1,0,10,0.227,0
77,5045,12,1,0,10,0.009,0
95,5151,14,1,0,10,0.03,0
34,2096,13,1,1,10,0.397,0
72,1910,17,1,0,10,0.273,0
143,14433,16,1,0,10,0.038,0
19,6225,7,1,0,10,0.245,0
14,14963,14,1,0,4,0.002,0
47,15040,18,1,0,0,0.003,0
143,18403,19,1,0,10,0.227,0
98,9806,15,1,0,10,0.346,0
13,16965,19,1,0,10,0.131,0
162,1320,16,1,0,10,0.12,0
58,14637,11,1,0,4,0.024,0
120,838,11,1,0,10,0.441,0
49,5222,15,1,0,10,0.044,0
186,4706,11,1,0,10,0.059,0
66,5806,17,1,0,10,0.161,0
25,17736,14,1,1,10,2.547,1
10,2549,19,1,0,10,0.699,0
199,1193,12,1,1,7,0.205,0
145,6775,13,1,1,10,0.355,0
112,2023,18,2,0,10,0.349,0
129,893,7,1,0,10,0.405,0
64,6257,1,3,1,10,3.171,1
168,1217,9,1,0,10,0.189,0
144,1100,13,1,1,10,0.267,0
114,1043,16,1,0,10,0.305,0
28,19947,6,1,0,10,0.33,0
15,6939,11,2,0,10,0.388,0
28,18115,15,1,0,3,0.208,0
184,13296,15,1,0,10,0.114,0
132,1460,18,1,1,10,0.027,0
95,5390,15,1,0,6,0.078,0
41,4144,15,1,0,8,0.171,0
144,907,12,1,0,10,0.395,0
83,6995,10,1,0,5,0.399,0
70,2165,22,1,0,10,0.443,0
60,14496,14,1,0,10,0.034,0
158,5576,16,1,0,8,0.115,0
105,2195,12,1,1,10,0.561,0
47,8137,14,1,0,10,0.458,0
43,3054,17,1,0,10,0.389,0
33,1217,9,1,0,10,0.189,0
119,1215,20,1,0,10,0.19,0
47,11980,9,1,0,10,0.201,0
183,1189,14,1,0,10,0.207,0
134,15428,13,1,0,7,0.029,1
61,16106,9,1,1,10,2.221,1
7,12260,11,1,0,10,0.183,0
93,12649,20,1,0,10,0.157,0
112,1042,12,1,0,10,0.305,0
118,9636,11,1,0,10,0.358,0
11,18943,14,1,0,10,0.263,0
1,1281,10,1,1,3,0.146,0
63,5159,18,1,0,10,0.032,0
101,4844,13,1,0,10,0.031,0
81,14993,15,1,0,10,0.0,0
119,1295,9,1,0,10,0.137,0
39,3985,10,1,0,10,0.203,0
1,962,13,1,0,10,0.359,0
12,23925,20,1,0,3,0.595,0
115,3602,15,1,0,10,0.28,0
163,5188,13,1,0,2,0.038,0
41,7762,19,1,0,10,0.552,0
190,15595,6,1,0,10,0.04,0
103,19894,13,2,0,9,0.326,0
56,2902,9,1,0,10,0.42,0
61,4274,19,1,0,7,0.145,1
85,4925,13,1,1,7,2.283,1
98,14150,8,1,1,10,0.057,0
36,5063,17,1,0,10,0.013,0
101,3135,16,1,0,10,0.373,0
152,1791,18,1,0,7,0.194,0
183,1344,15,1,0,10,0.104,0
137,1483,13,2,0,10,0.011,0
195,7587,6,1,1,8,0.517,0
110,17082,10,1,1,10,2.416,1
158,5930,12,1,0,10,0.186,0
59,3973,9,1,0,10,0.205,0
75,6285,15,1,0,10,0.257,0
104,1736,21,1,0,1,0.157,0
47,18400,10,1,0,10,0.227,0
121,5707,6,1,0,10,0.141,0
184,12294,18,1,0,10,0.18,0
70,3036,15,4,0,10,1.024,1
32,3613,14,1,1,10,0.277,0
94,864,18,1,0,10,0.424,0
38,2983,19,1,0,10,0.403,0
97,16880,3,1,0,7,0.125,1
50,1925,8,1,1,10,0.615,0
147,2812,11,4,0,10,0.875,1
121,4732,16,1,0,10,0.054,0
158,5386,8,1,0,10,0.077,0
82,6800,16,2,0,9,0.547,0
48,1590,14,1,0,10,0.06,0
36,1770,9,1,1,2,0.646,0
46,13656,11,1,0,10,0.09,0
86,3582,12,1,0,10,0.284,0
142,1184,15,1,0,10,0.211,0
153,5641,11,1,0,10,0.128,0
108,11652,10,1,0,8,0.223,0
130,1456,18,1,0,10,0.029,0
75,4366,10,1,0,10,0.127,0
21,1060,16,1,0,6,0.293,0
40,5403,18,1,0,10,0.081,0
187,7472,13,1,1,3,0.502,0
175,4074,11,1,0,10,0.185,0
122,16815,6,1,0,10,0.121,0
61,4290,7,1,0,10,0.142,0
121,5754,13,1,0,10,0.151,0
147,2211,16,1,0,10,0.474,0
101,4249,12,1,0,10,0.15,0
46,9588,10,1,0,10,0.361,0
115,4589,10,2,0,10,0.082,0
107,1512,12,1,0,10,0.008,0
95,5046,18,1,0,10,0.009,0
32,4894,17,1,0,10,0.021,0
128,1344,11,1,0,10,0.104,0
151,4402,16,1,0,10,0.12,0
46,18016,13,1,0,10,0.201,0
63,5098,15,1,0,10,0.02,0
54,2342,18,1,0,10,0.561,0
143,36704,20,3,0,10,1.447,1
163,3772,19,1,0,10,0.246,0
108,12761,17,1,0,10,0.149,0
130,1745,10,1,0,0,0.163,0
16,6097,12,1,0,5,0.219,0
76,858,14,1,0,2,0.428,0
168,978,13,1,0,10,0.348,0
196,1104,13,1,0,10,0.264,0
35,11380,7,1,1,10,0.241,0
160,6030,12,1,0,10,0.206,0
192,7364,15,1,0,10,0.473,0
23,959,11,1,0,10,0.361,0
4,26461,10,4,0,10,0.764,1
47,14857,15,1,0,3,0.01,0
143,15695,11,1,0,10,0.046,0
29,7814,15,1,0,3,0.563,0
79,7913,13,1,0,9,0.583,0
17,3460,18,1,0,3,0.308,0
13,10483,13,1,0,10,0.301,0
149,19455,2,3,1,10,2.891,1
98,18867,16,1,1,10,0.258,0
134,6577,17,1,0,8,0.562,0
148,1316,13,1,0,1,0.123,0
75,3590,21,1,1,10,0.282,0
109,13273,17,1,0,6,0.115,0
154,1657,9,1,0,0,0.105,0
197,2839,9,1,0,4,0.432,0
178,1069,6,1,0,7,0.287,0
75,5533,19,1,0,5,0.107,0
99,4192,11,1,0,10,0.162,0
197,6972,20,1,0,6,0.394,0
178,6066,4,4,1,10,3.044,1
111,21671,9,1,0,10,0.445,0
35,18567,14,1,0,10,0.238,0
187,20811,12,1,1,10,0.387,0
180,2550,2,1,0,10,0.7,1
96,1363,13,1,0,10,0.091,0
139,4516,16,1,0,10,0.097,0
13,16783,17,1,0,10,0.119,0
88,16648,12,1,0,10,0.11,0
167,13401,14,1,0,10,0.107,0
42,1529,14,1,1,10,0.019,0
188,19719,6,1,1,10,0.315,0
56,5031,14,1,0,10,0.006,0
165,10492,7,1,0,8,0.301,0
171,17999,15,1,0,10,0.2,0
167,15436,9,1,0,7,0.029,1
30,11815,12,2,0,2,0.212,0
115,3795,7,1,0,7,0.241,0
182,938,19,1,0,10,0.375,0
106,12373,14,1,0,10,0.175,0
76,2746,15,1,0,6,0.831,0
60,21161,18,1,0,10,0.411,0
46,24794,9,1,0,10,0.653,0
154,1588,11,1,0,8,0.059,0
25,4174,14,1,0,10,0.165,0
176,16931,7,1,0,10,0.129,0
83,5816,13,1,0,10,0.163,0
10,1598,8,1,1,0,0.065,0
69,5655,20,1,1,10,0.131,0
188,11438,6,2,0,10,0.237,0
83,6452,14,1,0,0,0.29,0
14,34975,10,5,0,10,1.332,1
107,1197,14,1,0,10,0.202,0
144,1472,6,1,0,1,0.019,0
153,8363,8,5,0,10,0.673,1
65,16623,13,1,0,10,0.108,0
59,8865,4,1,0,10,0.773,1
157,611,13,1,0,9,0.593,0
190,14034,12,1,0,5,0.064,0
82,13089,14,1,0,1,0.127,0
166,54370,11,1,1,10,2.625,1
46,20365,18,1,0,7,0.358,0
44,17676,12,1,0,10,0.178,0
70,2167,11,1,0,10,0.445,0
66,7584,15,1,0,10,0.517,0
195,5184,10,1,0,10,0.037,0
64,1901,1,1,0,10,0.267,1
8,1823,17,1,0,8,0.215,0
24,5699,19,1,1,10,2.799,1
193,2449,10,1,0,10,0.633,0
180,1389,16,1,0,9,0.074,0
181,397,12,1,0,10,0.735,0
74,2484,19,1,0,10,0.656,0
193,406,8,1,0,10,0.729,0
63,5029,20,1,0,10,0.006,0
141,3646,15,1,0,4,0.271,0
10,1268,18,2,0,10,0.155,0
104,2266,14,1,0,10,0.511,0
13,15166,17,1,0,10,0.011,0
36,2889,12,1,0,10,0.422,0
74,2153,10,1,0,10,0.435,0
197,4738,13,1,1,9,0.052,0
146,6992,6,1,1,10,0.398,0
195,2888,8,1,0,1,0.422,0
118,22582,14,1,1,10,0.505,0
43,5250,12,1,0,10,0.05,0
194,18417,22,1,0,10,0.228,0
108,14439,6,1,0,10,0.037,0
194,10895,16,1,0,10,0.274,0
198,14851,13,1,0,0,0.01,0
24,1386,13,1,0,10,0.076,0
56,5142,15,1,0,10,0.028,0
177,1844,8,1,0,6,0.229,0
92,4594,19,1,0,10,0.081,0
174,1385,15,1,0,10,0.077,0
78,4075,12,1,0,10,0.185,0
104,1349,13,1,1,0,0.101,0
9,2094,13,2,0,0,0.396,0
36,4217,13,1,0,10,0.157,0
109,17193,13,1,0,9,0.146,0
67,11376,17,2,0,10,0.242,0
115,5092,10,1,0,10,0.018,0
173,4464,7,1,0,6,0.107,0
41,6634,14,1,0,10,0.327,0
165,8616,12,1,0,10,0.426,0
38,3243,16,1,0,10,0.351,0
68,16670,17,1,0,7,0.111,0
186,6406,16,2,1,3,0.281,0
21,1775,15,2,1,10,0.183,0
148,1728,15,1,0,10,0.152,0
118,15543,10,1,1,10,0.036,0
40,4530,12,1,0,10,0.094,0
16,5665,15,1,0,10,0.133,0
31,16592,14,1,0,7,0.106,0
8,1767,17,1,0,10,0.178,0
69,3990,16,1,0,10,0.202,0
172,1999,6,1,0,10,0.333,0
169,4293,11,1,0,10,0.141,0
40,3613,7,1,0,10,0.277,0
73,1960,17,1,0,10,0.307,0
192,4545,13,1,0,7,0.091,0
119,2073,17,1,0,10,0.382,0
119,1390,12,1,0,10,0.073,0
134,17174,10,1,0,10,0.145,0
125,1493,14,1,0,10,0.005,0
169,7630,15,1,1,10,0.526,0
74,1006,14,1,0,10,0.329,0
116,18007,18,1,0,0,0.2,0
154,1515,21,1,0,10,0.01,0
65,15141,21,1,0,0,0.009,0
62,4532,12,1,0,10,0.094,0
29,3827,17,1,0,10,0.235,0
19,5547,18,1,0,10,0.109,0
189,6913,9,1,0,10,0.383,0
14,19597,18,1,1,10,0.306,0
123,1820,16,1,0,10,0.213,0
75,3612,18,1,1,10,0.278,0
117,4836,18,1,0,7,0.033,1
194,11167,14,1,1,10,0.256,0
73,1812,14,1,0,10,0.208,0
34,1371,13,1,0,10,0.086,0
91,337,11,1,0,10,0.775,0
37,1370,22,1,0,10,0.087,0
44,21007,22,1,0,10,0.4,0
28,11524,11,2,0,10,0.232,0
129,1534,10,1,1,9,0.023,0
164,6710,7,1,0,10,0.342,0
142,1440,16,1,0,10,0.04,0
2,5347,12,1,0,10,0.069,0
159,5109,17,1,0,2,0.022,0
52,403,20,1,0,10,0.731,0
40,16685,14,1,1,10,2.337,1
67,6843,9,1,0,2,0.544,0
69,6839,17,1,0,10,0.368,0
10,1894,14,1,0,10,0.263,0
74,1540,18,1,0,10,0.027,0
80,823,10,1,0,10,0.451,0
10,555,19,1,0,10,0.63,0
184,18440,19,1,0,10,0.229,0
7,13796,6,1,0,10,0.08,0
158,3031,20,2,0,10,0.394,0
70,607,11,1,0,10,0.595,0
46,8793,14,1,0,10,0.414,0
6,13793,8,1,0,10,0.08,0
63,3398,9,1,0,6,0.32,0
113,24158,19,3,0,10,0.611,1
68,18823,20,1,1,10,0.255,0
25,6117,6,1,0,10,0.223,0
175,5087,13,1,0,7,0.017,0
16,5738,14,1,0,1,0.148,0
23,2135,19,1,0,10,0.423,0
113,18083,14,1,0,10,0.206,0
116,9399,17,1,0,10,0.373,0
18,1443,10,1,0,10,0.038,0
12,12581,22,1,0,10,0.161,0
167,12964,15,1,0,7,0.136,0
187,32499,14,5,0,10,1.167,1
18,1063,17,1,0,10,0.291,0
185,13889,11,1,0,10,0.074,0
178,2902,3,1,0,10,0.935,1
63,3207,7,1,0,10,0.359,0
16,3243,10,1,0,10,0.351,0
56,2289,7,1,0,10,0.542,0
184,16791,12,1,0,10,0.119,0
110,17234,20,1,1,10,2.447,1
190,10897,10,1,1,10,0.274,0
196,499,12,1,0,10,0.667,0
78,19989,4,3,1,10,2.998,1
56,5137,17,1,0,10,0.027,0
78,8080,12,1,0,10,0.616,0
126,11004,8,1,0,10,0.266,0
32,4628,9,1,0,10,0.074,0
168,520,12,1,0,10,0.653,0
38,5134,6,1,0,10,0.027,0
159,4268,15,1,0,10,0.146,0
190,17675,8,1,0,10,0.178,0
8,2399,10,1,0,6,0.599,0
48,2549,2,1,0,10,0.699,1
69,4024,13,1,0,2,0.195,0
73,1256,16,1,0,3,0.163,0
80,1225,21,1,0,10,0.183,0
43,4252,15,1,0,10,0.15,0
111,17024,21,1,0,10,0.135,0
108,9815,10,1,0,5,0.346,0
150,5151,8,1,0,10,0.03,0
41,2771,18,1,0,2,0.446,0
32,5189,10,1,1,10,0.038,0
128,2792,8,5,0,7,0.861,1
137,1678,13,1,0,0,0.119,0
103,11597,16,1,0,10,0.227,0
126,17609,11,1,0,9,0.174,0
61,4458,11,1,0,10,0.108,0
109,15064,13,1,0,10,0.004,0
98,9695,12,1,0,6,0.354,0
57,1484,6,2,0,10,0.011,0
51,12448,14,1,0,10,0.17,0
20,5113,14,2,0,10,0.023,0
182,1627,12,1,0,7,0.085,1
35,19678,18,1,0,10,0.312,0
168,1180,15,1,0,10,0.213,0
116,12770,14,1,0,10,0.149,0
3,1275,19,1,0,8,0.15,0
72,1557,13,1,0,10,0.038,0
194,19331,8,1,0,10,0.289,0
123,1121,14,1,0,10,0.253,0
1,1767,9,1,0,10,0.178,0
58,15955,18,1,0,3,0.064,0
139,2250,9,1,1,10,0.55,0
112,1972,9,1,1,10,0.315,0
158,4152,11,1,0,10,0.17,0
177,1843,9,1,0,10,0.229,0
11,15075,13,1,1,4,0.005,0
48,1048,13,1,1,2,0.301,0
20,4933,18,1,0,10,0.013,0
90,880,13,1,0,6,0.413,0
84,18852,8,1,0,10,0.257,0
166,16951,11,1,0,8,0.13,0
87,5931,13,1,1,2,0.186,0
101,5241,8,1,0,10,0.048,0
11,7274,8,1,1,10,0.515,0
135,5418,11,1,0,3,0.084,0
69,3730,11,1,0,10,0.254,0
82,11671,21,1,0,10,0.222,0
190,10794,15,1,0,10,0.28,0
89,3945,18,1,0,5,0.211,0
157,2585,13,1,0,10,0.723,0
112,905,13,1,0,10,0.397,0
56,6291,20,1,0,10,0.258,0
194,14467,16,1,0,7,0.036,1
23,1752,15,1,0,7,0.168,0
71,6392,16,1,1,5,0.278,0
195,22153,3,4,1,10,3.431,1
19,5598,14,1,0,10,0.12,0
33,1324,6,1,0,3,0.117,0
20,5207,17,1,0,7,0.041,1
149,3073,18,1,0,10,0.385,0
31,11235,12,1,0,6,0.251,0
3,1783,17,2,0,10,0.189,0
196,4948,18,1,1,10,2.299,1
131,14754,20,1,0,10,0.016,0
88,12985,13,1,0,10,0.134,0
100,1440,13,1,0,10,0.04,0
174,1649,11,1,0,10,0.099,0
35,16827,15,1,0,3,0.122,0
9,1337,17,1,1,1,0.109,0
4,16809,16,1,0,10,0.121,0
181,1416,14,1,1,10,0.056,0
194,9764,19,1,0,5,0.349,0
181,1824,18,1,0,7,0.216,1
92,5278,14,1,1,10,0.056,0
56,5609,15,1,0,10,0.122,0
194,16881,12,1,1,10,0.125,0
14,8620,13,1,1,9,0.425,0
82,12074,15,1,0,10,0.195,0
146,7515,12,1,0,10,0.503,0
146,5603,12,1,0,10,0.121,0
117,6431,11,1,0,10,0.286,0
126,20077,23,1,0,10,0.338,1
120,1672,7,1,0,10,0.115,0
55,1390,11,1,0,10,0.073,0
62,4644,10,1,0,0,0.071,0
139,4930,12,1,1,10,0.014,0
144,1668,10,1,0,10,0.112,0
141,2368,10,1,0,10,0.526,0
169,6601,14,1,0,10,0.32,0
41,5003,13,1,0,10,0.001,0
187,11310,12,1,0,2,0.246,0
134,16374,13,1,0,10,0.092,0
97,15276,19,1,0,7,0.018,1
114,1949,18,2,1,10,0.299,0
21,2061,13,2,0,10,0.374,0
124,1859,12,2,0,10,0.239,0
27,17831,14,1,1,10,0.189,0
177,2003,13,2,0,10,0.335,0
115,5276,7,1,0,0,0.055,0
54,1802,10,1,0,10,0.201,0
127,493,15,1,1,10,0.671,0
122,54143,11,1,1,10,2.61,1
192,6675,16,1,0,10,0.335,0
2,6053,10,1,0,10,0.211,0
118,16786,13,1,0,10,0.119,0
12,21459,14,1,0,10,0.431,0
171,10196,10,1,0,10,0.32,0
17,4418,11,1,0,2,0.116,0
0,17853,19,1,0,10,0.19,0
174,1423,14,1,0,10,0.051,0
182,939,7,1,0,10,0.374,0
127,1605,19,1,1,9,0.07,0
25,2461,15,1,0,10,0.508,0
190,15312,10,1,0,10,0.021,0
28,15086,10,2,0,10,0.006,0
29,6794,10,1,0,10,0.359,0
199,1173,17,1,0,3,0.218,0
53,5502,21,1,1,10,0.1,0
176,12652,17,1,0,10,0.157,0
150,6136,16,1,0,0,0.227,0
55,1594,14,1,0,10,0.063,0
126,17478,16,1,0,10,0.165,0
79,3714,20,1,0,5,0.257,0
136,4829,10,1,0,10,0.034,0
186,16773,8,1,1,10,2.355,1
83,9247,2,1,0,10,0.849,1
84,22430,19,1,0,10,0.495,0
17,2661,11,1,0,10,0.468,0
19,4947,10,1,0,10,0.011,0
9,2186,13,1,0,10,0.457,0
102,1733,15,1,0,10,0.155,0
160,7053,12,1,0,10,0.411,0
186,17616,18,1,1,10,2.523,1
7,9995,10,1,0,10,0.334,0
99,3229,13,1,0,10,0.354,0
135,3445,15,1,0,10,0.311,0
5,9044,11,1,0,10,0.397,0
143,19393,13,1,0,10,0.293,0
24,1041,9,1,0,7,0.306,0
83,4984,14,1,1,10,0.003,0
18,5312,12,1,1,10,2.541,1
192,7554,17,1,0,10,0.511,0
41,1964,17,1,0,10,0.607,0
194,15012,14,1,0,3,0.001,0
56,5060,14,1,0,1,0.012,0
21,992,11,1,0,10,0.339,0
158,2579,8,1,0,2,0.484,0
2,5271,16,1,0,10,0.054,0
100,885,6,1,0,10,0.41,0
133,1609,11,1,1,10,0.073,0
48,1504,13,1,0,10,0.003,0
17,3151,11,1,0,10,0.37,0
77,6102,10,2,0,10,0.22,0
174,1525,16,1,0,3,0.017,0
199,1169,17,1,0,10,0.221,0
38,4307,11,2,0,10,0.139,0
74,1309,22,1,0,10,0.127,0
75,3926,13,1,0,8,0.215,0
130,2053,12,1,0,10,0.369,0
110,5347,12,1,0,10,0.069,0
192,6713,12,1,0,10,0.343,0
174,911,9,1,1,10,0.393,0
35,5294,19,1,0,10,0.647,0
58,22282,9,1,1,10,0.485,0
139,20946,5,2,1,10,3.189,1
44,18811,13,1,0,3,0.254,0
199,1118,12,1,0,10,0.255,0
153,5069,9,1,0,8,0.014,0
83,16768,18,1,1,10,2.354,1
29,4535,19,1,0,10,0.093,0
103,19006,12,1,0,10,0.267,0
18,2147,19,2,1,10,0.431,0
179,1785,10,1,1,10,0.19,0
175,6790,14,2,0,10,0.358,0
197,6110,14,1,0,10,0.222,0
148,1331,18,1,0,10,0.113,0
198,15727,12,1,0,10,0.048,0
96,1362,18,1,0,10,0.092,0
89,5437,13,1,0,10,0.087,0
113,12796,13,1,0,10,0.147,0
29,6250,11,1,0,10,0.25,0
123,856,10,1,0,10,0.429,0
154,1214,18,1,0,10,0.191,0
19,12706,11,5,0,10,1.541,1
49,5825,8,1,0,10,0.165,0
53,5367,11,1,0,7,0.073,1
126,15064,15,1,0,7,0.004,1
134,20384,8,1,0,10,0.359,0
49,4736,20,1,0,7,0.053,1
0,14087,15,1,0,10,0.061,0
88,13093,8,1,0,10,0.127,0
188,17397,11,1,0,10,0.16,0
25,3590,15,1,0,2,0.282,0
20,3356,10,1,0,10,0.329,0
66,3242,18,1,0,10,0.352,0
158,4757,8,1,0,10,0.049,0
143,13068,10,1,0,10,0.129,0
3,1321,11,2,0,10,0.119,0
51,12911,14,1,0,10,0.139,0
157,1525,7,1,0,10,0.017,0
49,4131,16,1,0,7,0.174,1
61,9079,0,1,0,10,0.816,1
187,16582,6,1,0,10,0.105,0
58,17786,14,1,0,10,0.186,0
113,16307,14,1,0,10,0.087,0
188,11750,11,1,1,10,0.217,0
17,4247,10,1,1,0,0.151,0
38,3502,20,1,0,0,0.3,0
27,17583,10,1,0,10,0.172,0
178,1542,13,1,0,10,0.028,0
82,17212,17,1,0,10,0.147,0
37,1934,12,1,0,10,0.289,0
123,734,9,1,0,10,0.511,0
113,11359,17,1,0,10,0.243,0
39,6245,10,1,0,10,0.249,0
108,13870,10,1,1,10,0.075,0
148,1905,13,1,0,2,0.27,0
96,762,13,1,0,10,0.492,0
94,1090,9,1,1,10,0.273,0
144,5666,2,3,1,10,2.777,1
75,5314,15,1,0,10,0.063,0
9,174,16,1,0,10,0.884,0
187,9815,18,1,0,10,0.346,0
126,13366,15,1,0,10,0.109,0
68,16727,6,1,0,10,0.115,0
110,4248,8,1,0,10,0.15,0
124,823,9,1,0,4,0.451,0
75,17410,9,1,1,7,2.482,1
35,14077,19,1,0,10,0.062,0
103,17032,11,1,0,10,0.135,0
94,1233,9,1,0,10,0.178,0
166,20745,18,1,0,10,0.383,0
188,9258,17,1,0,10,0.383,0
34,1717,11,2,0,10,0.145,0
31,21298,6,1,0,10,0.42,0
130,2407,19,1,0,10,0.605,0
159,4082,14,1,1,10,0.184,0
154,1127,10,1,0,10,0.249,0
109,29789,11,4,0,7,0.986,1
65,10966,16,1,0,10,0.269,0
100,839,11,1,0,4,0.441,0
5,15384,15,1,0,7,0.026,1
37,1720,14,1,0,10,0.147,0
13,19202,0,1,0,7,0.28,1
116,18594,11,2,0,10,0.24,0
117,6419,12,1,0,10,0.284,0
29,10032,13,4,0,10,1.006,1
83,5501,17,1,1,10,0.1,0
189,6681,12,1,0,10,0.336,0
131,11115,19,1,1,10,0.259,0
187,15791,20,1,1,1,0.053,0
151,6090,14,1,1,10,0.218,0
53,5430,8,1,0,10,0.086,0
131,55406,19,1,1,10,2.694,1
59,6988,12,1,0,10,0.398,0
35,13366,11,1,1,10,0.109,0
41,6570,12,1,0,10,0.314,0
32,100,14,1,0,10,0.98,0
58,18486,11,1,0,10,0.232,0
160,4844,19,1,0,10,0.031,0
174,2193,14,1,1,10,0.462,0
53,5750,12,1,0,10,0.15,0
28,16440,11,1,0,10,0.096,0
13,16564,20,1,0,10,0.104,0
104,4025,18,3,0,7,1.683,1
46,9715,16,1,0,10,0.352,0
182,1186,14,1,0,10,0.209,0
36,5402,14,1,0,3,0.08,0
157,1867,16,1,0,10,0.245,0
6,21422,13,1,0,10,0.428,0
84,13427,7,1,0,10,0.105,0
124,2067,10,1,0,10,0.378,0
140,6339,12,1,0,10,0.268,0
67,12920,20,1,0,10,0.139,0
38,5860,10,1,0,10,0.172,0
169,5609,17,2,0,10,0.122,0
142,5223,16,1,1,10,2.482,1
15,5542,8,1,0,10,0.108,0
192,5312,12,1,0,7,0.062,1
85,2052,15,1,0,10,0.368,0
2,5666,12,1,0,10,0.133,0
101,6526,13,1,0,10,0.305,0
118,16894,9,1,0,0,0.126,0
77,5993,14,1,0,1,0.199,0
176,54450,9,1,1,10,2.63,1
16,7281,18,1,0,4,0.456,0
187,9440,12,1,0,10,0.371,0
29,5347,13,1,0,10,0.069,0
97,14014,20,1,0,10,0.066,0
74,4023,15,3,0,7,1.682,1
182,2227,16,1,0,10,0.485,0
63,1756,10,1,0,10,0.649,0
43,4957,6,1,0,10,0.009,0
114,861,16,1,0,9,0.426,0
131,15108,17,1,0,10,0.007,0
104,1227,18,1,0,10,0.182,0
122,15583,18,1,0,10,0.039,0
190,20504,4,1,0,10,0.367,1
151,2883,14,1,0,10,0.423,0
105,3558,8,1,0,10,0.288,0
34,1898,18,1,0,10,0.265,0
135,3325,14,1,1,10,0.335,0
91,2013,11,1,0,10,0.342,0
7,18004,16,1,0,10,0.2,0
165,14930,7,1,0,10,0.005,0
154,1607,14,1,0,10,0.071,0
73,1141,15,1,0,10,0.239,0
150,2391,9,1,0,10,0.522,0
99,6355,15,1,0,0,0.271,0
80,1521,16,1,0,10,0.014,0
60,11386,15,1,0,10,0.241,0
126,10435,16,1,0,3,0.304,0
90,2395,13,1,0,10,0.597,0
35,15974,11,1,0,10,0.065,0
7,58172,0,3,1,10,2.878,1
188,59923,4,4,1,7,2.995,1
175,5620,15,1,0,10,0.124,0
63,17414,11,1,1,10,2.483,1
16,5231,6,1,1,10,0.046,0
65,16923,18,1,0,8,0.128,0
45,1565,12,1,1,7,0.043,0
73,1328,20,1,0,10,0.115,0
161,1261,20,1,0,10,0.159,0
67,11679,20,1,0,10,0.221,0
111,15865,11,1,0,2,0.058,0
129,1258,17,1,0,10,0.161,0
60,31196,10,4,0,7,1.08,1
74,1267,14,1,0,10,0.155,0
79,17553,12,1,1,10,2.511,1
96,1194,18,2,0,10,0.204,0
4,20697,10,1,0,5,0.38,0
179,3054,21,1,0,5,1.036,0
159,2184,19,1,1,10,0.563,0
26,3127,16,1,0,10,0.375,0
196,1438,9,1,1,10,0.041,0
118,12279,15,1,0,10,0.181,0
98,15428,7,1,0,10,0.029,0
194,13063,7,1,0,0,0.129,0
44,18017,17,1,0,5,0.201,0
140,4632,18,1,0,10,0.074,0
93,60406,2,2,1,7,3.027,1
60,4874,14,1,0,10,0.675,0
191,5259,11,1,0,10,0.052,0
32,5087,8,1,1,10,0.017,0
107,2043,16,1,0,10,0.362,0
14,16680,10,1,1,7,0.112,0
133,5500,17,1,1,7,2.667,1
13,17132,16,2,0,10,0.142,0
199,1328,13,1,0,10,0.115,0
5,15776,15,1,0,4,0.052,0
62,5589,22,1,0,4,0.118,0
146,4887,12,1,0,10,0.023,0
191,8375,13,4,0,7,0.675,1
155,19149,15,1,0,10,0.277,0
146,800,18,1,1,10,0.84,0
119,5638,3,3,1,10,2.759,1
83,17294,17,1,1,10,2.459,1
175,2881,10,1,0,0,0.424,0
66,4357,14,1,0,10,0.129,0
45,1045,13,1,0,6,0.303,0
178,1298,11,1,0,8,0.135,0
182,2227,10,1,0,10,0.485,0
121,6497,14,1,0,10,0.299,0
103,7193,10,1,0,10,0.52,0
122,16005,17,1,0,9,0.067,0
96,1201,15,1,0,10,0.199,0
138,749,12,1,0,10,0.501,0
198,9738,15,1,0,10,0.351,0
21,1909,10,1,0,10,0.273,0
167,11311,17,1,0,2,0.246,0
166,15979,12,1,0,10,0.065,0
183,2659,4,1,0,10,0.773,1
19,5132,16,1,0,7,0.026,1
188,17114,13,1,0,10,0.141,0
19,3019,12,1,0,10,0.396,0
163,2941,11,1,0,7,0.412,0
95,5323,17,1,0,9,0.065,0
186,1575,14,1,0,10,0.685,0
111,10368,16,2,0,10,0.309,0
48,1456,14,1,0,10,0.029,0
191,5603,13,1,0,10,0.121,0
129,1717,14,1,0,10,0.145,0
23,5860,3,2,1,10,2.907,1
150,5762,15,1,0,10,0.152,0
106,15381,10,1,0,10,0.025,0
97,13508,16,1,0,8,0.099,0
137,342,14,1,0,10,0.772,0
145,22596,5,3,1,10,3.519,1
154,1729,17,1,0,10,0.153,0
77,4426,13,1,0,10,0.115,0
104,2300,12,1,0,10,0.533,0
144,2297,8,1,0,10,0.531,0
195,5845,14,1,0,10,0.169,0
181,1289,14,1,0,10,0.141,0
25,2951,12,1,1,10,0.41,0
78,6129,13,1,0,10,0.226,0
99,4998,12,1,0,2,0.0,0
162,1594,16,1,0,10,0.063,0
29,6691,17,1,0,10,0.338,0
125,1795,8,1,0,10,0.197,0
152,1793,11,1,0,10,0.195,0
78,7500,23,1,0,10,0.5,1
162,1839,11,1,1,0,0.226,0
76,1534,19,1,0,10,0.023,0
194,18782,12,1,0,10,0.252,0
112,2117,11,1,0,10,0.411,0
66,5474,12,1,1,10,0.095,0
191,6689,21,1,0,1,0.338,0
149,4520,8,1,0,10,0.096,0
23,937,15,1,0,4,0.375,0
195,19582,4,4,1,10,2.916,1
88,15889,16,1,0,10,0.059,0
196,1154,7,1,0,10,0.231,0
26,4285,18,1,0,10,0.143,0
57,2045,15,1,0,6,0.363,0
27,12427,10,1,0,10,0.172,0
53,5729,13,1,1,1,0.146,0
127,3020,11,1,0,10,1.013,0
128,1568,18,1,1,10,0.045,0
188,8388,11,2,0,10,0.441,0
112,2665,14,5,0,10,0.777,1
42,1596,12,1,0,10,0.064,0
76,1531,18,1,1,10,0.021,0
63,7655,13,1,0,10,0.531,0
163,2757,7,1,0,10,0.449,0
39,6290,16,1,0,10,0.258,0
156,1157,13,1,0,10,0.229,0
173,3936,12,1,0,10,0.213,0
45,904,10,1,0,10,0.397,0
158,5756,15,1,0,10,0.151,0
145,5768,11,1,0,10,0.154,0
118,13697,14,1,0,6,0.087,0
18,1230,11,1,0,9,0.18,0
144,1393,12,1,0,9,0.071,0
27,7926,14,1,0,4,0.472,0
112,2588,12,1,0,10,0.725,0
27,55921,16,1,1,10,2.728,1
182,814,15,1,0,10,0.457,0
51,10272,10,1,0,10,0.315,0
80,1699,17,1,0,10,0.133,0
37,1689,21,1,0,10,0.126,0
199,1800,17,1,1,10,0.2,0
43,4875,7,1,1,10,0.025,0
119,1395,11,1,0,1,0.07,0
181,1314,6,1,1,10,0.124,0
163,2735,11,1,0,10,0.453,0
166,10546,17,2,0,10,0.297,0
174,1494,12,1,0,10,0.004,0
105,4548,14,2,0,10,0.09,0
6,9893,11,1,0,10,0.34,0
92,5928,11,1,0,10,0.186,0
78,3501,15,1,0,10,0.3,0
35,22269,18,1,0,10,0.485,0
74,2405,17,1,0,10,0.603,0
147,821,15,1,0,4,0.453,0
174,5198,18,1,1,10,2.465,1
196,2097,15,1,0,10,0.398,0
95,2379,15,1,0,10,0.524,0
135,4916,13,1,0,10,0.017,0
154,2101,8,1,0,10,0.401,0
195,6138,19,1,1,10,0.228,0
61,4199,17,1,0,10,0.16,0
53,5315,18,1,0,10,0.063,0
14,15905,11,1,0,10,0.06,0
156,1736,14,1,1,9,0.157,0
145,6213,10,1,0,10,0.243,0
81,15757,8,1,0,7,0.05,0
87,5501,19,1,0,10,0.1,0
122,62385,1,3,1,7,3.159,1
4,5989,12,1,1,10,0.601,0
182,1244,18,1,0,2,0.171,0
64,1402,14,1,0,10,0.065,0
39,3285,14,1,0,1,0.343,0
148,1369,10,1,0,10,0.087,0
137,1689,15,1,0,10,0.126,0
27,12588,13,1,0,10,0.161,0
105,4547,15,1,0,10,0.091,0
56,8294,14,1,0,10,0.659,0
95,20635,0,2,1,10,3.127,1
121,3246,13,1,0,1,0.351,0
14,20923,15,1,1,10,0.395,0
165,11007,15,1,0,10,0.266,0
126,17266,21,1,0,10,0.151,0
78,20271,2,4,1,10,3.054,1
20,6658,16,1,0,10,0.332,0
149,4692,6,1,0,10,0.062,0
103,14298,11,1,1,10,0.047,0
73,741,16,1,1,10,0.506,0
75,3185,12,1,0,10,0.363,0
154,1459,18,1,0,10,0.027,0
159,3690,13,2,0,5,0.262,0
46,13426,15,1,0,3,0.105,0
75,10559,16,4,0,10,1.112,1
192,3845,10,1,0,10,0.231,0
18,1863,13,1,0,10,0.242,0
174,1692,20,1,0,10,0.128,0
69,3718,7,1,0,10,0.256,0
160,4029,14,1,0,2,0.194,0
114,2153,14,1,1,0,0.435,0
158,7503,15,1,0,10,0.501,0
38,8239,4,1,0,10,0.648,1
58,14117,6,1,0,10,0.059,0
171,13787,19,1,0,10,0.081,0
120,1301,14,1,1,10,0.133,0
105,6759,10,1,0,6,0.352,0
170,1809,14,1,1,10,0.206,0
143,15895,15,1,0,1,0.06,0
28,17553,10,1,0,2,0.17,0
150,7061,12,1,0,10,0.412,0
117,5096,16,1,0,10,0.019,0
99,4600,15,1,0,10,0.08,0
192,6715,13,1,0,10,0.343,0
6,19228,12,1,0,0,0.282,0
94,1402,17,1,0,10,0.065,0
97,12822,15,1,0,10,0.145,0
158,5915,16,1,0,0,0.183,0
23,1267,8,1,1,10,0.155,0
126,13451,14,1,1,10,0.103,0
19,22618,3,3,1,10,3.524,1
168,1017,13,1,0,10,0.322,0
103,10957,10,1,1,10,0.27,0
3,840,14,1,0,10,0.44,0
138,1659,10,1,0,9,0.106,0
173,4056,16,1,0,10,0.189,0
101,5682,12,1,0,10,0.136,0
149,3166,15,1,0,10,0.367,0
81,9968,18,1,0,9,0.335,0
163,7996,19,3,0,7,0.599,1
77,6316,20,1,0,5,0.263,0
186,12566,10,3,0,10,1.513,1
42,100,6,1,0,9,0.933,0
50,4815,18,1,0,7,0.037,1
186,5509,16,1,0,10,0.102,0
179,1488,15,1,0,8,0.008,0
179,5050,13,1,1,10,2.367,1
80,1516,12,1,0,10,0.011,0
68,17366,10,1,0,10,0.158,0
125,1368,15,1,0,10,0.088,0
18,1342,14,1,0,10,0.105,0
100,1900,11,1,0,10,0.267,0
1,1421,16,1,0,9,0.053,0
101,5240,10,1,0,10,0.048,0
103,16441,10,1,0,10,0.096,0
32,4508,11,1,0,1,0.098,0
23,887,12,1,0,10,0.409,0
30,15975,14,2,0,10,0.065,0
148,2127,9,1,0,10,0.418,0
89,3185,18,1,0,7,0.363,0
31,20454,13,1,0,10,0.364,0
0,16901,14,1,0,10,0.127,0
91,1709,21,1,0,7,0.139,0
168,1469,11,1,1,10,0.021,0
164,4007,16,1,1,10,0.199,0
132,2237,15,1,0,0,0.491,0
165,17516,9,1,1,10,0.168,0
37,1050,8,1,0,10,0.3,0
166,22021,22,1,1,2,0.468,0
118,12011,13,1,0,2,0.199,0
117,5267,8,2,0,10,0.053,0
22,6074,16,1,0,7,0.215,0
146,3584,16,1,1,10,0.283,0
41,6267,6,1,0,10,0.253,0
118,19714,13,1,1,9,0.314,0
191,5555,20,1,1,10,0.111,0
38,5378,11,1,0,10,0.076,0
53,4078,6,1,0,10,0.184,0
37,1911,10,1,0,10,0.274,0
141,5983,6,1,0,10,0.197,0
36,727,17,1,0,1,0.855,0
122,9377,12,1,0,6,0.375,0
18,1473,11,1,1,10,0.018,0
